game_id,play_id,epa,predicted_epa
2021_01_DAL_TB,97,-1.7385291,0.112901956
2021_01_DAL_TB,137,2.0649807,-0.18545067
2021_01_DAL_TB,187,0.34062326,0.022198817
2021_01_DAL_TB,282,-0.53942233,0.33953968
2021_01_DAL_TB,349,-1.450457,0.29610464
2021_01_DAL_TB,410,0.88136375,0.337168
2021_01_DAL_TB,434,-0.5746806,0.45113933
2021_01_DAL_TB,456,1.9415314,0.17373292
2021_01_DAL_TB,480,1.7224995,0.0986659
2021_01_DAL_TB,509,0.9948238,0.10691484
2021_01_DAL_TB,559,1.0722455,0.13756809
2021_01_DAL_TB,583,1.0726157,0.01065733
2021_01_DAL_TB,687,0.67286783,-0.2057614
2021_01_DAL_TB,735,0.7185015,-0.2729092
2021_01_DAL_TB,764,0.3949817,-0.027660092
2021_01_DAL_TB,869,2.1981509,0.49036366
2021_01_DAL_TB,947,-1.7931962,-0.42043298
2021_01_DAL_TB,1078,0.05749924,0.1334086
2021_01_DAL_TB,1203,-0.076662086,0.43542796
2021_01_DAL_TB,1227,2.269545,0.30038542
2021_01_DAL_TB,1267,1.0075845,0.154136
2021_01_DAL_TB,1312,1.1180612,0.48663905
2021_01_DAL_TB,1368,1.2746913,0.16820592
2021_01_DAL_TB,1425,0.318234,-0.2875978
2021_01_DAL_TB,1563,-0.096044324,-0.3199977
2021_01_DAL_TB,1587,-1.4953257,0.32114983
2021_01_DAL_TB,1687,-0.7288506,0.35934713
2021_01_DAL_TB,1726,1.8106024,0.52266735
2021_01_DAL_TB,1776,1.7290334,0.49705535
2021_01_DAL_TB,1918,-0.69309354,0.5496585
2021_01_DAL_TB,1940,-0.72344124,0.1374619
2021_01_DAL_TB,2008,0.65461886,0.35700664
2021_01_DAL_TB,2032,4.5216,-0.22189225
2021_01_DAL_TB,2088,0.4410549,0.15754358
2021_01_DAL_TB,2169,0.5211399,0.27307972
2021_01_DAL_TB,2211,-0.3950352,0.56783307
2021_01_DAL_TB,2233,1.2208595,0.4800898
2021_01_DAL_TB,2257,-0.36283284,0.09215329
2021_01_DAL_TB,2397,-0.2784381,0.1773268
2021_01_DAL_TB,2419,-0.115171745,0.23617072
2021_01_DAL_TB,2441,-0.33335862,0.31740108
2021_01_DAL_TB,2530,-0.0131111145,0.21602742
2021_01_DAL_TB,2554,2.2908554,0.3324969
2021_01_DAL_TB,2632,1.9450284,0.40545753
2021_01_DAL_TB,2656,-0.5171368,0.2053764
2021_01_DAL_TB,2735,0.41549364,0.4447481
2021_01_DAL_TB,2780,-0.288039,-0.35703623
2021_01_DAL_TB,2871,-0.5466632,0.5144262
2021_01_DAL_TB,2893,-0.8020083,0.26527187
2021_01_DAL_TB,2915,-1.4158745,0.08850637
2021_01_DAL_TB,3014,-4.751581,0.360224
2021_01_DAL_TB,3062,1.269394,0.39593104
2021_01_DAL_TB,3110,-0.5930362,0.6033257
2021_01_DAL_TB,3134,2.840373,-0.08382866
2021_01_DAL_TB,3216,0.44070667,0.27626872
2021_01_DAL_TB,3261,0.6085963,0.1368356
2021_01_DAL_TB,3306,0.75062656,0.035114907
2021_01_DAL_TB,3330,0.90369785,0.16365606
2021_01_DAL_TB,3406,3.2857282,0.45953998
2021_01_DAL_TB,3462,0.53435576,0.2635901
2021_01_DAL_TB,3588,0.9522233,0.18818505
2021_01_DAL_TB,3633,-0.83876836,0.32291764
2021_01_DAL_TB,3655,-1.6257856,-0.19498982
2021_01_DAL_TB,3724,-0.6315504,0.39448237
2021_01_DAL_TB,3746,-1.0782945,0.15062587
2021_01_DAL_TB,3793,0.27768144,0.23981571
2021_01_DAL_TB,3862,0.43827742,-0.08610019
2021_01_DAL_TB,3909,0.5751785,-0.022944339
2021_01_DAL_TB,3933,0.9013162,0.35942054
2021_01_DAL_TB,3962,-0.29993194,0.26193532
2021_01_DAL_TB,4094,-0.16729563,0.32605505
2021_01_DAL_TB,4141,0.7240742,-0.19254385
2021_01_DAL_TB,4189,-0.4135145,0.015216826
2021_01_DAL_TB,4246,0.10220984,-0.072603665
2021_01_DAL_TB,4287,2.6076574,0.29016984
2021_01_DAL_TB,4428,0.23568666,0.25675228
2021_01_DAL_TB,4538,-0.32625473,-0.020042975
2021_01_DAL_TB,4560,0.56418866,-0.09467969
2021_01_DAL_TB,4624,0.029985597,0.041451376
2021_01_DAL_TB,4653,1.176045,0.06505228
2021_01_DAL_TB,4677,-0.34293213,0.13813117
2021_01_DAL_TB,4699,1.7875652,0.052593227
2021_01_DAL_TB,4728,-0.2600561,-0.12474523
2021_01_DAL_TB,4750,-0.35520902,-0.047145005
2021_01_DAL_TB,4772,0.08943084,-0.3182128
2021_01_PHI_ATL,56,0.9463672,0.32613224
2021_01_PHI_ATL,122,-0.5703924,-0.103992485
2021_01_PHI_ATL,146,1.9250491,-0.016761884
2021_01_PHI_ATL,176,-0.43755025,-0.11167203
2021_01_PHI_ATL,231,1.7705214,0.41972965
2021_01_PHI_ATL,303,0.873972,0.4339196
2021_01_PHI_ATL,348,-0.9497627,0.44816962
2021_01_PHI_ATL,370,-1.9972368,0.23781642
2021_01_PHI_ATL,605,2.8811073,0.39370635
2021_01_PHI_ATL,705,-0.41959786,-0.08388254
2021_01_PHI_ATL,750,0.26655,0.19917428
2021_01_PHI_ATL,821,-0.68787795,0.059159074
2021_01_PHI_ATL,864,1.4631697,0.4886084
2021_01_PHI_ATL,1023,-0.44704935,0.07530681
2021_01_PHI_ATL,1085,-1.1918806,-0.19059695
2021_01_PHI_ATL,1153,0.8160188,0.2690438
2021_01_PHI_ATL,1182,1.7588085,0.16227837
2021_01_PHI_ATL,1206,-0.54957974,0.2761536
2021_01_PHI_ATL,1249,-1.4352583,0.05778398
2021_01_PHI_ATL,1326,0.06759824,0.24181098
2021_01_PHI_ATL,1459,-2.1677346,-0.042486086
2021_01_PHI_ATL,1494,-0.65777284,0.35288316
2021_01_PHI_ATL,1558,0.6609204,0.17883503
2021_01_PHI_ATL,1582,-0.08099239,0.007079026
2021_01_PHI_ATL,1606,1.4576269,0.24138477
2021_01_PHI_ATL,1630,-0.13791561,0.06435222
2021_01_PHI_ATL,1732,-0.77562296,-0.11443783
2021_01_PHI_ATL,1792,-0.8849946,-1.0756159
2021_01_PHI_ATL,1991,0.7788173,0.011994297
2021_01_PHI_ATL,2020,-0.34957772,-0.08662032
2021_01_PHI_ATL,2121,0.31473637,0.23511797
2021_01_PHI_ATL,2275,0.52083,0.15939833
2021_01_PHI_ATL,2321,1.4878396,0.096777774
2021_01_PHI_ATL,2399,3.5366642,0.65116304
2021_01_PHI_ATL,2675,-0.021521278,0.37019202
2021_01_PHI_ATL,2720,-1.468596,0.29757538
2021_01_PHI_ATL,2767,-0.7966751,0.3030758
2021_01_PHI_ATL,2906,0.111073226,0.39304745
2021_01_PHI_ATL,2935,-1.4123073,0.29559907
2021_01_PHI_ATL,3045,1.7084259,0.045502134
2021_01_PHI_ATL,3145,-0.67678005,0.054158736
2021_01_PHI_ATL,3416,0.73315334,-0.23868816
2021_01_PHI_ATL,3480,-0.9160924,0.18151903
2021_01_PHI_ATL,3502,-1.3359866,-0.2557199
2021_01_PHI_ATL,3599,2.5394673,0.24181496
2021_01_PHI_ATL,3659,0.7552962,0.34616464
2021_01_PHI_ATL,3728,0.2181797,0.07420548
2021_01_PHI_ATL,3752,0.69780433,0.069448136
2021_01_PHI_ATL,3776,-0.6002091,0.23377793
2021_01_PHI_ATL,3798,-0.73409045,-0.13872275
2021_01_PHI_ATL,3820,-0.6133544,0.05206296
2021_01_PHI_ATL,3928,-1.2237765,0.3630547
2021_01_PHI_ATL,3988,0.21665461,0.301579
2021_01_PHI_ATL,4017,0.6791094,0.31303966
2021_01_PHI_ATL,4041,-1.6918797,0.102593474
2021_01_PHI_ATL,4274,0.013549659,-0.27274814
2021_01_PHI_ATL,4317,-1.0601836,-0.3386762
2021_01_PIT_BUF,63,0.2920437,-0.10706878
2021_01_PIT_BUF,111,-1.6379484,0.19249257
2021_01_PIT_BUF,262,-1.7146983,0.21847713
2021_01_PIT_BUF,406,-0.13506638,0.10604454
2021_01_PIT_BUF,430,2.2304573,0.045386583
2021_01_PIT_BUF,454,-0.5393732,0.31137288
2021_01_PIT_BUF,476,1.5532428,0.66636926
2021_01_PIT_BUF,561,-0.98322827,0.33563676
2021_01_PIT_BUF,589,-1.317124,1.1033477
2021_01_PIT_BUF,639,0.33377096,0.17023857
2021_01_PIT_BUF,762,-0.50236064,0.40261912
2021_01_PIT_BUF,856,0.25788993,0.32921273
2021_01_PIT_BUF,901,1.5566587,0.12777007
2021_01_PIT_BUF,997,-1.3735867,0.06254577
2021_01_PIT_BUF,1058,1.5470709,0.10435552
2021_01_PIT_BUF,1087,-0.16937338,-0.11783393
2021_01_PIT_BUF,1148,0.17156476,0.16106446
2021_01_PIT_BUF,1172,-0.73814225,0.63823247
2021_01_PIT_BUF,1234,-0.5880306,0.23615529
2021_01_PIT_BUF,1300,-0.8091775,0.039925724
2021_01_PIT_BUF,1367,-1.008929,0.19332351
2021_01_PIT_BUF,1422,0.64155596,0.085818164
2021_01_PIT_BUF,1486,-1.0832335,0.16431005
2021_01_PIT_BUF,1548,1.0611562,0.34821677
2021_01_PIT_BUF,1605,0.30079743,-0.12240356
2021_01_PIT_BUF,1629,-0.035084896,0.15712921
2021_01_PIT_BUF,1653,3.1417177,0.6364757
2021_01_PIT_BUF,1746,0.8742846,0.4743965
2021_01_PIT_BUF,1808,0.7053356,0.3938995
2021_01_PIT_BUF,1870,-0.45743445,0.16501756
2021_01_PIT_BUF,1951,2.6580358,0.50009197
2021_01_PIT_BUF,2209,2.2084036,0.11686233
2021_01_PIT_BUF,2302,-1.4122628,-0.04281617
2021_01_PIT_BUF,2362,0.35788655,0.5012587
2021_01_PIT_BUF,2392,-0.77955616,0.46025133
2021_01_PIT_BUF,2414,1.4102343,0.5613609
2021_01_PIT_BUF,2438,0.8376592,0.56345624
2021_01_PIT_BUF,2483,-0.49639007,0.36826408
2021_01_PIT_BUF,2547,-0.54583836,0.42126706
2021_01_PIT_BUF,2590,-1.1972605,0.4563702
2021_01_PIT_BUF,2612,-2.9900508,0.8815498
2021_01_PIT_BUF,2634,-0.5267719,0.1268994
2021_01_PIT_BUF,2709,-0.51332814,0.34689167
2021_01_PIT_BUF,2731,2.1257777,0.23513103
2021_01_PIT_BUF,2828,-0.92917544,0.026972229
2021_01_PIT_BUF,2850,-1.1454052,0.46613303
2021_01_PIT_BUF,2912,0.7626125,0.059407607
2021_01_PIT_BUF,2936,-0.5435847,0.28402698
2021_01_PIT_BUF,3004,-0.49632272,0.35309803
2021_01_PIT_BUF,3049,-0.09806992,0.29115286
2021_01_PIT_BUF,3219,1.3266017,0.36672154
2021_01_PIT_BUF,3312,-0.7116648,0.50545716
2021_01_PIT_BUF,3431,0.18671009,0.30415878
2021_01_PIT_BUF,3584,-1.3407865,-0.20035756
2021_01_PIT_BUF,3709,1.8976349,0.3245155
2021_01_PIT_BUF,3799,2.0761547,0.5543187
2021_01_PIT_BUF,3878,-0.43939823,0.2793849
2021_01_PIT_BUF,3967,-0.4381296,0.43361992
2021_01_PIT_BUF,3989,-0.42831433,-0.09611928
2021_01_PIT_BUF,4011,-0.76121205,0.19936271
2021_01_PIT_BUF,4033,2.2665362,-0.069182925
2021_01_PIT_BUF,4074,0.5093748,-0.1742842
2021_01_PIT_BUF,4156,0.32602727,-0.17154332
2021_01_PIT_BUF,4180,1.609325,-0.06161629
2021_01_PIT_BUF,4209,0.19390228,-0.07148222
2021_01_NYJ_CAR,88,0.7986051,0.12734793
2021_01_NYJ_CAR,394,-1.5563674,0.18308426
2021_01_NYJ_CAR,467,-0.75528836,0.23643792
2021_01_NYJ_CAR,489,-1.2545234,0.24083467
2021_01_NYJ_CAR,602,0.7618523,0.12056843
2021_01_NYJ_CAR,664,0.24298912,0.2268983
2021_01_NYJ_CAR,688,-1.3588248,0.16825174
2021_01_NYJ_CAR,815,-0.74832684,0.41892645
2021_01_NYJ_CAR,837,-1.3251963,0.48172858
2021_01_NYJ_CAR,935,-0.7699646,0.35386878
2021_01_NYJ_CAR,957,1.8206099,0.2990131
2021_01_NYJ_CAR,1021,2.0855975,-0.17468025
2021_01_NYJ_CAR,1074,2.0344079,0.3317795
2021_01_NYJ_CAR,1113,-0.4533082,0.5089689
2021_01_NYJ_CAR,1241,2.8684063,0.5168394
2021_01_NYJ_CAR,1297,-0.539794,0.30682534
2021_01_NYJ_CAR,1319,-5.842305,0.2848171
2021_01_NYJ_CAR,1350,0.98308265,0.0025025646
2021_01_NYJ_CAR,1419,-0.9695329,-0.48516047
2021_01_NYJ_CAR,1441,-1.7298348,-0.101094455
2021_01_NYJ_CAR,1497,-0.5806667,0.29435098
2021_01_NYJ_CAR,1519,0.9536542,-0.019485554
2021_01_NYJ_CAR,1543,0.9318578,0.1481124
2021_01_NYJ_CAR,1596,0.8905195,0.3162298
2021_01_NYJ_CAR,1620,-1.6796179,0.10450145
2021_01_NYJ_CAR,1696,4.987289,0.60594493
2021_01_NYJ_CAR,1752,-0.45950738,0.22935066
2021_01_NYJ_CAR,1774,0.43532792,-0.004788464
2021_01_NYJ_CAR,1885,1.2808886,0.06855467
2021_01_NYJ_CAR,1909,-0.26882473,0.21889383
2021_01_NYJ_CAR,1943,0.45373553,0.46519446
2021_01_NYJ_CAR,1967,0.83194584,0.14482427
2021_01_NYJ_CAR,1991,1.9749699,0.11382935
2021_01_NYJ_CAR,2153,-0.6562706,0.8371967
2021_01_NYJ_CAR,2261,-0.85672677,-0.14716858
2021_01_NYJ_CAR,2345,-0.9804201,0.31939095
2021_01_NYJ_CAR,2367,-1.3112242,0.22689888
2021_01_NYJ_CAR,2428,1.7074648,0.47137374
2021_01_NYJ_CAR,2457,-0.542123,0.5105773
2021_01_NYJ_CAR,2481,-0.8265097,0.005119834
2021_01_NYJ_CAR,2503,-1.4568534,0.268154
2021_01_NYJ_CAR,2586,-0.007707901,-0.046040982
2021_01_NYJ_CAR,2662,-0.76150364,0.40747273
2021_01_NYJ_CAR,2684,-1.4273674,0.13354829
2021_01_NYJ_CAR,2797,1.9277917,0.34473848
2021_01_NYJ_CAR,2821,0.3434288,0.047867958
2021_01_NYJ_CAR,2883,1.3705702,-0.11140665
2021_01_NYJ_CAR,2949,2.6902354,0.032256622
2021_01_NYJ_CAR,3075,1.5116377,0.20241497
2021_01_NYJ_CAR,3376,-0.42193052,0.30489218
2021_01_NYJ_CAR,3398,-0.70297116,-0.22066344
2021_01_NYJ_CAR,3490,-0.44819692,-0.5000408
2021_01_NYJ_CAR,3512,-0.45670146,0.4560128
2021_01_NYJ_CAR,3536,-1.8666298,-0.39493683
2021_01_NYJ_CAR,3675,1.2994267,-0.07115107
2021_01_NYJ_CAR,3699,-0.51185226,-0.011840547
2021_01_NYJ_CAR,3723,-0.5043231,-0.22611664
2021_01_NYJ_CAR,3745,-0.9020599,0.44731113
2021_01_NYJ_CAR,3767,3.527396,0.5504181
2021_01_NYJ_CAR,3791,2.494104,0.08197169
2021_01_NYJ_CAR,3843,0.6140977,-0.014744656
2021_01_NYJ_CAR,3889,3.2641506,-0.11322491
2021_01_NYJ_CAR,3914,-0.947,-0.24375443
2021_01_MIN_CIN,125,0.2855076,0.35549122
2021_01_MIN_CIN,149,1.9030808,0.09829267
2021_01_MIN_CIN,258,-0.81738406,0.098798715
2021_01_MIN_CIN,280,-0.4099852,0.055563983
2021_01_MIN_CIN,405,-0.9510899,0.08865408
2021_01_MIN_CIN,533,-1.4223055,0.16931947
2021_01_MIN_CIN,620,-0.66511947,-0.01614669
2021_01_MIN_CIN,672,0.7639846,0.22990364
2021_01_MIN_CIN,845,-1.5932361,0.26297817
2021_01_MIN_CIN,924,-0.5604445,0.54554784
2021_01_MIN_CIN,1041,-0.02598825,0.12379205
2021_01_MIN_CIN,1086,1.0068703,0.39210144
2021_01_MIN_CIN,1258,3.2512865,-0.057536535
2021_01_MIN_CIN,1414,0.80152893,0.30381417
2021_01_MIN_CIN,1485,2.2671623,0.20339115
2021_01_MIN_CIN,1561,1.7036718,0.051032413
2021_01_MIN_CIN,1667,1.3700314,0.21308573
2021_01_MIN_CIN,1723,-0.25325087,0.27302423
2021_01_MIN_CIN,1780,-0.14291437,-0.0045712627
2021_01_MIN_CIN,1809,-0.21062335,0.33683312
2021_01_MIN_CIN,1885,0.45650408,0.112652965
2021_01_MIN_CIN,1909,-0.32803753,0.10841427
2021_01_MIN_CIN,1938,0.7407254,0.24782898
2021_01_MIN_CIN,1967,5.5183516,0.26224348
2021_01_MIN_CIN,2063,0.5153072,0.36307204
2021_01_MIN_CIN,2186,-0.047730856,-0.07189802
2021_01_MIN_CIN,2219,-0.017999029,0.4655037
2021_01_MIN_CIN,2376,0.5131837,-0.096675105
2021_01_MIN_CIN,2400,1.6086477,0.2454274
2021_01_MIN_CIN,2450,-0.7357751,0.3315413
2021_01_MIN_CIN,2472,-0.1992635,0.13989164
2021_01_MIN_CIN,2538,1.3818481,0.30852246
2021_01_MIN_CIN,2685,1.4182427,-0.13320208
2021_01_MIN_CIN,2751,-0.8742385,-0.44937217
2021_01_MIN_CIN,2773,-0.50426614,-0.40445536
2021_01_MIN_CIN,2862,0.8893901,-0.115497604
2021_01_MIN_CIN,2909,-0.45321614,0.14347987
2021_01_MIN_CIN,2952,-1.3112848,0.36086342
2021_01_MIN_CIN,2974,4.6663857,-0.12944919
2021_01_MIN_CIN,3239,-0.783412,0.5583162
2021_01_MIN_CIN,3320,0.74372244,0.26204216
2021_01_MIN_CIN,3366,-1.1137767,0.48629045
2021_01_MIN_CIN,3405,1.8259248,0.21039933
2021_01_MIN_CIN,3429,0.7310882,0.4951245
2021_01_MIN_CIN,3453,2.898245,0.2601395
2021_01_MIN_CIN,3623,-0.5839519,0.08646673
2021_01_MIN_CIN,3740,0.39809626,0.04393243
2021_01_MIN_CIN,3977,0.038607366,0.124800235
2021_01_MIN_CIN,4001,0.9585712,0.12506025
2021_01_MIN_CIN,4025,-0.2757106,0.19880159
2021_01_MIN_CIN,4047,-0.28860438,0.09417879
2021_01_MIN_CIN,4076,-0.45487446,0.07309467
2021_01_MIN_CIN,4100,0.68724793,-0.28130022
2021_01_MIN_CIN,4124,0.3462628,-0.07201951
2021_01_MIN_CIN,4284,0.19572301,0.2036597
2021_01_MIN_CIN,4393,-0.5885615,-0.18916994
2021_01_MIN_CIN,4415,-0.26163897,0.45774022
2021_01_MIN_CIN,4528,-0.7349059,0.36186603
2021_01_MIN_CIN,4629,-0.37346488,-0.022795154
2021_01_MIN_CIN,4682,1.1548018,0.11088858
2021_01_MIN_CIN,4849,3.3800206,0.24472699
2021_01_SF_DET,90,1.223039,0.16177219
2021_01_SF_DET,135,-0.8532147,0.3220727
2021_01_SF_DET,157,-0.28256398,0.04478559
2021_01_SF_DET,282,-0.46607712,0.27638385
2021_01_SF_DET,328,-0.9343826,0.20364054
2021_01_SF_DET,417,1.4683989,-0.034380767
2021_01_SF_DET,487,1.7675697,0.30870393
2021_01_SF_DET,516,1.1528736,0.48548815
2021_01_SF_DET,596,-0.63359606,0.31008673
2021_01_SF_DET,712,0.14936006,0.26659948
2021_01_SF_DET,736,2.3144412,-0.1409814
2021_01_SF_DET,807,-0.83920026,-0.035901584
2021_01_SF_DET,831,1.6179304,-0.4111898
2021_01_SF_DET,895,-0.5026587,0.4270031
2021_01_SF_DET,919,2.6743217,0.3305647
2021_01_SF_DET,1026,2.2350914,0.70993143
2021_01_SF_DET,1054,0.5541302,0.36416823
2021_01_SF_DET,1163,-0.4943431,0.62116516
2021_01_SF_DET,1187,1.4714601,0.20371915
2021_01_SF_DET,1300,0.03475716,0.36304665
2021_01_SF_DET,1365,1.3652267,0.6867231
2021_01_SF_DET,1443,1.3702282,0.4987082
2021_01_SF_DET,1488,1.3891953,0.34113243
2021_01_SF_DET,1579,0.483998,0.08403224
2021_01_SF_DET,1641,-0.8255488,0.08973536
2021_01_SF_DET,1670,-7.5376844,-0.12324797
2021_01_SF_DET,1811,-0.31096607,-0.18426386
2021_01_SF_DET,1916,-0.23019886,0.9337528
2021_01_SF_DET,1938,1.0528587,0.39622784
2021_01_SF_DET,2034,-0.11011963,0.2671065
2021_01_SF_DET,2148,2.3855422,0.71294636
2021_01_SF_DET,2196,1.2722293,0.33636484
2021_01_SF_DET,2263,-2.1096725,0.18574695
2021_01_SF_DET,2345,-0.52171755,-0.08302818
2021_01_SF_DET,2421,-0.87022257,0.15194541
2021_01_SF_DET,2447,-1.8731008,-0.09131759
2021_01_SF_DET,2596,7.7066154,0.20718034
2021_01_SF_DET,2699,-1.7773967,-0.30587083
2021_01_SF_DET,2742,0.6954229,-0.13395478
2021_01_SF_DET,2766,0.083256416,-0.058330033
2021_01_SF_DET,2876,1.7055687,0.5459863
2021_01_SF_DET,3017,-0.48408037,0.14894475
2021_01_SF_DET,3060,-0.8101293,0.48596957
2021_01_SF_DET,3171,-0.9339004,0.1207574
2021_01_SF_DET,3195,2.5040495,-0.24306296
2021_01_SF_DET,3351,1.159093,0.50312805
2021_01_SF_DET,3375,0.04124374,0.12811579
2021_01_SF_DET,3479,-0.7256357,0.092740096
2021_01_SF_DET,3504,-1.2591804,0.04905934
2021_01_SF_DET,3533,-2.8038638,-0.33224154
2021_01_SF_DET,3597,-1.7672098,-0.18310516
2021_01_SF_DET,3638,-0.35909364,-0.32206145
2021_01_SF_DET,3662,1.0733262,0.07198019
2021_01_SF_DET,3691,0.17679137,0.21350136
2021_01_SF_DET,3719,-0.64018023,0.0526394
2021_01_SF_DET,3774,-0.5454743,0.23129615
2021_01_SF_DET,3808,0.10327463,-0.5075511
2021_01_SF_DET,3832,1.0989186,0.24062407
2021_01_SF_DET,3856,-0.32009882,0.22050679
2021_01_SF_DET,3880,0.90999866,0.4428993
2021_01_SF_DET,3908,0.399174,-0.37021276
2021_01_SF_DET,4042,1.053,-0.81459993
2021_01_SF_DET,4082,0.81286424,-0.0835335
2021_01_SF_DET,4106,0.62912077,-0.14683114
2021_01_SF_DET,4164,-0.086559586,0.13248156
2021_01_SF_DET,4199,2.243097,-0.03957588
2021_01_SF_DET,4253,1.053,-0.21785222
2021_01_SF_DET,4401,-2.6809106,-0.16749112
2021_01_SF_DET,4441,-0.34505808,0.20053938
2021_01_SF_DET,4463,1.4520302,0.34594816
2021_01_SF_DET,4492,-0.3120317,0.28994322
2021_01_SF_DET,4514,1.6818825,0.14539605
2021_01_SF_DET,4555,-0.2974458,-0.018924367
2021_01_SF_DET,4607,-0.41187805,-0.11561545
2021_01_SF_DET,4629,-2.4147587,-0.36066157
2021_01_JAX_HOU,78,-0.8727086,0.09563845
2021_01_JAX_HOU,100,-1.668788,-0.040762864
2021_01_JAX_HOU,249,0.16778009,0.5036515
2021_01_JAX_HOU,337,-0.59738684,-0.15035182
2021_01_JAX_HOU,423,0.26156992,0.40088212
2021_01_JAX_HOU,447,1.2724146,0.23796794
2021_01_JAX_HOU,513,4.2800064,0.37957576
2021_01_JAX_HOU,643,2.1458995,0.57989025
2021_01_JAX_HOU,699,0.9645197,0.27258623
2021_01_JAX_HOU,745,-1.029602,0.24579638
2021_01_JAX_HOU,787,0.9404212,0.3075088
2021_01_JAX_HOU,811,1.513579,-0.06161335
2021_01_JAX_HOU,856,-0.8318274,-0.055884633
2021_01_JAX_HOU,878,2.3892155,0.24206688
2021_01_JAX_HOU,1050,-0.8708383,-0.21007937
2021_01_JAX_HOU,1091,3.3902853,0.20411137
2021_01_JAX_HOU,1157,-0.61924005,0.29664525
2021_01_JAX_HOU,1278,2.9497967,0.4502659
2021_01_JAX_HOU,1359,1.6719432,0.3346184
2021_01_JAX_HOU,1404,-0.6495024,-0.17588323
2021_01_JAX_HOU,1426,1.2485794,0.08949148
2021_01_JAX_HOU,1494,0.7562771,0.3886437
2021_01_JAX_HOU,1518,-1.5160474,0.3031509
2021_01_JAX_HOU,1711,-0.22761405,0.16361398
2021_01_JAX_HOU,1739,-4.4698634,0.21600781
2021_01_JAX_HOU,1808,-1.5832912,-0.12209808
2021_01_JAX_HOU,1924,-5.0729284,0.33518803
2021_01_JAX_HOU,2075,-0.6370962,0.33228034
2021_01_JAX_HOU,2183,-0.13557035,0.1264953
2021_01_JAX_HOU,2223,-0.23243715,0.32819194
2021_01_JAX_HOU,2245,-0.4412613,0.40246865
2021_01_JAX_HOU,2297,-0.017276553,0.41898912
2021_01_JAX_HOU,2325,-0.114946075,0.52092904
2021_01_JAX_HOU,2388,3.1991415,0.28098616
2021_01_JAX_HOU,2429,3.430505,0.13359988
2021_01_JAX_HOU,2581,-1.5898668,-0.38231108
2021_01_JAX_HOU,2681,1.4288782,0.1993238
2021_01_JAX_HOU,2795,-0.6039537,0.14339562
2021_01_JAX_HOU,2838,-0.8137063,0.049888916
2021_01_JAX_HOU,2966,-0.25979692,0.41091162
2021_01_JAX_HOU,3053,2.5583792,0.16943659
2021_01_JAX_HOU,3127,-1.2385643,0.15059756
2021_01_JAX_HOU,3151,0.41655838,-0.016934302
2021_01_JAX_HOU,3175,3.0463417,-0.3766352
2021_01_JAX_HOU,3210,3.6425972,0.15030953
2021_01_JAX_HOU,3310,-1.5088711,-0.100360766
2021_01_JAX_HOU,3361,-0.5884128,0.09186458
2021_01_JAX_HOU,3383,0.1274531,0.13254163
2021_01_JAX_HOU,3426,-1.666482,-0.37762597
2021_01_JAX_HOU,3631,-1.32053,0.06600771
2021_01_JAX_HOU,3687,0.79644686,0.13335253
2021_01_JAX_HOU,3711,0.11330048,-0.42708224
2021_01_JAX_HOU,3735,-0.49187237,-0.06096191
2021_01_JAX_HOU,3761,-0.80224425,0.24608111
2021_01_JAX_HOU,3783,-1.3548719,-0.020721253
2021_01_JAX_HOU,3805,3.6042683,-0.5155023
2021_01_JAX_HOU,3886,-5.0175095,0.5260255
2021_01_JAX_HOU,4100,-0.47698212,0.07645162
2021_01_JAX_HOU,4141,-0.6238709,-0.25776666
2021_01_JAX_HOU,4420,1.2168247,0.3441168
2021_01_JAX_HOU,4489,0.90124613,0.10238864
2021_01_JAX_HOU,4513,-0.47783273,0.21793443
2021_01_JAX_HOU,4535,0.40967226,-0.26109588
2021_01_JAX_HOU,4580,1.5006206,0.07951564
2021_01_JAX_HOU,4604,-0.67675614,0.11891156
2021_01_JAX_HOU,4649,1.6563317,-0.43815798
2021_01_JAX_HOU,4673,-0.5460128,-0.5522805
2021_01_JAX_HOU,4695,3.0704525,-0.26532632
2021_01_SEA_IND,76,-0.79373735,0.22413345
2021_01_SEA_IND,128,1.6208782,-0.08745356
2021_01_SEA_IND,152,0.20776619,-0.088221155
2021_01_SEA_IND,245,0.7225372,0.35791862
2021_01_SEA_IND,620,-0.5906846,0.010822661
2021_01_SEA_IND,649,3.4099696,0.50029516
2021_01_SEA_IND,855,0.66310453,0.020929642
2021_01_SEA_IND,903,1.8877963,-0.12766683
2021_01_SEA_IND,948,2.179678,0.2578884
2021_01_SEA_IND,1040,1.2734435,0.5682984
2021_01_SEA_IND,1064,0.2884688,0.015243882
2021_01_SEA_IND,1130,0.7429894,0.33829775
2021_01_SEA_IND,1171,0.6217248,0.2359841
2021_01_SEA_IND,1195,1.8764141,0.28987685
2021_01_SEA_IND,1246,0.9607638,0.1360497
2021_01_SEA_IND,1320,-1.6804326,0.05004199
2021_01_SEA_IND,1371,0.37329778,0.14248578
2021_01_SEA_IND,1483,-1.2204306,0.26522803
2021_01_SEA_IND,1583,0.21648186,0.14997542
2021_01_SEA_IND,1687,6.394703,0.25419992
2021_01_SEA_IND,1745,-0.03156133,0.2943943
2021_01_SEA_IND,1824,-0.053245395,0.07673128
2021_01_SEA_IND,1865,-0.012858778,0.4810684
2021_01_SEA_IND,1921,-0.031966574,0.6060108
2021_01_SEA_IND,1945,1.0287671,0.36418644
2021_01_SEA_IND,2011,-1.6945403,0.2674391
2021_01_SEA_IND,2058,-0.6283541,0.19417682
2021_01_SEA_IND,2111,-1.6667287,-0.04981934
2021_01_SEA_IND,2229,-0.29960263,0.3436261
2021_01_SEA_IND,2301,-0.6179757,0.08339103
2021_01_SEA_IND,2419,-0.2732976,0.050532192
2021_01_SEA_IND,2609,1.0247197,0.35610333
2021_01_SEA_IND,2676,-1.7875804,0.08384242
2021_01_SEA_IND,2760,2.6186094,0.2664124
2021_01_SEA_IND,2868,-0.50438803,0.11715328
2021_01_SEA_IND,2914,1.1467113,-0.17614533
2021_01_SEA_IND,2964,0.84050053,0.5881515
2021_01_SEA_IND,2988,-0.43148345,0.25319806
2021_01_SEA_IND,3032,-0.4097568,0.37919778
2021_01_SEA_IND,3079,1.7064165,0.27714202
2021_01_SEA_IND,3132,0.3473135,0.0075867535
2021_01_SEA_IND,3236,2.4284258,0.35954374
2021_01_SEA_IND,3287,0.82496107,-0.4048144
2021_01_SEA_IND,3353,-0.51312774,-0.35804498
2021_01_SEA_IND,3382,0.23694699,0.24446857
2021_01_SEA_IND,3439,-0.35965797,0.45476666
2021_01_SEA_IND,3463,1.4610113,0.361402
2021_01_SEA_IND,3561,2.743653,-0.0843047
2021_01_SEA_IND,3803,0.6255502,-0.34568116
2021_01_SEA_IND,3833,-0.1872537,0.036169123
2021_01_ARI_TEN,76,0.032412358,0.16850121
2021_01_ARI_TEN,100,-1.5328977,0.3140153
2021_01_ARI_TEN,152,2.6928902,0.20402099
2021_01_ARI_TEN,218,-0.51109,0.2929086
2021_01_ARI_TEN,253,2.182015,-0.045928057
2021_01_ARI_TEN,386,-0.21403871,0.1107335
2021_01_ARI_TEN,410,-0.21130186,0.30255467
2021_01_ARI_TEN,621,-0.88127714,-0.6761206
2021_01_ARI_TEN,660,2.691887,-0.84789705
2021_01_ARI_TEN,839,-0.37688303,0.0284192
2021_01_ARI_TEN,863,-1.6764213,0.05297329
2021_01_ARI_TEN,930,-0.47242254,0.14163171
2021_01_ARI_TEN,954,-0.26046634,0.28620395
2021_01_ARI_TEN,1128,0.79085004,0.14728548
2021_01_ARI_TEN,1344,2.454537,0.24272068
2021_01_ARI_TEN,1431,1.1892486,-0.1288266
2021_01_ARI_TEN,1476,1.1599689,0.20908557
2021_01_ARI_TEN,1540,-0.43508226,0.28202766
2021_01_ARI_TEN,1562,-0.71718794,0.44204688
2021_01_ARI_TEN,1584,2.6278896,0.08367827
2021_01_ARI_TEN,1703,-0.48457104,0.60080355
2021_01_ARI_TEN,1725,-0.61943233,0.2196405
2021_01_ARI_TEN,1747,2.2034714,-0.47859374
2021_01_ARI_TEN,1834,-0.22021322,0.06085083
2021_01_ARI_TEN,1858,2.3053234,0.43166995
2021_01_ARI_TEN,2050,0.12297958,0.24771242
2021_01_ARI_TEN,2095,0.3764155,0.30554697
2021_01_ARI_TEN,2119,0.21272548,0.33712772
2021_01_ARI_TEN,2148,0.11236026,0.19868198
2021_01_ARI_TEN,2222,-0.20426404,-0.0013828548
2021_01_ARI_TEN,2244,-0.33384582,0.43310234
2021_01_ARI_TEN,2345,-0.07172497,0.20473202
2021_01_ARI_TEN,2503,-3.79978,0.047412246
2021_01_ARI_TEN,2529,1.1276942,0.24273744
2021_01_ARI_TEN,2553,1.7036234,0.22648345
2021_01_ARI_TEN,2654,1.2445264,0.28121057
2021_01_ARI_TEN,2716,-0.8122037,0.07054206
2021_01_ARI_TEN,2766,3.7186005,0.54896307
2021_01_ARI_TEN,2856,0.6864739,0.39547083
2021_01_ARI_TEN,2901,-2.9416547,0.16324979
2021_01_ARI_TEN,2927,-0.5503146,0.10376835
2021_01_ARI_TEN,2949,-0.95140696,0.3156344
2021_01_ARI_TEN,3245,2.8899179,-0.20349783
2021_01_ARI_TEN,3310,-0.55613995,0.16270399
2021_01_ARI_TEN,3353,1.6789876,0.22367182
2021_01_ARI_TEN,3398,-0.8134095,0.19909234
2021_01_ARI_TEN,3420,1.0378398,0.092339076
2021_01_ARI_TEN,3444,-0.48240107,0.03846985
2021_01_ARI_TEN,3466,-0.8248961,0.046145685
2021_01_ARI_TEN,3488,-1.2664933,0.031305883
2021_01_ARI_TEN,3728,0.35277683,-0.0028630306
2021_01_ARI_TEN,3776,0.52586114,-0.10746689
2021_01_ARI_TEN,3804,0.4007656,0.0011810139
2021_01_ARI_TEN,3847,-0.094875656,0.09015202
2021_01_ARI_TEN,3871,-2.1374652,-0.63246816
2021_01_LAC_WAS,56,0.6015876,0.21369636
2021_01_LAC_WAS,85,0.37297618,0.13000707
2021_01_LAC_WAS,175,0.6652886,0.26160127
2021_01_LAC_WAS,225,-0.9768226,-0.88311994
2021_01_LAC_WAS,272,1.9532869,0.4416399
2021_01_LAC_WAS,377,-0.38755387,0.39453182
2021_01_LAC_WAS,401,-1.5544461,0.01998616
2021_01_LAC_WAS,450,-0.6061246,0.5390484
2021_01_LAC_WAS,493,-1.0667012,-0.11040057
2021_01_LAC_WAS,620,0.14014949,0.19500624
2021_01_LAC_WAS,742,-0.55602705,0.39393765
2021_01_LAC_WAS,764,-0.19105159,-0.15863216
2021_01_LAC_WAS,788,-1.3382351,0.23758662
2021_01_LAC_WAS,974,-0.57731766,0.09993974
2021_01_LAC_WAS,996,-1.2309457,0.27405035
2021_01_LAC_WAS,1095,1.1538032,0.18648283
2021_01_LAC_WAS,1145,1.1894338,0.4241434
2021_01_LAC_WAS,1190,0.44902873,0.32392818
2021_01_LAC_WAS,1214,2.3486993,0.099301256
2021_01_LAC_WAS,1238,-0.4570042,0.3559554
2021_01_LAC_WAS,1304,-1.2436583,0.01933621
2021_01_LAC_WAS,1367,-0.5227291,0.07383241
2021_01_LAC_WAS,1431,-0.7088442,0.5450852
2021_01_LAC_WAS,1453,-1.2711198,0.038043696
2021_01_LAC_WAS,1521,-0.4484593,0.35813975
2021_01_LAC_WAS,1599,0.4580801,0.32153574
2021_01_LAC_WAS,1644,-0.4792702,0.40035048
2021_01_LAC_WAS,1710,1.0989087,0.09150788
2021_01_LAC_WAS,1739,0.8278003,0.30790007
2021_01_LAC_WAS,1784,1.3085196,0.6281182
2021_01_LAC_WAS,1988,-0.5431426,0.15288493
2021_01_LAC_WAS,2046,0.063750274,0.43962428
2021_01_LAC_WAS,2156,0.48897436,0.7165753
2021_01_LAC_WAS,2185,0.7191606,0.5614037
2021_01_LAC_WAS,2348,1.2019953,0.16699599
2021_01_LAC_WAS,2428,-0.5363366,0.25967953
2021_01_LAC_WAS,2482,3.237933,0.531266
2021_01_LAC_WAS,2522,1.6928086,0.69445807
2021_01_LAC_WAS,2617,0.18936723,0.07438149
2021_01_LAC_WAS,2641,1.5818273,0.23787425
2021_01_LAC_WAS,2670,-0.50364304,0.7553172
2021_01_LAC_WAS,2692,-0.8754733,0.6238393
2021_01_LAC_WAS,2714,2.8577726,0.6188653
2021_01_LAC_WAS,2761,-0.48395613,0.39510834
2021_01_LAC_WAS,2804,1.1474382,0.2776967
2021_01_LAC_WAS,3042,1.3067069,0.26477036
2021_01_LAC_WAS,3166,1.5199894,-0.05813961
2021_01_LAC_WAS,3331,-1.7364852,0.05868344
2021_01_LAC_WAS,3375,1.2873147,0.50992924
2021_01_LAC_WAS,3420,-0.81420445,0.52262974
2021_01_LAC_WAS,3442,2.424741,0.5814431
2021_01_LAC_WAS,3484,-4.4663224,0.809595
2021_01_LAC_WAS,3575,-0.98449546,0.36548388
2021_01_LAC_WAS,3597,2.3691459,0.6286976
2021_01_LAC_WAS,3850,-0.75804764,-0.004652063
2021_01_LAC_WAS,4055,2.4909964,0.48973325
2021_01_LAC_WAS,4101,0.22031812,0.24063234
2021_01_LAC_WAS,4125,1.7333218,0.8525757
2021_01_LAC_WAS,4191,2.3366215,0.261738
2021_01_LAC_WAS,4312,0.9291446,0.40873268
2021_01_CLE_KC,76,1.0874765,0.29637146
2021_01_CLE_KC,126,1.1123487,-0.1722596
2021_01_CLE_KC,155,-0.52246976,0.51372415
2021_01_CLE_KC,198,2.1037743,0.39651337
2021_01_CLE_KC,243,-0.55153024,-1.0200524
2021_01_CLE_KC,265,-0.3555718,0.20352122
2021_01_CLE_KC,289,2.2274716,0.38214067
2021_01_CLE_KC,490,1.0073994,0.53380436
2021_01_CLE_KC,514,0.574431,0.09276316
2021_01_CLE_KC,559,1.5825151,0.4010644
2021_01_CLE_KC,620,-0.7797889,0.34988225
2021_01_CLE_KC,710,-0.53146136,0.55928725
2021_01_CLE_KC,768,2.8979127,0.45183486
2021_01_CLE_KC,797,1.1100961,-0.18984802
2021_01_CLE_KC,866,-0.34583303,0.1624332
2021_01_CLE_KC,995,0.5545697,-0.075311325
2021_01_CLE_KC,1142,1.8111829,0.15661225
2021_01_CLE_KC,1166,-0.44405448,-0.5119398
2021_01_CLE_KC,1188,-0.06958134,0.26338854
2021_01_CLE_KC,1212,2.342004,0.4189249
2021_01_CLE_KC,1247,1.5587229,0.44158766
2021_01_CLE_KC,1387,0.52210855,0.19135083
2021_01_CLE_KC,1484,0.5602237,0.42191514
2021_01_CLE_KC,1601,0.5887285,0.32005832
2021_01_CLE_KC,1631,1.45677,0.40697324
2021_01_CLE_KC,1672,-0.4311949,-0.2422418
2021_01_CLE_KC,1694,-0.5210967,0.25753212
2021_01_CLE_KC,1716,-1.3762376,0.4621113
2021_01_CLE_KC,1853,1.90091,0.35891956
2021_01_CLE_KC,1894,-0.17390409,-0.0113661885
2021_01_CLE_KC,1916,-0.3527317,0.55208707
2021_01_CLE_KC,2124,1.2354015,-0.12739825
2021_01_CLE_KC,2226,1.2209665,0.16236965
2021_01_CLE_KC,2250,-0.5721831,0.32106647
2021_01_CLE_KC,2340,0.23309836,0.22017838
2021_01_CLE_KC,2425,2.262531,0.4482371
2021_01_CLE_KC,2587,0.59906113,0.092629425
2021_01_CLE_KC,2685,1.7530003,-0.14605908
2021_01_CLE_KC,2777,-0.6659243,0.32809746
2021_01_CLE_KC,2833,0.7026938,0.3264319
2021_01_CLE_KC,2942,1.9956094,0.5070212
2021_01_CLE_KC,3093,6.025717,0.25079402
2021_01_CLE_KC,3168,-0.429534,0.2527718
2021_01_CLE_KC,3192,-0.88206077,0.5042772
2021_01_CLE_KC,3286,2.593825,0.4313474
2021_01_CLE_KC,3390,0.68703365,0.1535521
2021_01_CLE_KC,3435,-1.1193182,0.50308645
2021_01_CLE_KC,3510,-0.0046933396,0.10664682
2021_01_CLE_KC,3534,1.47184,-0.057244387
2021_01_CLE_KC,3617,-0.5977218,0.11009102
2021_01_CLE_KC,3704,-0.2722133,0.17363936
2021_01_CLE_KC,3745,0.63285255,0.007125762
2021_01_CLE_KC,3793,-1.9723598,-0.15605834
2021_01_MIA_NE,200,-1.1017287,0.24379578
2021_01_MIA_NE,352,1.0802763,0.7714439
2021_01_MIA_NE,525,0.36317214,0.27851653
2021_01_MIA_NE,574,0.5944657,-0.019280694
2021_01_MIA_NE,603,-4.880478,0.21697101
2021_01_MIA_NE,865,0.41280594,0.26825973
2021_01_MIA_NE,929,0.99973816,0.2188614
2021_01_MIA_NE,953,-0.5536685,0.09422136
2021_01_MIA_NE,996,2.6126604,0.15673395
2021_01_MIA_NE,1020,-0.4755791,0.31282097
2021_01_MIA_NE,1081,-0.304875,0.27558073
2021_01_MIA_NE,1201,1.8658766,0.0463668
2021_01_MIA_NE,1225,-0.44472384,0.16795954
2021_01_MIA_NE,1284,-1.4544134,0.42096663
2021_01_MIA_NE,1323,0.75688016,0.9544931
2021_01_MIA_NE,1368,-0.6965197,0.5571939
2021_01_MIA_NE,1390,-1.3939924,0.069675475
2021_01_MIA_NE,1442,0.18747246,0.21824822
2021_01_MIA_NE,1492,-1.2411714,0.44523442
2021_01_MIA_NE,1584,1.5937816,0.2819475
2021_01_MIA_NE,1608,-0.41829675,0.3833959
2021_01_MIA_NE,1630,0.77908105,0.3780642
2021_01_MIA_NE,1712,2.2137487,0.32123208
2021_01_MIA_NE,1772,2.0179431,0.34138864
2021_01_MIA_NE,1858,0.11692828,0.18280797
2021_01_MIA_NE,1947,0.76612455,0.21293089
2021_01_MIA_NE,1989,-0.51140183,0.46246684
2021_01_MIA_NE,2119,-0.7633598,0.17284927
2021_01_MIA_NE,2141,3.334072,0.25472295
2021_01_MIA_NE,2191,1.4556961,0.34519646
2021_01_MIA_NE,2287,0.9365404,0.32558587
2021_01_MIA_NE,2461,-0.60573894,0.5342936
2021_01_MIA_NE,2483,2.5163972,0.21061085
2021_01_MIA_NE,2611,-0.829948,0.517564
2021_01_MIA_NE,2633,3.1113636,0.082769744
2021_01_MIA_NE,2728,0.40175304,0.13490711
2021_01_MIA_NE,2752,-1.5437129,0.60317385
2021_01_MIA_NE,2830,-0.7864138,0.29292476
2021_01_MIA_NE,2912,0.33426183,0.4556196
2021_01_MIA_NE,2973,1.5119493,0.5240827
2021_01_MIA_NE,3016,-0.2988685,-0.023740454
2021_01_MIA_NE,3045,-0.67906696,0.23672244
2021_01_MIA_NE,3069,1.4606503,0.29494265
2021_01_MIA_NE,3093,0.70209056,0.30983123
2021_01_MIA_NE,3127,-0.20812845,0.27484247
2021_01_MIA_NE,3173,1.6044843,0.53869843
2021_01_MIA_NE,3239,-1.3757766,0.31901172
2021_01_MIA_NE,3345,-0.15377486,0.024169294
2021_01_MIA_NE,3415,-3.6032488,-0.6210397
2021_01_MIA_NE,3473,-0.3725056,0.32326716
2021_01_MIA_NE,3497,1.5527729,-0.004224693
2021_01_MIA_NE,3610,0.79565823,0.36972177
2021_01_GB_NO,76,1.5383734,0.100378804
2021_01_GB_NO,184,-0.6555702,0.0029544844
2021_01_GB_NO,206,-1.1151683,0.12261334
2021_01_GB_NO,283,-0.09742234,0.07440131
2021_01_GB_NO,307,-0.60890937,0.22261147
2021_01_GB_NO,393,-0.8501066,0.23471914
2021_01_GB_NO,421,-1.2856729,-1.1229184
2021_01_GB_NO,528,-0.194159,0.044250887
2021_01_GB_NO,573,0.95906824,0.012741139
2021_01_GB_NO,597,-0.56546575,-0.51768744
2021_01_GB_NO,709,0.6634571,0.13562834
2021_01_GB_NO,921,-0.3214029,0.08251608
2021_01_GB_NO,945,-0.92728484,0.1769648
2021_01_GB_NO,1274,0.3016535,0.4073548
2021_01_GB_NO,1391,2.7113686,0.6025151
2021_01_GB_NO,1443,0.22333352,0.14424951
2021_01_GB_NO,1493,-0.19367088,-0.12762693
2021_01_GB_NO,1550,1.4431764,0.012606682
2021_01_GB_NO,1608,0.32431152,0.051697906
2021_01_GB_NO,1752,1.2060956,-0.033364344
2021_01_GB_NO,1785,1.3413259,0.16945836
2021_01_GB_NO,1809,-0.59192276,0.07595269
2021_01_GB_NO,1855,-1.6672727,0.053854816
2021_01_GB_NO,1979,-6.4639807,0.15608895
2021_01_GB_NO,2005,0.39526668,0.3793527
2021_01_GB_NO,2118,-0.9506763,-0.109852634
2021_01_GB_NO,2140,-1.4275725,0.13674875
2021_01_GB_NO,2181,-0.6076302,-0.19966766
2021_01_GB_NO,2259,-3.5340762,0.37819874
2021_01_GB_NO,2327,3.2119567,0.21625559
2021_01_GB_NO,2425,-0.6872801,-0.352837
2021_01_GB_NO,2447,-0.5109327,-0.04622344
2021_01_GB_NO,2471,-2.9927118,0.051682938
2021_01_GB_NO,2493,-0.47831124,0.4378117
2021_01_GB_NO,2617,2.268416,-0.12956624
2021_01_GB_NO,2755,-0.97798735,-0.5496916
2021_01_GB_NO,2893,5.555661,0.85628283
2021_01_GB_NO,2986,2.3517594,-0.13718574
2021_01_GB_NO,3031,-0.20996954,-0.13433273
2021_01_GB_NO,3060,-1.6771485,-0.23702537
2021_01_DEN_NYG,84,-0.8390502,0.08235461
2021_01_DEN_NYG,106,3.7807465,0.17751157
2021_01_DEN_NYG,186,-1.4723568,0.12465931
2021_01_DEN_NYG,335,-1.6579357,0.5230002
2021_01_DEN_NYG,465,0.9379922,0.3864469
2021_01_DEN_NYG,489,0.3850958,0.33302215
2021_01_DEN_NYG,566,1.1435254,0.13555256
2021_01_DEN_NYG,611,-0.6260722,-0.011304539
2021_01_DEN_NYG,635,-1.7472117,0.5591181
2021_01_DEN_NYG,657,4.142981,0.37710363
2021_01_DEN_NYG,702,1.0125254,0.4287107
2021_01_DEN_NYG,745,-0.47358394,-0.054839008
2021_01_DEN_NYG,843,0.97990626,0.40651172
2021_01_DEN_NYG,935,0.159312,0.5038077
2021_01_DEN_NYG,980,1.5827664,0.50630534
2021_01_DEN_NYG,1004,3.4657106,0.48565888
2021_01_DEN_NYG,1081,-0.011059873,0.44475138
2021_01_DEN_NYG,1127,1.4962162,0.5569615
2021_01_DEN_NYG,1175,0.078607224,0.20364931
2021_01_DEN_NYG,1199,2.6025882,0.3955727
2021_01_DEN_NYG,1260,-4.3785405,0.3457276
2021_01_DEN_NYG,1366,-0.51733685,0.22110134
2021_01_DEN_NYG,1388,-0.5485458,0.20143111
2021_01_DEN_NYG,1437,-0.4259766,0.67679095
2021_01_DEN_NYG,1499,-0.7319995,0.16324235
2021_01_DEN_NYG,1540,2.085815,-0.38042417
2021_01_DEN_NYG,1564,1.1613001,0.085407786
2021_01_DEN_NYG,1593,1.5430597,0.11367246
2021_01_DEN_NYG,1776,-0.85422105,0.36125252
2021_01_DEN_NYG,1810,1.8112459,-0.52602005
2021_01_DEN_NYG,1855,-0.9027084,0.29180267
2021_01_DEN_NYG,1877,1.7004964,0.8105836
2021_01_DEN_NYG,1901,-0.53602344,0.363571
2021_01_DEN_NYG,1944,1.5549604,0.28653052
2021_01_DEN_NYG,2008,2.3824637,0.3726709
2021_01_DEN_NYG,2129,-0.7389859,-0.11341989
2021_01_DEN_NYG,2151,0.07025663,0.3281275
2021_01_DEN_NYG,2282,-0.88064855,0.13644677
2021_01_DEN_NYG,2304,2.2035542,-0.022899201
2021_01_DEN_NYG,2349,-0.8879651,0.33114716
2021_01_DEN_NYG,2371,2.6436563,0.23632191
2021_01_DEN_NYG,2395,0.57831234,0.26861167
2021_01_DEN_NYG,2532,-0.75010383,0.08691695
2021_01_DEN_NYG,2554,2.816897,0.30143976
2021_01_DEN_NYG,2883,-1.595663,0.5713676
2021_01_DEN_NYG,2947,1.5807164,0.83504564
2021_01_DEN_NYG,2971,-0.44327015,0.34546077
2021_01_DEN_NYG,3047,-0.51011306,0.40907365
2021_01_DEN_NYG,3095,-1.1781837,0.2644149
2021_01_DEN_NYG,3117,-2.858657,-0.046634395
2021_01_DEN_NYG,3181,1.8362097,0.3359855
2021_01_DEN_NYG,3294,0.88908154,0.25627464
2021_01_DEN_NYG,3318,0.21860585,0.14205599
2021_01_DEN_NYG,3342,1.3061513,0.44955498
2021_01_DEN_NYG,3366,-0.45146587,0.17463776
2021_01_DEN_NYG,3388,-0.75225496,0.22356446
2021_01_DEN_NYG,3446,-2.8451877,0.26977974
2021_01_DEN_NYG,3601,0.9238796,-0.025635542
2021_01_DEN_NYG,3625,-0.13546321,-0.050969046
2021_01_DEN_NYG,3649,0.61745656,0.31311327
2021_01_DEN_NYG,3673,1.0243851,-0.3355753
2021_01_DEN_NYG,3719,-0.90440655,0.16934693
2021_01_DEN_NYG,3743,0.03985168,-0.1819678
2021_01_CHI_LA,69,-0.08346772,0.17768268
2021_01_CHI_LA,217,-5.8327546,0.39686307
2021_01_CHI_LA,265,0.58402115,0.07553848
2021_01_CHI_LA,289,4.5602436,0.54631007
2021_01_CHI_LA,377,0.10182992,0.25775507
2021_01_CHI_LA,401,1.045055,0.19596708
2021_01_CHI_LA,425,-0.5831279,0.27443725
2021_01_CHI_LA,468,-1.3375388,0.18744189
2021_01_CHI_LA,492,-2.748856,0.23595788
2021_01_CHI_LA,514,-0.48963785,-0.06534329
2021_01_CHI_LA,538,1.5516577,0.44802585
2021_01_CHI_LA,583,-0.21177208,0.11774075
2021_01_CHI_LA,607,-1.9377298,0.26665246
2021_01_CHI_LA,684,3.2374437,0.1945181
2021_01_CHI_LA,775,-0.36083674,0.13998212
2021_01_CHI_LA,962,2.41926,-0.6875078
2021_01_CHI_LA,991,1.5474458,-0.027441688
2021_01_CHI_LA,1042,-0.9975789,0.19581205
2021_01_CHI_LA,1064,-1.6256248,0.3307358
2021_01_CHI_LA,1141,1.022599,0.08034662
2021_01_CHI_LA,1265,-1.9251522,-0.2816269
2021_01_CHI_LA,1421,0.650851,-0.17801647
2021_01_CHI_LA,1492,1.0564157,-0.04879702
2021_01_CHI_LA,1554,0.86190355,0.121649384
2021_01_CHI_LA,1794,2.5466695,0.45398605
2021_01_CHI_LA,1818,4.046698,0.51694185
2021_01_CHI_LA,1898,0.35416025,-0.06902098
2021_01_CHI_LA,1943,1.3579481,0.1913841
2021_01_CHI_LA,1988,0.8069743,0.02856804
2021_01_CHI_LA,2012,-0.5529527,-0.34668857
2021_01_CHI_LA,2034,0.16700603,-0.07387182
2021_01_CHI_LA,2063,1.1695675,0.18566862
2021_01_CHI_LA,2111,1.2034149,0.24736674
2021_01_CHI_LA,2243,2.3938541,0.37053025
2021_01_CHI_LA,2341,-0.80768913,0.41271216
2021_01_CHI_LA,2363,1.4970747,0.5520462
2021_01_CHI_LA,2387,1.9626838,0.29375106
2021_01_CHI_LA,2440,0.38204858,0.39598146
2021_01_CHI_LA,2469,1.720755,0.6124575
2021_01_CHI_LA,2560,0.039828062,0.1604243
2021_01_CHI_LA,2615,0.95504415,0.17755428
2021_01_CHI_LA,2733,0.76519704,0.16942802
2021_01_CHI_LA,2778,0.78611463,0.24157934
2021_01_CHI_LA,2847,-1.0214697,-0.04836793
2021_01_CHI_LA,2881,0.3281075,0.26595697
2021_01_CHI_LA,2905,-3.3414762,0.22832502
2021_01_CHI_LA,3154,0.34689903,0.03047674
2021_01_CHI_LA,3224,-0.4373813,0.16825792
2021_01_CHI_LA,3284,2.0694137,0.46468437
2021_01_CHI_LA,3351,0.119046494,0.13668829
2021_01_CHI_LA,3375,0.59387475,0.22325762
2021_01_CHI_LA,3399,-0.5233945,-0.075710595
2021_01_CHI_LA,3421,-0.55437964,-0.03900415
2021_01_CHI_LA,3472,-1.1117939,-0.19982849
2021_01_BAL_LV,55,-0.7341083,-0.04797832
2021_01_BAL_LV,77,0.9487852,0.31885254
2021_01_BAL_LV,169,2.2373939,0.4528197
2021_01_BAL_LV,228,-0.5049103,0.09215323
2021_01_BAL_LV,250,-0.65874964,0.041105844
2021_01_BAL_LV,383,-0.5340525,0.30626422
2021_01_BAL_LV,428,1.6319311,0.21603984
2021_01_BAL_LV,475,-0.60850894,0.16369577
2021_01_BAL_LV,562,-0.6061706,0.35484815
2021_01_BAL_LV,590,-0.80460817,0.1975756
2021_01_BAL_LV,612,-1.5169886,0.18904166
2021_01_BAL_LV,692,1.9906201,0.035422035
2021_01_BAL_LV,737,-0.88865966,0.3062067
2021_01_BAL_LV,759,0.08353073,-0.05255014
2021_01_BAL_LV,880,-0.80362475,0.2406378
2021_01_BAL_LV,902,-1.488692,0.5356241
2021_01_BAL_LV,1013,-1.3775091,-0.10928873
2021_01_BAL_LV,1075,-0.047431927,-0.007375353
2021_01_BAL_LV,1174,1.7215108,0.2919391
2021_01_BAL_LV,1226,2.8758402,0.21947463
2021_01_BAL_LV,1250,-0.4896349,0.27296415
2021_01_BAL_LV,1293,2.983287,-1.2311301
2021_01_BAL_LV,1344,-0.12577213,-0.011428282
2021_01_BAL_LV,1368,0.7759803,0.036878258
2021_01_BAL_LV,1461,1.7545546,0.21484476
2021_01_BAL_LV,1485,-0.46518773,0.19325036
2021_01_BAL_LV,1507,0.39825988,0.1470145
2021_01_BAL_LV,1655,1.4431524,0.13522866
2021_01_BAL_LV,1836,-0.41759846,0.5881914
2021_01_BAL_LV,1875,0.93757945,0.3043755
2021_01_BAL_LV,1899,-0.30390698,0.14961307
2021_01_BAL_LV,1921,-0.4016681,0.4113437
2021_01_BAL_LV,1943,1.1408124,0.26518166
2021_01_BAL_LV,1984,0.36694318,0.07699119
2021_01_BAL_LV,2008,-0.2073647,0.15803108
2021_01_BAL_LV,2180,-0.60560924,0.31719175
2021_01_BAL_LV,2256,-0.931385,0.37011528
2021_01_BAL_LV,2278,-1.7496935,0.021576198
2021_01_BAL_LV,2344,-0.77935153,0.49727744
2021_01_BAL_LV,2504,-0.6123854,0.016266469
2021_01_BAL_LV,2589,-1.4774488,0.07264106
2021_01_BAL_LV,2676,0.12513946,0.04243834
2021_01_BAL_LV,2771,0.37599277,0.18848996
2021_01_BAL_LV,2803,1.7071562,0.4885221
2021_01_BAL_LV,2851,-0.15525663,-0.14954914
2021_01_BAL_LV,2879,-0.2701484,0.06809866
2021_01_BAL_LV,2951,0.277202,0.22675286
2021_01_BAL_LV,3007,-0.1869971,0.45536077
2021_01_BAL_LV,3098,-0.5166679,0.72856236
2021_01_BAL_LV,3168,0.5159478,-0.5155536
2021_01_BAL_LV,3211,0.9015717,0.2643054
2021_01_BAL_LV,3312,0.37604702,0.07390184
2021_01_BAL_LV,3385,0.9643911,0.23057197
2021_01_BAL_LV,3478,0.3430578,0.34207883
2021_01_BAL_LV,3544,3.3508048,0.27628642
2021_01_BAL_LV,3619,0.6987649,0.14081354
2021_01_BAL_LV,3664,0.21846507,0.28852445
2021_01_BAL_LV,3688,0.71663773,0.53066325
2021_01_BAL_LV,3712,-0.51749796,0.36695045
2021_01_BAL_LV,3734,-0.7087444,0.10623669
2021_01_BAL_LV,3756,3.4172878,0.22187218
2021_01_BAL_LV,3812,0.7749964,0.027757486
2021_01_BAL_LV,3836,2.4026792,0.47041458
2021_01_BAL_LV,3914,1.3305635,0.27862757
2021_01_BAL_LV,4166,0.3306384,0.09543823
2021_01_BAL_LV,4212,0.83867395,-0.016092226
2021_01_BAL_LV,4347,0.5466601,0.45376295
2021_01_BAL_LV,4392,2.3937945,0.412559
2021_01_BAL_LV,4454,-0.6024492,0.3388418
2021_01_BAL_LV,4476,3.3118305,0.08944109
2021_01_BAL_LV,4586,-1.0050392,0.43617716
2021_01_BAL_LV,4608,-5.25757,0.4279295
2021_01_BAL_LV,4641,-0.29059246,0.30722237
2021_01_BAL_LV,4691,1.1051533,0.08499975
2021_01_BAL_LV,4736,-0.766548,0.40936735
2021_01_BAL_LV,4845,4.194233,0.5201472
2021_02_NYG_WAS,65,-0.5975238,0.3132577
2021_02_NYG_WAS,187,1.062169,0.09902494
2021_02_NYG_WAS,280,2.2658994,0.3251485
2021_02_NYG_WAS,498,-0.07989441,0.15785024
2021_02_NYG_WAS,543,-1.5591738,-0.2727259
2021_02_NYG_WAS,590,-0.56932807,0.035631236
2021_02_NYG_WAS,794,1.56581,0.51172304
2021_02_NYG_WAS,839,1.1301078,-0.07677465
2021_02_NYG_WAS,884,0.098909974,0.14669006
2021_02_NYG_WAS,992,0.044858616,0.2888245
2021_02_NYG_WAS,1037,0.841421,0.3951963
2021_02_NYG_WAS,1061,1.9567636,0.38485405
2021_02_NYG_WAS,1117,-0.5308104,0.580143
2021_02_NYG_WAS,1233,-0.54427356,0.21070118
2021_02_NYG_WAS,1255,-0.7577548,0.077359416
2021_02_NYG_WAS,1277,-0.030340511,0.2176483
2021_02_NYG_WAS,1343,0.035919137,0.24272497
2021_02_NYG_WAS,1426,0.5191593,-0.057337303
2021_02_NYG_WAS,1594,-0.5513251,0.50296825
2021_02_NYG_WAS,1682,-0.38199663,0.21919663
2021_02_NYG_WAS,1706,1.3941019,0.24215354
2021_02_NYG_WAS,1759,0.5508831,0.12349496
2021_02_NYG_WAS,1885,0.3620039,0.39776048
2021_02_NYG_WAS,1909,0.6824675,0.42145452
2021_02_NYG_WAS,1950,0.74722284,0.3210866
2021_02_NYG_WAS,2161,1.1310096,0.7086291
2021_02_NYG_WAS,2185,-0.23723158,0.3163268
2021_02_NYG_WAS,2253,-0.20763788,0.033585165
2021_02_NYG_WAS,2354,-0.852026,0.13022238
2021_02_NYG_WAS,2378,0.29321516,0.2563141
2021_02_NYG_WAS,2493,-0.029118538,0.4298305
2021_02_NYG_WAS,2517,-1.6779517,0.25567803
2021_02_NYG_WAS,2558,-0.5434983,0.38232234
2021_02_NYG_WAS,2678,0.35240763,0.019655824
2021_02_NYG_WAS,2706,2.572137,0.43186173
2021_02_NYG_WAS,2752,3.7864945,0.3344773
2021_02_NYG_WAS,2873,0.42164138,0.2841458
2021_02_NYG_WAS,2923,-0.45658472,0.39968976
2021_02_NYG_WAS,3061,0.77664757,0.16774371
2021_02_NYG_WAS,3085,1.4553208,0.31322852
2021_02_NYG_WAS,3142,0.7731861,0.30593753
2021_02_NYG_WAS,3204,-0.105702244,0.28550583
2021_02_NYG_WAS,3316,0.88945055,0.24152103
2021_02_NYG_WAS,3440,0.6270095,0.51407886
2021_02_NYG_WAS,3486,-0.6192925,0.1554737
2021_02_NYG_WAS,3509,-0.63498795,0.1394678
2021_02_NYG_WAS,3567,1.2486551,0.71087456
2021_02_NYG_WAS,3654,-0.4363251,0.2425826
2021_02_NYG_WAS,3798,3.6602497,0.093475565
2021_02_NYG_WAS,3827,2.48689,0.29836884
2021_02_NYG_WAS,3883,-0.51933396,0.27663338
2021_02_NYG_WAS,3905,1.22497,0.4724211
2021_02_NYG_WAS,3950,-0.5700816,0.30232543
2021_02_NYG_WAS,3972,-1.1622207,0.43454352
2021_02_NYG_WAS,4081,-4.577497,0.18426156
2021_02_NYG_WAS,4183,-0.47679606,0.35934904
2021_02_NYG_WAS,4254,-0.27119565,0.38873908
2021_02_NYG_WAS,4278,-0.2901468,0.34009293
2021_02_NYG_WAS,4300,-0.32459453,0.14163074
2021_02_NYG_WAS,4345,0.19364981,0.1594004
2021_02_NYG_WAS,4409,-0.26653317,0.09864617
2021_02_NYG_WAS,4431,-0.4746519,0.07004504
2021_02_NYG_WAS,4489,0.7464175,0.041952036
2021_02_NYG_WAS,4518,0.045338478,0.38963127
2021_02_NO_CAR,76,2.5819173,0.19344108
2021_02_NO_CAR,121,1.7705067,0.18841024
2021_02_NO_CAR,145,2.0568454,0.22058943
2021_02_NO_CAR,262,-0.42923534,0.22373551
2021_02_NO_CAR,499,1.583513,0.36558807
2021_02_NO_CAR,523,-0.52754205,0.32090303
2021_02_NO_CAR,547,0.1960777,0.07699599
2021_02_NO_CAR,571,-1.744316,-0.25547343
2021_02_NO_CAR,635,-0.13213478,0.16798936
2021_02_NO_CAR,659,-1.3561414,0.18573093
2021_02_NO_CAR,831,1.4409451,0.50988394
2021_02_NO_CAR,876,1.5758455,0.34942803
2021_02_NO_CAR,975,1.7765576,0.04948588
2021_02_NO_CAR,1024,-0.53289986,0.030522505
2021_02_NO_CAR,1155,1.470328,0.5752986
2021_02_NO_CAR,1198,-0.54583776,0.14503151
2021_02_NO_CAR,1224,-0.49010587,0.07314175
2021_02_NO_CAR,1273,-0.06578768,0.00636243
2021_02_NO_CAR,1323,1.857149,0.107759
2021_02_NO_CAR,1459,1.7781188,0.03403
2021_02_NO_CAR,1558,2.098257,-0.19906437
2021_02_NO_CAR,1621,-0.651194,0.2651809
2021_02_NO_CAR,1654,-0.06888208,-0.06657551
2021_02_NO_CAR,1671,1.742376,0.66036534
2021_02_NO_CAR,1735,-0.27062926,0.095918395
2021_02_NO_CAR,1757,-0.34983477,0.12817508
2021_02_NO_CAR,1779,-1.3371819,-0.16431013
2021_02_NO_CAR,1810,0.5968977,0.16383998
2021_02_NO_CAR,1886,-0.079846054,0.18438947
2021_02_NO_CAR,2019,-1.3898741,0.15610042
2021_02_NO_CAR,2098,-0.7838798,-0.11519609
2021_02_NO_CAR,2134,2.7904665,0.13272516
2021_02_NO_CAR,2214,0.9085767,0.18450108
2021_02_NO_CAR,2238,-0.47146395,0.18306929
2021_02_NO_CAR,2536,-0.5802151,-0.14940989
2021_02_NO_CAR,2720,-6.2584786,0.39544722
2021_02_NO_CAR,2805,0.2539327,-0.043033373
2021_02_NO_CAR,2953,-0.11322404,0.26562408
2021_02_NO_CAR,2977,1.397332,0.35761762
2021_02_NO_CAR,3006,0.62165296,0.466506
2021_02_NO_CAR,3051,-0.91600776,0.20230864
2021_02_NO_CAR,3148,-0.5067419,0.35803574
2021_02_NO_CAR,3288,-0.43297893,0.5092821
2021_02_NO_CAR,3355,-0.4832542,0.4449746
2021_02_NO_CAR,3399,1.8481693,0.3469763
2021_02_NO_CAR,3444,1.2666188,0.080756165
2021_02_NO_CAR,3538,0.42220923,0.03614729
2021_02_NO_CAR,3562,-0.59495866,-0.062243592
2021_02_NO_CAR,3603,-2.640501,0.3546125
2021_02_NO_CAR,3689,0.15815476,0.49931553
2021_02_NO_CAR,3776,1.1178449,-0.12409119
2021_02_NO_CAR,3800,-2.9676495,-0.21110274
2021_02_CIN_CHI,59,-0.6505518,-0.07184337
2021_02_CIN_CHI,102,2.0581768,0.2645082
2021_02_CIN_CHI,126,1.0235658,0.09058249
2021_02_CIN_CHI,174,-0.871838,-0.021606177
2021_02_CIN_CHI,248,-0.20496933,0.3498572
2021_02_CIN_CHI,293,2.6220603,0.35695922
2021_02_CIN_CHI,384,-0.47558576,0.34365875
2021_02_CIN_CHI,408,0.5121498,0.33772838
2021_02_CIN_CHI,500,2.013985,0.16609298
2021_02_CIN_CHI,533,0.83435917,0.055737022
2021_02_CIN_CHI,578,1.1230038,0.12114426
2021_02_CIN_CHI,602,-0.51885015,0.2621935
2021_02_CIN_CHI,624,-0.7639986,0.26649508
2021_02_CIN_CHI,771,1.8284097,-0.062360596
2021_02_CIN_CHI,910,-0.5090637,0.3137088
2021_02_CIN_CHI,1205,-0.31974036,0.00719874
2021_02_CIN_CHI,1229,1.871656,0.39635795
2021_02_CIN_CHI,1274,-2.880713,-0.17799938
2021_02_CIN_CHI,1313,0.68633085,0.5143748
2021_02_CIN_CHI,1328,-0.5497675,0.1131825
2021_02_CIN_CHI,1409,-0.86432844,-0.07117816
2021_02_CIN_CHI,1499,-0.43340182,-0.022386665
2021_02_CIN_CHI,1551,1.9122599,-0.23438264
2021_02_CIN_CHI,1609,0.18762985,0.366203
2021_02_CIN_CHI,1767,1.2575842,0.28369567
2021_02_CIN_CHI,1815,0.2674812,0.06722228
2021_02_CIN_CHI,1856,-0.97392505,0.108025655
2021_02_CIN_CHI,2089,1.4438626,0.31626818
2021_02_CIN_CHI,2113,-0.5580031,0.42854995
2021_02_CIN_CHI,2240,-0.5500561,0.47069108
2021_02_CIN_CHI,2281,0.31112397,0.05453858
2021_02_CIN_CHI,2443,-0.5143658,0.49617746
2021_02_CIN_CHI,2585,-5.058583,0.38773245
2021_02_CIN_CHI,2690,2.8435376,0.031234965
2021_02_CIN_CHI,2714,1.3133144,0.4821477
2021_02_CIN_CHI,2832,-1.0719743,0.64694077
2021_02_CIN_CHI,2952,2.386652,0.4212277
2021_02_CIN_CHI,3018,-8.805379,0.044344995
2021_02_CIN_CHI,3112,-4.4817724,0.18224898
2021_02_CIN_CHI,3176,-0.6975312,0.6515553
2021_02_CIN_CHI,3233,-1.0465349,0.016181234
2021_02_CIN_CHI,3291,-5.824593,0.103582025
2021_02_CIN_CHI,3370,-1.5143156,0.28842965
2021_02_CIN_CHI,3441,0.094943926,0.22894888
2021_02_CIN_CHI,3492,-0.48439425,0.018135771
2021_02_CIN_CHI,3535,2.1682453,-0.035766497
2021_02_CIN_CHI,3564,3.940148,-0.16068214
2021_02_CIN_CHI,3691,-5.075707,0.46149287
2021_02_CIN_CHI,3717,1.8275815,0.103836976
2021_02_CIN_CHI,3811,-0.37969437,0.19082089
2021_02_HOU_CLE,231,1.8876387,0.37319303
2021_02_HOU_CLE,260,0.22482309,-1.2065241
2021_02_HOU_CLE,389,-0.7845345,0.26943782
2021_02_HOU_CLE,434,2.264128,0.35006285
2021_02_HOU_CLE,479,1.7654885,0.26991284
2021_02_HOU_CLE,503,0.26607835,0.370262
2021_02_HOU_CLE,676,1.4353495,0.21181965
2021_02_HOU_CLE,704,-4.3949037,0.330596
2021_02_HOU_CLE,1005,1.8991039,0.63442487
2021_02_HOU_CLE,1050,1.2833054,0.37547478
2021_02_HOU_CLE,1116,-0.95371246,0.3157531
2021_02_HOU_CLE,1138,-3.9177594,0.12499531
2021_02_HOU_CLE,1210,0.60947037,0.20224252
2021_02_HOU_CLE,1234,1.7712345,0.03002011
2021_02_HOU_CLE,1366,-0.73973817,0.07433317
2021_02_HOU_CLE,1436,0.601351,0.090856776
2021_02_HOU_CLE,1595,0.23450018,-0.17009686
2021_02_HOU_CLE,2015,-1.4626446,0.76375
2021_02_HOU_CLE,2094,0.3402903,0.042819455
2021_02_HOU_CLE,2118,1.3282919,0.44661605
2021_02_HOU_CLE,2142,0.27245757,-0.05084424
2021_02_HOU_CLE,2444,-3.4383411,0.45298952
2021_02_HOU_CLE,2635,-0.4997324,0.32833183
2021_02_HOU_CLE,2678,1.436271,0.30673087
2021_02_HOU_CLE,2713,-0.4850506,0.5010544
2021_02_HOU_CLE,2795,2.778055,0.1608171
2021_02_HOU_CLE,2965,0.65016985,0.27893442
2021_02_HOU_CLE,3052,2.1488543,0.109443
2021_02_HOU_CLE,3136,0.2575142,0.33212066
2021_02_HOU_CLE,3392,-0.49044204,0.07277853
2021_02_HOU_CLE,3414,-0.54501885,0.30313578
2021_02_HOU_CLE,3447,-0.8783963,0.5155733
2021_02_HOU_CLE,3548,-1.4343739,0.44489837
2021_02_HOU_CLE,3651,0.8438913,0.33300167
2021_02_HOU_CLE,3675,1.0319476,0.27102032
2021_02_HOU_CLE,3710,-0.44800532,0.29648003
2021_02_HOU_CLE,3732,2.601455,0.630906
2021_02_HOU_CLE,3761,-0.45236364,0.27749532
2021_02_HOU_CLE,3852,-0.8360159,0.11935506
2021_02_LA_IND,62,0.82911736,-0.36867183
2021_02_LA_IND,181,0.43444085,0.36268768
2021_02_LA_IND,329,1.5547256,0.4748558
2021_02_LA_IND,353,1.5576155,-0.10043715
2021_02_LA_IND,377,0.9653189,0.858488
2021_02_LA_IND,471,2.3840146,0.47767287
2021_02_LA_IND,564,-0.10276526,0.26138613
2021_02_LA_IND,588,4.511863,0.60114336
2021_02_LA_IND,633,-0.43018755,0.5108974
2021_02_LA_IND,676,-1.6845005,0.07688359
2021_02_LA_IND,761,-3.4074523,0.3800396
2021_02_LA_IND,874,0.5360157,0.36930192
2021_02_LA_IND,945,0.61470014,-0.16756769
2021_02_LA_IND,990,-0.16089115,0.30000407
2021_02_LA_IND,1035,1.2780759,0.1352383
2021_02_LA_IND,1080,1.888274,0.2453777
2021_02_LA_IND,1149,1.6686149,0.5498362
2021_02_LA_IND,1199,1.0710423,0.5872118
2021_02_LA_IND,1266,-0.7969617,0.30644476
2021_02_LA_IND,1352,-0.4386157,0.26698893
2021_02_LA_IND,1380,0.874254,0.1836684
2021_02_LA_IND,1404,-0.5725235,0.067889005
2021_02_LA_IND,1426,0.14680408,0.14154482
2021_02_LA_IND,1515,-0.4120645,0.51470613
2021_02_LA_IND,1539,0.22819263,0.26414734
2021_02_LA_IND,1568,-0.32391536,1.3542495
2021_02_LA_IND,1613,0.037653368,0.054013032
2021_02_LA_IND,1694,-0.7071601,0.58207756
2021_02_LA_IND,1898,-0.77534956,0.17352918
2021_02_LA_IND,1988,-0.8329187,0.21243684
2021_02_LA_IND,2010,-1.4610728,0.30008617
2021_02_LA_IND,2148,1.5229644,0.21537086
2021_02_LA_IND,2172,-0.46899384,0.15447824
2021_02_LA_IND,2319,2.7715464,0.092966534
2021_02_LA_IND,2387,-0.8026983,0.24203652
2021_02_LA_IND,2409,-1.0673685,0.2797386
2021_02_LA_IND,2449,-0.51897955,-0.15550384
2021_02_LA_IND,2485,1.3343242,0.34273055
2021_02_LA_IND,2509,-0.4999958,0.23328875
2021_02_LA_IND,2552,-1.709635,-0.39888605
2021_02_LA_IND,2657,-1.3359963,0.41899827
2021_02_LA_IND,2755,0.6595055,0.1061722
2021_02_LA_IND,2800,2.9772403,0.2800602
2021_02_LA_IND,2829,1.8609163,0.2047093
2021_02_LA_IND,3003,2.4383874,0.19689018
2021_02_LA_IND,3086,-1.4300323,0.014375583
2021_02_LA_IND,3142,-0.5454493,0.04376397
2021_02_LA_IND,3164,1.3303335,0.16202044
2021_02_LA_IND,3209,0.74358463,0.15961972
2021_02_LA_IND,3233,0.49921405,0.047996588
2021_02_LA_IND,3479,-0.45823345,0.06732597
2021_02_LA_IND,3501,-2.6221836,0.20393708
2021_02_LA_IND,3662,-0.018250557,0.48561564
2021_02_LA_IND,3684,0.03918655,0.1180987
2021_02_DEN_JAX,107,2.2353835,0.14643423
2021_02_DEN_JAX,131,-0.50992465,0.33654886
2021_02_DEN_JAX,237,-0.7008083,0.2741204
2021_02_DEN_JAX,259,1.7077452,0.300555
2021_02_DEN_JAX,348,4.086341,0.107783325
2021_02_DEN_JAX,420,0.0008708956,0.0027202293
2021_02_DEN_JAX,498,1.1815898,0.12923862
2021_02_DEN_JAX,522,0.9599756,0.3632708
2021_02_DEN_JAX,594,0.55276304,0.34840086
2021_02_DEN_JAX,658,-0.19860652,-0.209328
2021_02_DEN_JAX,682,-0.08630555,0.020283224
2021_02_DEN_JAX,740,-1.1958323,0.26301387
2021_02_DEN_JAX,783,-0.82232714,0.29817936
2021_02_DEN_JAX,805,-1.0949591,0.3331874
2021_02_DEN_JAX,846,0.3603751,-0.19828075
2021_02_DEN_JAX,912,-0.45406488,-0.4731154
2021_02_DEN_JAX,936,-1.6035947,0.3552977
2021_02_DEN_JAX,1091,-1.5011679,0.1563091
2021_02_DEN_JAX,1136,-0.971811,-0.25420335
2021_02_DEN_JAX,1200,-0.70514864,0.20494914
2021_02_DEN_JAX,1222,-1.5270362,0.4824175
2021_02_DEN_JAX,1311,-1.3178774,0.5867389
2021_02_DEN_JAX,1379,0.4822078,0.07870504
2021_02_DEN_JAX,1403,1.9410845,0.27536494
2021_02_DEN_JAX,1448,2.4180312,0.104592584
2021_02_DEN_JAX,1472,-0.37742624,0.42132866
2021_02_DEN_JAX,1494,1.5609615,0.5660367
2021_02_DEN_JAX,1535,2.1989338,0.41964594
2021_02_DEN_JAX,1586,0.36319092,0.23611012
2021_02_DEN_JAX,1636,0.57606137,0.302999
2021_02_DEN_JAX,1660,1.0008289,0.25684205
2021_02_DEN_JAX,1733,-0.3936032,0.39839396
2021_02_DEN_JAX,1794,-1.444965,0.23951912
2021_02_DEN_JAX,1854,-0.2818207,0.4335778
2021_02_DEN_JAX,1876,-0.20381534,0.09596545
2021_02_DEN_JAX,1898,-0.79567695,0.47892818
2021_02_DEN_JAX,1940,-0.24373573,0.26221243
2021_02_DEN_JAX,1962,0.18501773,0.085172616
2021_02_DEN_JAX,1991,-0.22338715,0.38963625
2021_02_DEN_JAX,2030,-0.20032653,1.9286541
2021_02_DEN_JAX,2120,4.4200597,0.6803768
2021_02_DEN_JAX,2165,2.4321594,0.3166872
2021_02_DEN_JAX,2216,-0.59641105,0.12242658
2021_02_DEN_JAX,2382,-0.22848059,-0.13517106
2021_02_DEN_JAX,2616,0.694536,0.20124736
2021_02_DEN_JAX,2682,-0.742774,0.022000581
2021_02_DEN_JAX,2723,-0.8587861,0.45880473
2021_02_DEN_JAX,2841,0.1789166,0.010734496
2021_02_DEN_JAX,2865,-0.7352181,0.24883988
2021_02_DEN_JAX,2887,-1.4058263,-0.001828564
2021_02_DEN_JAX,2939,0.016890772,0.35813567
2021_02_DEN_JAX,3049,-0.5088061,0.1162653
2021_02_DEN_JAX,3113,-0.7569053,0.2648671
2021_02_DEN_JAX,3215,0.7891744,0.25552136
2021_02_DEN_JAX,3268,-2.2031446,0.21213736
2021_02_DEN_JAX,3432,-0.4018401,0.2108939
2021_02_DEN_JAX,3533,0.4157415,0.38427144
2021_02_DEN_JAX,3676,0.7444968,0.01272504
2021_02_BUF_MIA,139,-0.53349566,0.025924673
2021_02_BUF_MIA,247,-0.49068657,-0.11186626
2021_02_BUF_MIA,350,-3.0133553,0.31721398
2021_02_BUF_MIA,378,-0.53661525,0.1025733
2021_02_BUF_MIA,448,2.3998523,0.37741986
2021_02_BUF_MIA,472,-0.53555757,-0.23524229
2021_02_BUF_MIA,515,2.695193,-0.7316062
2021_02_BUF_MIA,709,-4.4917283,0.054417457
2021_02_BUF_MIA,805,1.8074,0.18868189
2021_02_BUF_MIA,876,-4.527532,0.048870537
2021_02_BUF_MIA,923,-0.7390468,0.2140315
2021_02_BUF_MIA,945,-1.1181196,0.26470062
2021_02_BUF_MIA,1008,0.36457774,0.19260456
2021_02_BUF_MIA,1054,1.5806174,0.2876747
2021_02_BUF_MIA,1123,0.5075829,0.08417013
2021_02_BUF_MIA,1189,2.350717,0.32985002
2021_02_BUF_MIA,1213,-0.41241312,-0.15458246
2021_02_BUF_MIA,1345,-0.74866825,0.18828869
2021_02_BUF_MIA,1367,-4.20855,0.29928625
2021_02_BUF_MIA,1452,1.6559256,0.4320802
2021_02_BUF_MIA,1499,-0.5351861,0.3514464
2021_02_BUF_MIA,1521,-4.0278587,0.18233702
2021_02_BUF_MIA,1587,0.56574893,-0.03228139
2021_02_BUF_MIA,1767,-0.124558136,0.084954634
2021_02_BUF_MIA,1791,0.35953027,0.20525171
2021_02_BUF_MIA,1832,1.5173535,0.25788766
2021_02_BUF_MIA,1867,-0.3735478,0.2087738
2021_02_BUF_MIA,1910,1.5917705,0.362136
2021_02_BUF_MIA,1934,-0.30003324,0.13713314
2021_02_BUF_MIA,1956,-1.4801085,0.122146346
2021_02_BUF_MIA,2172,-0.24511397,0.50206965
2021_02_BUF_MIA,2261,-0.29965413,0.5107915
2021_02_BUF_MIA,2283,0.08537496,0.3155227
2021_02_BUF_MIA,2324,0.09868907,0.42853674
2021_02_BUF_MIA,2438,1.5612513,0.40527508
2021_02_BUF_MIA,2462,0.91225106,0.57923603
2021_02_BUF_MIA,2486,-0.58107454,0.329303
2021_02_BUF_MIA,2543,-0.5255028,-0.09630104
2021_02_BUF_MIA,2598,1.5211467,0.5618599
2021_02_BUF_MIA,2623,1.6683583,0.116751395
2021_02_BUF_MIA,2690,-0.009546579,0.16564928
2021_02_BUF_MIA,2736,1.6473787,0.040196683
2021_02_BUF_MIA,2826,-1.4987277,-0.18930617
2021_02_BUF_MIA,2958,-0.5245733,0.2896419
2021_02_BUF_MIA,3049,-0.23904999,0.015297849
2021_02_BUF_MIA,3074,-0.24002638,0.10807135
2021_02_BUF_MIA,3098,1.470131,-0.06053776
2021_02_BUF_MIA,3122,0.5316045,0.19971016
2021_02_BUF_MIA,3146,-0.71078426,0.19961928
2021_02_BUF_MIA,3168,-1.8047633,0.10344337
2021_02_BUF_MIA,3281,-0.41969994,0.40649933
2021_02_BUF_MIA,3388,-0.47739756,0.6671676
2021_02_BUF_MIA,3525,-0.54873705,-0.23932357
2021_02_BUF_MIA,3616,2.5617821,1.5084734
2021_02_BUF_MIA,3659,-0.10998206,0.5207166
2021_02_BUF_MIA,3730,-0.45266637,0.9165444
2021_02_BUF_MIA,3925,0.8396774,-0.14409971
2021_02_BUF_MIA,4151,0.5050274,0.075907715
2021_02_BUF_MIA,4175,-0.98940057,-0.16551837
2021_02_BUF_MIA,4203,-2.4876695,0.051779028
2021_02_NE_NYJ,76,0.8538274,0.2517925
2021_02_NE_NYJ,126,-0.12704799,0.7106821
2021_02_NE_NYJ,155,1.4206715,0.19550277
2021_02_NE_NYJ,179,-0.48301777,0.19104855
2021_02_NE_NYJ,238,0.40519834,0.2659367
2021_02_NE_NYJ,342,-4.3648553,0.71974206
2021_02_NE_NYJ,568,-4.135163,-0.09229787
2021_02_NE_NYJ,924,2.2842562,0.48990357
2021_02_NE_NYJ,1260,-3.4267259,0.3737554
2021_02_NE_NYJ,1331,-0.7122999,0.21735957
2021_02_NE_NYJ,1360,-1.1956903,0.43690878
2021_02_NE_NYJ,1442,0.2993978,0.36652005
2021_02_NE_NYJ,1492,-1.1821516,0.30550495
2021_02_NE_NYJ,1592,1.1986789,0.4633185
2021_02_NE_NYJ,1616,0.5406627,0.17854343
2021_02_NE_NYJ,1645,-0.28550342,0.4758614
2021_02_NE_NYJ,1710,-0.30391574,0.39964044
2021_02_NE_NYJ,1732,0.4568952,0.2454721
2021_02_NE_NYJ,1761,-1.3116593,0.60628974
2021_02_NE_NYJ,1911,1.1111276,0.06925391
2021_02_NE_NYJ,1956,-0.5632161,0.17385404
2021_02_NE_NYJ,2098,-3.6105816,-0.095891856
2021_02_NE_NYJ,2134,0.7406371,0.20420991
2021_02_NE_NYJ,2298,0.84542006,-0.00014918996
2021_02_NE_NYJ,2427,-0.011432867,-0.11071002
2021_02_NE_NYJ,2512,2.370852,0.3745294
2021_02_NE_NYJ,2568,-0.16296762,0.15781999
2021_02_NE_NYJ,2649,-0.7540215,0.34356052
2021_02_NE_NYJ,2671,-0.8082202,0.36267087
2021_02_NE_NYJ,2736,-0.2462299,0.38764763
2021_02_NE_NYJ,2760,1.4689071,0.08983793
2021_02_NE_NYJ,2852,-0.45559785,-0.1514055
2021_02_NE_NYJ,2909,-0.47344708,0.1898454
2021_02_NE_NYJ,2955,-1.0558174,0.09030705
2021_02_NE_NYJ,2979,-2.8575664,-0.3459799
2021_02_NE_NYJ,3050,-1.1632539,-0.62116754
2021_02_NE_NYJ,3134,-0.7166678,0.51044
2021_02_NE_NYJ,3156,2.8672872,0.5649753
2021_02_NE_NYJ,3243,0.12944555,0.06257083
2021_02_NE_NYJ,3293,-0.40056524,0.07062576
2021_02_NE_NYJ,3437,-0.55510396,0.15442945
2021_02_NE_NYJ,3459,-0.8594863,0.57086724
2021_02_NE_NYJ,3500,-0.42135075,0.13202631
2021_02_NE_NYJ,3522,0.2824184,0.20921214
2021_02_NE_NYJ,3546,-1.0411807,0.5369183
2021_02_NE_NYJ,3568,-3.1718905,0.48891085
2021_02_NE_NYJ,3807,0.078345396,0.06023448
2021_02_NE_NYJ,3836,-0.39301026,0.78346384
2021_02_NE_NYJ,3877,2.7318745,-0.476736
2021_02_NE_NYJ,3942,0.24821828,0.18866554
2021_02_NE_NYJ,3971,0.64380574,0.54856086
2021_02_SF_PHI,98,-0.018278362,0.29256535
2021_02_SF_PHI,233,-0.53285426,0.08959127
2021_02_SF_PHI,360,-1.0746086,0.14596884
2021_02_SF_PHI,418,0.9964278,0.33544207
2021_02_SF_PHI,463,0.20449601,0.18914483
2021_02_SF_PHI,567,1.4265367,0.297189
2021_02_SF_PHI,711,-0.5699728,0.14838396
2021_02_SF_PHI,735,-0.7246497,0.12559915
2021_02_SF_PHI,757,-0.10555996,0.03872292
2021_02_SF_PHI,821,-0.84583783,0.07981093
2021_02_SF_PHI,869,0.06392474,0.24349685
2021_02_SF_PHI,919,2.8303704,0.0240848
2021_02_SF_PHI,960,-0.51077425,0.20642777
2021_02_SF_PHI,1134,0.34361348,0.31066647
2021_02_SF_PHI,1215,0.9335875,0.47692993
2021_02_SF_PHI,1270,-0.49046406,0.31190592
2021_02_SF_PHI,1348,-0.49734294,0.062178172
2021_02_SF_PHI,1374,0.4950935,0.23230559
2021_02_SF_PHI,1438,5.6570463,-0.013781
2021_02_SF_PHI,1540,-0.24109726,-0.5007175
2021_02_SF_PHI,1675,1.0113533,0.37614927
2021_02_SF_PHI,1812,0.41926232,0.19541246
2021_02_SF_PHI,1925,2.6770828,0.30658525
2021_02_SF_PHI,1954,3.1176617,0.50213164
2021_02_SF_PHI,2115,-1.1344824,0.9976245
2021_02_SF_PHI,2217,0.7865088,0.23205514
2021_02_SF_PHI,2334,-1.6841902,0.28553426
2021_02_SF_PHI,2527,1.3438431,0.20433903
2021_02_SF_PHI,2572,-0.848585,0.3303338
2021_02_SF_PHI,2594,-1.8163748,0.30794853
2021_02_SF_PHI,2641,0.18888232,-0.02455609
2021_02_SF_PHI,2731,0.96286047,0.12293103
2021_02_SF_PHI,2819,2.1691961,0.35750353
2021_02_SF_PHI,3156,-0.5066343,0.38992837
2021_02_SF_PHI,3202,-0.4813012,0.0052045872
2021_02_SF_PHI,3603,0.5052465,0.30979964
2021_02_SF_PHI,3690,1.5497266,0.09121887
2021_02_SF_PHI,3804,0.24900743,0.29468945
2021_02_LV_PIT,62,0.17532223,0.07596656
2021_02_LV_PIT,107,1.0329884,-0.03216685
2021_02_LV_PIT,152,-0.57806337,-0.29490757
2021_02_LV_PIT,217,-0.61558276,0.45531467
2021_02_LV_PIT,248,0.9087263,0.33923534
2021_02_LV_PIT,317,-0.34070432,0.020044373
2021_02_LV_PIT,409,-0.566886,-0.044724252
2021_02_LV_PIT,473,-0.4771677,0.15130308
2021_02_LV_PIT,497,-2.8761313,0.25634727
2021_02_LV_PIT,523,0.7669552,0.3135151
2021_02_LV_PIT,630,0.57686436,0.1937603
2021_02_LV_PIT,695,1.0664271,0.115366526
2021_02_LV_PIT,754,0.81245625,0.15724708
2021_02_LV_PIT,918,-0.23111126,0.2083515
2021_02_LV_PIT,959,-1.867049,0.35508186
2021_02_LV_PIT,985,-2.3833406,0.4694122
2021_02_LV_PIT,1081,1.9690024,0.23279464
2021_02_LV_PIT,1175,-1.6345036,-0.112563826
2021_02_LV_PIT,1231,0.7382469,0.13672522
2021_02_LV_PIT,1302,-0.13372073,0.4295422
2021_02_LV_PIT,1326,4.1903043,0.012020681
2021_02_LV_PIT,1443,0.7338817,0.040636253
2021_02_LV_PIT,1472,0.70122427,0.6604186
2021_02_LV_PIT,1496,1.4238032,0.43749785
2021_02_LV_PIT,1520,-0.3893662,0.07798756
2021_02_LV_PIT,1554,0.03000229,0.21473177
2021_02_LV_PIT,1578,0.921175,0.3961575
2021_02_LV_PIT,1640,-0.21268116,0.2503852
2021_02_LV_PIT,1686,0.0922223,0.19979416
2021_02_LV_PIT,1832,-0.2085227,0.18092586
2021_02_LV_PIT,1991,0.8718483,0.26873767
2021_02_LV_PIT,2036,1.8839203,0.24187137
2021_02_LV_PIT,2060,-0.5357928,0.24818976
2021_02_LV_PIT,2103,-1.581178,-0.3609372
2021_02_LV_PIT,2144,-0.61815524,0.4541864
2021_02_LV_PIT,2195,2.3521264,0.05599799
2021_02_LV_PIT,2259,-0.75686914,0.027729267
2021_02_LV_PIT,2308,1.3359946,0.53827614
2021_02_LV_PIT,2332,0.7923683,0.2718309
2021_02_LV_PIT,2375,2.9843822,0.29159242
2021_02_LV_PIT,2420,2.463779,0.23634286
2021_02_LV_PIT,2444,1.875809,0.3544578
2021_02_LV_PIT,2531,2.1119967,0.32911357
2021_02_LV_PIT,2593,1.2476013,0.14485686
2021_02_LV_PIT,2643,-0.83794516,-0.043550674
2021_02_LV_PIT,2665,-1.6576265,-0.0082357945
2021_02_LV_PIT,2706,0.7416922,-0.24922486
2021_02_LV_PIT,2754,1.4517815,0.27362818
2021_02_LV_PIT,2803,1.1065878,0.2877153
2021_02_LV_PIT,2827,0.34671977,-0.10800701
2021_02_LV_PIT,2872,-1.5843337,0.07655071
2021_02_LV_PIT,2932,3.806908,0.26999968
2021_02_LV_PIT,3009,-0.6419916,0.4399166
2021_02_LV_PIT,3031,3.9052207,0.38467678
2021_02_LV_PIT,3110,-0.07804231,0.42298546
2021_02_LV_PIT,3134,0.9037701,0.4993581
2021_02_LV_PIT,3158,-0.736718,0.19534492
2021_02_LV_PIT,3203,-0.77240515,0.23057474
2021_02_LV_PIT,3229,6.4565845,0.27365026
2021_02_LV_PIT,3285,-0.16196455,0.2324937
2021_02_LV_PIT,3336,-0.43886936,0.2778894
2021_02_LV_PIT,3511,0.62409556,0.15352643
2021_02_LV_PIT,3535,0.12778527,0.31420434
2021_02_LV_PIT,3583,1.1129916,0.54991686
2021_02_LV_PIT,3631,-0.6276956,-0.075936474
2021_02_LV_PIT,3667,-1.4944286,0.34863964
2021_02_LV_PIT,3761,1.4856551,0.23932196
2021_02_MIN_ARI,75,5.3069487,0.26678583
2021_02_MIN_ARI,146,-0.08639808,0.008874238
2021_02_MIN_ARI,362,0.32753775,0.30962116
2021_02_MIN_ARI,386,-1.7978703,0.2863264
2021_02_MIN_ARI,476,0.94832885,0.15419124
2021_02_MIN_ARI,545,-0.17209913,0.33045125
2021_02_MIN_ARI,619,-0.7998063,-0.6608698
2021_02_MIN_ARI,641,3.0100045,0.42541182
2021_02_MIN_ARI,754,0.8991423,0.62286323
2021_02_MIN_ARI,889,1.9439647,0.18171442
2021_02_MIN_ARI,1243,1.9648904,0.14578736
2021_02_MIN_ARI,1325,-0.579927,-0.07211769
2021_02_MIN_ARI,1351,2.5364368,0.22745922
2021_02_MIN_ARI,1396,0.7225487,0.024652975
2021_02_MIN_ARI,1460,2.7194593,0.2918596
2021_02_MIN_ARI,1797,6.092045,0.13411519
2021_02_MIN_ARI,1868,-0.11821345,0.15661182
2021_02_MIN_ARI,1897,0.981552,0.4734882
2021_02_MIN_ARI,1943,0.28502217,0.17398822
2021_02_MIN_ARI,2031,-0.39066216,0.5363684
2021_02_MIN_ARI,2053,0.053755563,0.27705458
2021_02_MIN_ARI,2152,1.2888631,0.3354859
2021_02_MIN_ARI,2273,-9.166658,0.5674439
2021_02_MIN_ARI,2392,0.14433123,0.09624244
2021_02_MIN_ARI,2437,0.7470917,0.23178063
2021_02_MIN_ARI,2482,1.7187074,0.42581704
2021_02_MIN_ARI,2605,-0.54782796,0.61427295
2021_02_MIN_ARI,2747,0.84580326,0.55649674
2021_02_MIN_ARI,2792,2.1753166,0.5178542
2021_02_MIN_ARI,2847,-4.5053477,0.12787984
2021_02_MIN_ARI,2895,-0.54251397,0.31561127
2021_02_MIN_ARI,2938,-1.3533908,0.26657453
2021_02_MIN_ARI,3017,-0.736392,-0.0030085077
2021_02_MIN_ARI,3056,2.2173672,0.52499455
2021_02_MIN_ARI,3249,-0.47511724,0.38647383
2021_02_MIN_ARI,3383,0.919978,0.17865168
2021_02_MIN_ARI,3433,-1.4607236,0.3021179
2021_02_MIN_ARI,3517,0.1735837,0.4734046
2021_02_MIN_ARI,3541,1.5377259,0.10801444
2021_02_MIN_ARI,3589,-0.16933823,0.54872185
2021_02_MIN_ARI,3613,-1.81001,0.22765465
2021_02_MIN_ARI,3635,4.978545,0.6555975
2021_02_MIN_ARI,3697,-0.74947935,0.33414277
2021_02_MIN_ARI,3719,-0.9448824,0.5836621
2021_02_MIN_ARI,3822,0.3459602,0.40468416
2021_02_MIN_ARI,3867,-1.0621762,0.21436955
2021_02_MIN_ARI,3970,-0.91011316,0.3151748
2021_02_MIN_ARI,4036,-0.283567,0.16238458
2021_02_MIN_ARI,4127,-0.3349259,0.076655574
2021_02_MIN_ARI,4149,-0.5113652,0.26904175
2021_02_MIN_ARI,4180,1.2722696,-0.13901117
2021_02_ATL_TB,54,1.2946066,0.1691976
2021_02_ATL_TB,101,1.6089777,0.17418791
2021_02_ATL_TB,125,-0.45409277,0.19740927
2021_02_ATL_TB,168,3.249853,-0.021966157
2021_02_ATL_TB,231,-0.57505673,0.16066271
2021_02_ATL_TB,281,-1.5165378,0.24286029
2021_02_ATL_TB,325,0.8696607,0.5407543
2021_02_ATL_TB,404,0.70503885,0.19781187
2021_02_ATL_TB,451,-0.46502283,0.20927683
2021_02_ATL_TB,473,-1.6334524,-0.0095990505
2021_02_ATL_TB,537,0.76700616,0.17219818
2021_02_ATL_TB,582,0.9942493,0.20265701
2021_02_ATL_TB,606,-0.5019083,0.2953834
2021_02_ATL_TB,628,0.7604979,0.20182887
2021_02_ATL_TB,734,-0.773185,0.20383975
2021_02_ATL_TB,756,-1.3547639,0.060184862
2021_02_ATL_TB,824,-0.1535386,0.25932512
2021_02_ATL_TB,976,1.2065786,0.48895067
2021_02_ATL_TB,1125,0.11717127,0.108212836
2021_02_ATL_TB,1173,1.5752454,0.07578307
2021_02_ATL_TB,1206,-0.22104977,0.10861615
2021_02_ATL_TB,1290,-0.5240979,0.43676597
2021_02_ATL_TB,1312,0.9676564,0.31950793
2021_02_ATL_TB,1362,-0.4938223,0.04415829
2021_02_ATL_TB,1384,-0.37061512,0.21004815
2021_02_ATL_TB,1408,-1.5233592,0.20687261
2021_02_ATL_TB,1449,-0.75544804,0.4169932
2021_02_ATL_TB,1488,0.34204766,0.3011902
2021_02_ATL_TB,1552,2.7153218,0.28489748
2021_02_ATL_TB,1597,0.080778815,0.54929686
2021_02_ATL_TB,1621,1.1541055,0.33094373
2021_02_ATL_TB,1671,-0.71010524,-0.07988147
2021_02_ATL_TB,1754,1.4091947,0.76929384
2021_02_ATL_TB,1799,1.2780216,0.70250267
2021_02_ATL_TB,1840,1.7800856,0.522271
2021_02_ATL_TB,1942,1.3110806,0.42159635
2021_02_ATL_TB,2009,0.44331595,0.26402086
2021_02_ATL_TB,2074,1.1779293,0.15987407
2021_02_ATL_TB,2158,-0.049044866,0.52435386
2021_02_ATL_TB,2287,-5.5831523,0.3225139
2021_02_ATL_TB,2313,-0.44282573,0.31449193
2021_02_ATL_TB,2335,0.16984646,0.43126994
2021_02_ATL_TB,2471,-0.40157565,0.30556864
2021_02_ATL_TB,2519,0.9406919,0.36073166
2021_02_ATL_TB,2548,-0.537014,0.028449351
2021_02_ATL_TB,2582,-0.49780658,0.38942036
2021_02_ATL_TB,2611,2.852301,-0.16216545
2021_02_ATL_TB,2661,-0.6043354,-0.02271248
2021_02_ATL_TB,2683,1.7264514,0.64747924
2021_02_ATL_TB,2707,1.0162538,-0.31531653
2021_02_ATL_TB,2757,-0.82468045,0.40134692
2021_02_ATL_TB,2781,4.0203547,-0.02639205
2021_02_ATL_TB,2885,-0.8508863,0.39765713
2021_02_ATL_TB,3027,-0.845531,0.14797632
2021_02_ATL_TB,3049,2.935967,0.45282087
2021_02_ATL_TB,3094,1.426212,0.09031034
2021_02_ATL_TB,3129,1.5798062,0.11909511
2021_02_ATL_TB,3195,0.74591476,0.50966203
2021_02_ATL_TB,3343,-0.55865514,0.06994515
2021_02_ATL_TB,3427,0.47119617,0.2525345
2021_02_ATL_TB,3451,-0.58158535,0.34119257
2021_02_ATL_TB,3514,1.7702994,0.40491128
2021_02_ATL_TB,3540,0.035137676,0.6840633
2021_02_ATL_TB,3564,2.156317,0.30170122
2021_02_ATL_TB,3644,0.053724475,0.40958714
2021_02_ATL_TB,3672,-7.6067605,0.19610073
2021_02_ATL_TB,3730,0.56118566,-0.04010672
2021_02_ATL_TB,3775,-0.5188739,-0.0049886643
2021_02_ATL_TB,3804,-0.5856416,0.023097731
2021_02_ATL_TB,3828,-3.2048833,0.15625426
2021_02_ATL_TB,3871,-0.7307825,0.40061423
2021_02_ATL_TB,3893,-0.2450702,0.4484503
2021_02_ATL_TB,3938,-8.431425,-0.010468594
2021_02_ATL_TB,4078,-0.43889835,-0.22285545
2021_02_ATL_TB,4138,-2.4018173,0.1308756
2021_02_DAL_LAC,82,0.3529,0.26700196
2021_02_DAL_LAC,127,0.4292835,0.0660456
2021_02_DAL_LAC,256,0.29375318,0.22242148
2021_02_DAL_LAC,322,2.2188525,0.22592908
2021_02_DAL_LAC,367,-0.7474268,0.3793276
2021_02_DAL_LAC,389,1.7439963,0.2755853
2021_02_DAL_LAC,492,1.2937257,-0.44278094
2021_02_DAL_LAC,521,-4.829453,0.5335865
2021_02_DAL_LAC,547,1.0958788,0.4137933
2021_02_DAL_LAC,597,-5.7491164,0.45752573
2021_02_DAL_LAC,652,0.42778462,0.22057542
2021_02_DAL_LAC,807,0.97573674,0.059076685
2021_02_DAL_LAC,857,0.7029442,0.31581467
2021_02_DAL_LAC,881,0.9189514,0.39456874
2021_02_DAL_LAC,1021,-0.09410137,-0.12167974
2021_02_DAL_LAC,1143,-1.3427174,-0.0419131
2021_02_DAL_LAC,1171,2.5350037,-0.118274026
2021_02_DAL_LAC,1238,0.13781527,-0.05933177
2021_02_DAL_LAC,1323,3.6221397,0.17174348
2021_02_DAL_LAC,1433,-0.079919994,0.16215268
2021_02_DAL_LAC,1499,1.359777,0.24154672
2021_02_DAL_LAC,1647,-0.14908686,0.3070502
2021_02_DAL_LAC,1671,-2.6529083,-0.38005984
2021_02_DAL_LAC,1714,1.2834858,0.33298096
2021_02_DAL_LAC,1794,-0.71819925,0.11023813
2021_02_DAL_LAC,1924,-0.1471667,0.036462046
2021_02_DAL_LAC,1948,0.7876889,0.4098358
2021_02_DAL_LAC,1998,-0.04502367,0.58260614
2021_02_DAL_LAC,2062,-0.24864008,0.41997096
2021_02_DAL_LAC,2084,-0.32624775,0.38780046
2021_02_DAL_LAC,2271,0.8064079,0.13682172
2021_02_DAL_LAC,2417,-0.9207863,0.32364658
2021_02_DAL_LAC,2439,4.136264,0.22239348
2021_02_DAL_LAC,2468,0.4678967,0.4732654
2021_02_DAL_LAC,2513,-0.9036501,0.276587
2021_02_DAL_LAC,2558,-0.9755064,0.3851643
2021_02_DAL_LAC,2635,0.34377736,0.11658564
2021_02_DAL_LAC,2842,-0.05483516,0.406894
2021_02_DAL_LAC,2866,0.46451953,0.08850611
2021_02_DAL_LAC,2944,-0.85861367,0.17796905
2021_02_DAL_LAC,2966,1.9591515,0.4277032
2021_02_DAL_LAC,3066,2.6805358,0.409506
2021_02_DAL_LAC,3101,-0.3157001,0.010084647
2021_02_DAL_LAC,3136,-0.76171196,0.2505744
2021_02_DAL_LAC,3158,-4.9318743,0.24516793
2021_02_DAL_LAC,3323,1.5939434,0.50926834
2021_02_DAL_LAC,3368,-0.7691017,0.34389
2021_02_DAL_LAC,3506,-0.45990777,0.22011615
2021_02_DAL_LAC,3530,1.3047091,0.41778642
2021_02_DAL_LAC,3629,2.689669,0.6091629
2021_02_DAL_LAC,3707,-0.4750585,0.21712132
2021_02_DAL_LAC,3758,0.2908582,0.36873087
2021_02_DAL_LAC,3855,0.31379357,0.3011876
2021_02_DAL_LAC,3879,1.1502094,0.2686786
2021_02_DAL_LAC,3988,-0.15573536,0.21963646
2021_02_DAL_LAC,4012,1.0260266,0.27594426
2021_02_DAL_LAC,4057,-0.026760483,0.25425968
2021_02_TEN_SEA,76,-0.77349234,0.23190169
2021_02_TEN_SEA,204,0.34573627,0.066715255
2021_02_TEN_SEA,255,3.1569715,0.5393853
2021_02_TEN_SEA,321,-1.6176275,-0.5028752
2021_02_TEN_SEA,391,0.2222947,0.32977736
2021_02_TEN_SEA,465,-0.57062393,0.32079947
2021_02_TEN_SEA,508,1.9237044,0.16808528
2021_02_TEN_SEA,532,0.87273765,0.28957495
2021_02_TEN_SEA,577,0.009499876,0.20757315
2021_02_TEN_SEA,601,2.1637845,0.5314673
2021_02_TEN_SEA,673,-0.78344256,0.16055004
2021_02_TEN_SEA,695,-0.99694157,0.5151267
2021_02_TEN_SEA,796,1.6585089,-0.035389934
2021_02_TEN_SEA,841,-0.15129343,0.123066254
2021_02_TEN_SEA,884,-1.5911258,0.16094433
2021_02_TEN_SEA,1091,3.6219642,0.36959088
2021_02_TEN_SEA,1115,0.7785267,-0.0385852
2021_02_TEN_SEA,1282,1.0562798,0.58502364
2021_02_TEN_SEA,1327,5.7427826,0.6568944
2021_02_TEN_SEA,1597,1.0244972,0.25304466
2021_02_TEN_SEA,1746,-1.3940887,0.10189626
2021_02_TEN_SEA,1839,0.40106526,0.27656215
2021_02_TEN_SEA,1897,0.80334795,0.5798386
2021_02_TEN_SEA,1943,0.38162214,0.18701139
2021_02_TEN_SEA,1993,-0.42708057,0.6172484
2021_02_TEN_SEA,2243,0.5781319,0.15262558
2021_02_TEN_SEA,2288,1.0921853,0.020693725
2021_02_TEN_SEA,2333,2.8972418,0.051409043
2021_02_TEN_SEA,2537,1.0574092,0.58324534
2021_02_TEN_SEA,2561,0.69824344,0.05853778
2021_02_TEN_SEA,2618,0.62836385,0.20822315
2021_02_TEN_SEA,2740,2.140386,0.56552064
2021_02_TEN_SEA,2764,0.74187547,0.31458253
2021_02_TEN_SEA,2830,-0.52080065,0.70231205
2021_02_TEN_SEA,2852,-0.8480844,0.28487775
2021_02_TEN_SEA,2874,2.1810522,0.3121664
2021_02_TEN_SEA,2919,-0.08645046,0.3394724
2021_02_TEN_SEA,2943,-1.4215541,0.04789115
2021_02_TEN_SEA,3078,-0.27330646,0.034762207
2021_02_TEN_SEA,3102,7.23684,0.3729907
2021_02_TEN_SEA,3158,0.88272405,0.33103636
2021_02_TEN_SEA,3261,-0.19232601,0.1895091
2021_02_TEN_SEA,3285,-1.4541937,0.4448718
2021_02_TEN_SEA,3443,0.9096146,0.23987623
2021_02_TEN_SEA,3516,0.851847,0.11659237
2021_02_TEN_SEA,3540,-3.1928809,-0.116809614
2021_02_TEN_SEA,3597,-0.6096015,-0.07781721
2021_02_TEN_SEA,3619,-0.2669431,0.50070024
2021_02_TEN_SEA,3725,0.547622,0.023622496
2021_02_TEN_SEA,3773,-0.16385786,0.8382292
2021_02_TEN_SEA,3797,0.85654444,0.2764183
2021_02_TEN_SEA,3842,1.0708919,0.39758334
2021_02_TEN_SEA,3929,-0.16013065,0.3663007
2021_02_TEN_SEA,3953,0.542324,0.5354857
2021_02_TEN_SEA,4126,0.0094341375,0.33364904
2021_02_TEN_SEA,4167,-0.18729386,0.23136927
2021_02_TEN_SEA,4335,0.13138525,0.3624073
2021_02_TEN_SEA,4445,-0.50369996,0.5807768
2021_02_TEN_SEA,4489,-0.8104323,0.26654235
2021_02_TEN_SEA,4530,-0.44600043,0.36416683
2021_02_TEN_SEA,4552,-0.6437623,0.34320104
2021_02_KC_BAL,77,-0.77678424,0.39221796
2021_02_KC_BAL,99,-7.2409024,0.13493375
2021_02_KC_BAL,397,0.53123206,0.09927273
2021_02_KC_BAL,421,1.4096582,0.36025387
2021_02_KC_BAL,523,3.3392115,0.32653862
2021_02_KC_BAL,579,1.0658364,0.34085372
2021_02_KC_BAL,734,-0.4106835,0.43148646
2021_02_KC_BAL,780,-2.8496563,0.32719263
2021_02_KC_BAL,806,1.1206365,0.3712172
2021_02_KC_BAL,865,-1.8085773,-0.08011534
2021_02_KC_BAL,952,-0.28705505,-0.43338418
2021_02_KC_BAL,1022,0.06629893,0.29158399
2021_02_KC_BAL,1107,1.4798614,0.47047392
2021_02_KC_BAL,1152,0.987586,0.32979152
2021_02_KC_BAL,1176,-0.50582767,0.48188955
2021_02_KC_BAL,1198,-0.72177386,0.41429958
2021_02_KC_BAL,1220,-1.2326475,-0.0026592622
2021_02_KC_BAL,1328,1.6476005,-0.10809548
2021_02_KC_BAL,1352,0.5659616,0.4672214
2021_02_KC_BAL,1399,-0.43088403,0.4998419
2021_02_KC_BAL,1453,0.31364623,0.31072536
2021_02_KC_BAL,1477,1.8481144,0.49123445
2021_02_KC_BAL,1606,0.7832503,0.51863146
2021_02_KC_BAL,1719,1.9303269,0.056884423
2021_02_KC_BAL,1802,0.26283497,0.033407666
2021_02_KC_BAL,1939,0.5273468,0.40555844
2021_02_KC_BAL,2012,0.5962093,0.11477981
2021_02_KC_BAL,2186,0.49389148,0.22317556
2021_02_KC_BAL,2210,0.7627033,0.462215
2021_02_KC_BAL,2255,3.9046645,0.22827058
2021_02_KC_BAL,2388,1.1035537,0.07992106
2021_02_KC_BAL,2412,4.533361,-0.027617311
2021_02_KC_BAL,2537,-0.07351917,0.44955182
2021_02_KC_BAL,2593,-0.51716256,0.5261622
2021_02_KC_BAL,2615,4.71667,-0.052795686
2021_02_KC_BAL,2876,-0.3753829,0.27202147
2021_02_KC_BAL,2933,-3.3985264,0.4111823
2021_02_KC_BAL,3004,1.2210284,-0.26825202
2021_02_KC_BAL,3068,1.2745488,0.26880068
2021_02_KC_BAL,3139,-0.947,0.37636548
2021_02_KC_BAL,3211,0.7656023,0.35826918
2021_02_KC_BAL,3256,-0.29485193,0.20763528
2021_02_KC_BAL,3280,-1.2889497,-0.17557746
2021_02_KC_BAL,3364,-0.52542996,0.47677732
2021_02_KC_BAL,3458,0.59737927,0.6318351
2021_02_KC_BAL,3555,-0.7144646,0.37243226
2021_02_KC_BAL,3676,-0.947,-0.027263727
2021_02_KC_BAL,3705,0.9197843,0.3029606
2021_02_KC_BAL,3729,0.7028602,0.43542898
2021_02_KC_BAL,3907,-0.51313204,0.46598023
2021_02_DET_GB,76,0.89313126,0.41454598
2021_02_DET_GB,105,3.4815686,-0.14199397
2021_02_DET_GB,134,0.6403162,0.02066198
2021_02_DET_GB,201,1.7518556,-0.77493817
2021_02_DET_GB,325,1.1610401,0.16807818
2021_02_DET_GB,579,0.22400129,0.3814838
2021_02_DET_GB,624,-0.018278468,0.04280045
2021_02_DET_GB,750,-0.2711504,0.12701097
2021_02_DET_GB,817,-2.1467237,0.38361976
2021_02_DET_GB,924,-0.55537057,0.24425308
2021_02_DET_GB,946,-0.2829556,0.14253782
2021_02_DET_GB,1028,0.42464086,0.25668183
2021_02_DET_GB,1147,0.50980395,0.19208537
2021_02_DET_GB,1197,2.3425841,0.37538692
2021_02_DET_GB,1357,0.71792847,0.40582913
2021_02_DET_GB,1491,0.890002,0.32416594
2021_02_DET_GB,1596,1.3702266,0.543025
2021_02_DET_GB,1637,-0.4885333,0.26827303
2021_02_DET_GB,1678,-0.16812527,0.33045104
2021_02_DET_GB,1700,-0.08815357,0.64162767
2021_02_DET_GB,1873,1.2676268,0.3974957
2021_02_DET_GB,1942,5.1996555,0.4040741
2021_02_DET_GB,2041,3.190401,0.5371643
2021_02_DET_GB,2119,0.39865056,0.23713826
2021_02_DET_GB,2164,1.3207006,0.29698128
2021_02_DET_GB,2188,-0.76228315,0.39827475
2021_02_DET_GB,2248,-0.059742928,0.5510522
2021_02_DET_GB,2272,-4.0376244,0.45298398
2021_02_DET_GB,2294,-0.55437225,0.26818585
2021_02_DET_GB,2337,2.77379,0.5591951
2021_02_DET_GB,2437,-0.4965111,0.16549905
2021_02_DET_GB,2483,1.7052314,0.3411743
2021_02_DET_GB,2531,1.4164052,0.25960943
2021_02_DET_GB,2645,2.2965066,0.33236706
2021_02_DET_GB,2959,-0.0051046084,-0.12582114
2021_02_DET_GB,2983,0.99480665,-0.321944
2021_02_DET_GB,3030,0.09340189,-0.119224295
2021_02_DET_GB,3054,0.116629615,0.22521931
2021_02_DET_GB,3157,0.9910636,0.4444827
2021_02_DET_GB,3203,0.40455562,0.14659446
2021_02_DET_GB,3343,-0.3901791,0.124768056
2021_02_DET_GB,3391,-3.5261972,0.3762262
2021_02_DET_GB,3498,-1.05167,0.6492828
2021_02_DET_GB,3546,0.08894986,-0.24684024
2021_02_DET_GB,3575,0.34940055,-0.10838323
2021_02_DET_GB,3599,1.1882412,-0.17453319
2021_02_DET_GB,3623,0.88859975,-0.45859694
2021_02_DET_GB,3647,-0.49325952,0.006229104
2021_02_DET_GB,3669,0.38605052,-0.55443496
2021_02_DET_GB,3710,-1.5401547,-0.08846413
2021_02_DET_GB,3759,-1.6973188,0.06823204
2021_03_CAR_HOU,54,0.4295957,0.3307022
2021_03_CAR_HOU,78,-0.84595644,0.30278945
2021_03_CAR_HOU,100,-1.7564973,0.28521794
2021_03_CAR_HOU,319,-0.73774236,0.2910651
2021_03_CAR_HOU,341,3.2591999,-0.09906829
2021_03_CAR_HOU,365,0.76169676,0.67672193
2021_03_CAR_HOU,415,2.2202954,0.3373121
2021_03_CAR_HOU,596,-0.3907937,0.33083314
2021_03_CAR_HOU,692,1.4560509,0.19665416
2021_03_CAR_HOU,838,0.82965887,0.101437986
2021_03_CAR_HOU,904,-0.5679399,0.27396974
2021_03_CAR_HOU,926,2.213717,0.50587785
2021_03_CAR_HOU,971,-0.752557,0.08123354
2021_03_CAR_HOU,1023,0.5657608,0.23382849
2021_03_CAR_HOU,1395,-0.6551563,0.0328474
2021_03_CAR_HOU,1530,-0.6294857,-0.059582334
2021_03_CAR_HOU,1573,-0.41577566,0.2952142
2021_03_CAR_HOU,1595,0.22587743,0.114532284
2021_03_CAR_HOU,1697,0.03623602,-0.054510653
2021_03_CAR_HOU,1721,2.0198288,0.55075634
2021_03_CAR_HOU,1766,0.89359146,0.57020295
2021_03_CAR_HOU,1812,1.8148896,0.19010383
2021_03_CAR_HOU,1853,0.8242608,0.3978695
2021_03_CAR_HOU,1904,0.18777303,0.12858313
2021_03_CAR_HOU,2015,-0.6263409,0.41704032
2021_03_CAR_HOU,2037,1.3338419,0.36456195
2021_03_CAR_HOU,2084,0.06396097,0.4546953
2021_03_CAR_HOU,2108,0.9229731,0.1457648
2021_03_CAR_HOU,2132,-0.5169402,0.40553823
2021_03_CAR_HOU,2266,-0.8188015,0.6468942
2021_03_CAR_HOU,2292,-1.9365003,0.096114784
2021_03_CAR_HOU,2377,1.2380801,0.07831416
2021_03_CAR_HOU,2476,1.627371,-0.0060181627
2021_03_CAR_HOU,2524,1.654173,0.19588396
2021_03_CAR_HOU,2750,0.17217544,-0.15583217
2021_03_CAR_HOU,2774,1.901872,0.399445
2021_03_CAR_HOU,2896,2.8972297,0.29497212
2021_03_CAR_HOU,2952,-0.8056592,0.42173386
2021_03_CAR_HOU,2974,-1.229661,0.31793904
2021_03_CAR_HOU,3049,0.7099689,0.23090558
2021_03_CAR_HOU,3073,0.8589435,0.2559757
2021_03_CAR_HOU,3097,-0.4730515,0.08585697
2021_03_CAR_HOU,3119,1.0851657,-0.020571206
2021_03_CAR_HOU,3143,-0.46519238,0.1885319
2021_03_CAR_HOU,3165,-0.10873449,0.13417113
2021_03_CAR_HOU,3263,0.97216946,-0.023688756
2021_03_CAR_HOU,3329,-0.7992144,0.5050647
2021_03_CAR_HOU,3351,2.0912807,-0.14590882
2021_03_CAR_HOU,3375,1.3946791,0.6769334
2021_03_CAR_HOU,3458,-0.23150417,0.5087872
2021_03_CAR_HOU,3573,0.80183285,0.13600142
2021_03_CAR_HOU,3602,-0.54228306,0.42770827
2021_03_CAR_HOU,3665,-0.73183006,-0.11877092
2021_03_CAR_HOU,3716,-2.1025198,-0.13576527
2021_03_WAS_BUF,80,-0.8102079,0.17458387
2021_03_WAS_BUF,125,3.562453,0.12464985
2021_03_WAS_BUF,170,0.9388254,0.24080382
2021_03_WAS_BUF,194,0.799283,0.48987406
2021_03_WAS_BUF,223,-0.39037982,-0.28636664
2021_03_WAS_BUF,258,3.0881019,-0.74603206
2021_03_WAS_BUF,346,-0.72505623,0.14163847
2021_03_WAS_BUF,489,-0.13479665,-0.044140626
2021_03_WAS_BUF,555,-0.46563932,-0.12487181
2021_03_WAS_BUF,610,1.2445792,0.30170876
2021_03_WAS_BUF,638,-0.49438113,0.6488573
2021_03_WAS_BUF,660,0.12611182,0.080608256
2021_03_WAS_BUF,729,-0.5275219,0.25070286
2021_03_WAS_BUF,772,-2.958083,0.51681393
2021_03_WAS_BUF,887,0.9843342,0.3674485
2021_03_WAS_BUF,972,-0.27024242,0.14309916
2021_03_WAS_BUF,1017,2.551208,-0.015517198
2021_03_WAS_BUF,1077,0.48213968,-0.41241255
2021_03_WAS_BUF,1127,-6.0190644,0.5590053
2021_03_WAS_BUF,1174,-0.7755452,-0.3066458
2021_03_WAS_BUF,1200,3.1723874,0.21607149
2021_03_WAS_BUF,1394,1.9406708,0.45652512
2021_03_WAS_BUF,1418,-0.423885,0.06444057
2021_03_WAS_BUF,1497,0.9449782,0.31402853
2021_03_WAS_BUF,1547,-0.41573545,0.2516344
2021_03_WAS_BUF,1571,-1.5809257,0.3349005
2021_03_WAS_BUF,1683,-0.3126767,0.37132475
2021_03_WAS_BUF,1758,2.6569333,0.37889224
2021_03_WAS_BUF,1925,-0.8047483,-0.89173543
2021_03_WAS_BUF,2084,-0.29400396,0.26605913
2021_03_WAS_BUF,2108,-0.22547059,0.28891462
2021_03_WAS_BUF,2130,-0.4744224,0.3790298
2021_03_WAS_BUF,2173,0.11453512,0.50999206
2021_03_WAS_BUF,2202,0.80096596,0.7947423
2021_03_WAS_BUF,2243,0.512149,0.086993106
2021_03_WAS_BUF,2289,0.654819,0.06329784
2021_03_WAS_BUF,2369,1.1932465,0.13692378
2021_03_WAS_BUF,2441,-1.8906585,0.2071826
2021_03_WAS_BUF,2507,1.3170172,0.10437583
2021_03_WAS_BUF,2531,0.9769582,0.26546252
2021_03_WAS_BUF,2576,-0.07817662,0.1875157
2021_03_WAS_BUF,2690,-0.76918447,0.49549368
2021_03_WAS_BUF,2712,1.513637,0.11052489
2021_03_WAS_BUF,2736,0.75541455,0.28582636
2021_03_WAS_BUF,2879,1.4976729,-0.16055
2021_03_WAS_BUF,2904,-0.947,0.09659273
2021_03_WAS_BUF,3063,-3.2560039,0.8670916
2021_03_WAS_BUF,3089,-0.46601793,0.5868352
2021_03_WAS_BUF,3136,-1.585244,0.10091143
2021_03_WAS_BUF,3278,-1.2995018,0.15366337
2021_03_WAS_BUF,3325,-0.5292363,0.17439534
2021_03_WAS_BUF,3387,-1.739752,-0.34160647
2021_03_WAS_BUF,3449,-0.60078365,0.18322277
2021_03_WAS_BUF,3471,1.6646978,-0.34298924
2021_03_WAS_BUF,3516,-1.095608,0.21815231
2021_03_WAS_BUF,3590,1.5564073,-0.026864119
2021_03_WAS_BUF,3793,1.8167541,-0.08129718
2021_03_WAS_BUF,3875,2.5382473,0.15770337
2021_03_WAS_BUF,3899,-0.513123,0.12509005
2021_03_WAS_BUF,3968,3.8675315,0.28762412
2021_03_WAS_BUF,4095,-0.2561313,0.002906898
2021_03_CHI_CLE,55,-0.6976992,0.47679743
2021_03_CHI_CLE,77,-0.71754086,0.051204104
2021_03_CHI_CLE,99,2.254346,0.10973016
2021_03_CHI_CLE,144,-0.82120734,0.33817232
2021_03_CHI_CLE,252,-1.8816881,0.42907616
2021_03_CHI_CLE,506,0.80720145,0.05218748
2021_03_CHI_CLE,553,1.527339,0.13583963
2021_03_CHI_CLE,603,0.53031754,0.13987756
2021_03_CHI_CLE,627,-1.0882418,0.40418023
2021_03_CHI_CLE,733,0.074290164,-0.1786647
2021_03_CHI_CLE,799,-0.15405706,0.2278346
2021_03_CHI_CLE,982,-1.2867731,0.16462311
2021_03_CHI_CLE,1205,-0.6709984,0.48302492
2021_03_CHI_CLE,1227,2.1985116,0.5227262
2021_03_CHI_CLE,1255,0.29793137,0.085122265
2021_03_CHI_CLE,1467,0.6202393,0.38498363
2021_03_CHI_CLE,1650,1.6018782,0.026163604
2021_03_CHI_CLE,1695,0.791884,0.4302985
2021_03_CHI_CLE,1742,0.3097346,0.20199512
2021_03_CHI_CLE,1783,0.200078,0.22422887
2021_03_CHI_CLE,1824,-0.2653058,-0.14359736
2021_03_CHI_CLE,1930,2.999597,0.34883735
2021_03_CHI_CLE,2063,-0.66591984,0.2288932
2021_03_CHI_CLE,2085,-0.7802479,0.15885685
2021_03_CHI_CLE,2193,2.9081938,0.11702591
2021_03_CHI_CLE,2382,-0.73750037,-0.27504048
2021_03_CHI_CLE,2568,-0.5263517,-0.092646234
2021_03_CHI_CLE,2612,2.5609932,-0.07908094
2021_03_CHI_CLE,2636,-0.5183188,0.4763928
2021_03_CHI_CLE,2810,-0.25970927,-0.064256676
2021_03_CHI_CLE,2889,0.898774,0.38321722
2021_03_CHI_CLE,2924,-0.47140783,-0.06889185
2021_03_CHI_CLE,3011,-0.66705096,0.23815116
2021_03_CHI_CLE,3108,-0.55299073,0.30889094
2021_03_CHI_CLE,3163,-0.5298146,-0.073729485
2021_03_CHI_CLE,3206,-1.3208959,0.115892954
2021_03_CHI_CLE,3345,-1.9355762,0.117332526
2021_03_CHI_CLE,3469,-0.66594523,0.0034601074
2021_03_CHI_CLE,3843,-0.4334181,0.16793805
2021_03_CHI_CLE,3887,-0.9204087,-0.60515374
2021_03_BAL_DET,55,-0.7342034,0.22521903
2021_03_BAL_DET,79,1.4319918,0.5348341
2021_03_BAL_DET,140,-0.53482836,0.3153134
2021_03_BAL_DET,183,-1.7103499,0.39359736
2021_03_BAL_DET,224,0.033974312,0.024057992
2021_03_BAL_DET,470,1.1662158,0.029449543
2021_03_BAL_DET,494,0.7509373,0.69328654
2021_03_BAL_DET,653,-0.4595674,-0.018837117
2021_03_BAL_DET,677,-0.6905843,0.68181735
2021_03_BAL_DET,777,-0.6120222,0.50333
2021_03_BAL_DET,898,-0.2013563,0.0733823
2021_03_BAL_DET,981,-0.6150491,-0.13616465
2021_03_BAL_DET,1152,-0.5189421,0.48670194
2021_03_BAL_DET,1174,1.9514195,0.5005061
2021_03_BAL_DET,1224,-0.6352682,0.6404375
2021_03_BAL_DET,1301,-0.20241246,0.4509065
2021_03_BAL_DET,1384,-0.52254677,0.5458548
2021_03_BAL_DET,1596,2.695351,0.10291454
2021_03_BAL_DET,1677,-0.50634336,-0.35099325
2021_03_BAL_DET,1699,4.1726046,0.1302825
2021_03_BAL_DET,1755,0.5482222,0.038803324
2021_03_BAL_DET,1800,-1.4685992,0.0015246095
2021_03_BAL_DET,1941,-0.32785007,0.07300666
2021_03_BAL_DET,1975,2.2792134,0.069895804
2021_03_BAL_DET,2004,-0.28978464,0.0065733125
2021_03_BAL_DET,2030,-0.48387924,0.16592416
2021_03_BAL_DET,2135,0.13101032,0.47996268
2021_03_BAL_DET,2164,-0.0555954,0.2808698
2021_03_BAL_DET,2205,-0.2329794,1.0824248
2021_03_BAL_DET,2305,0.82090086,-0.16844438
2021_03_BAL_DET,2361,3.4748619,0.4284151
2021_03_BAL_DET,2390,-0.44844893,0.41960862
2021_03_BAL_DET,2433,-1.1800447,0.41478217
2021_03_BAL_DET,2501,-0.055479407,0.0008653328
2021_03_BAL_DET,2525,0.96732044,-0.12312263
2021_03_BAL_DET,2570,1.0798603,-0.1301112
2021_03_BAL_DET,2615,0.80091125,0.26208234
2021_03_BAL_DET,2639,1.2445401,-0.035405755
2021_03_BAL_DET,2699,1.2691622,0.4083132
2021_03_BAL_DET,2805,0.36089846,0.29401326
2021_03_BAL_DET,2918,1.9911718,0.31050578
2021_03_BAL_DET,2942,-0.5186451,0.38252437
2021_03_BAL_DET,2980,-0.043905005,0.1737325
2021_03_BAL_DET,3009,-1.3554611,-0.40208548
2021_03_BAL_DET,3166,-0.8580138,-0.23611252
2021_03_BAL_DET,3192,1.9975659,0.38888526
2021_03_BAL_DET,3343,1.3810393,0.36700803
2021_03_BAL_DET,3495,1.091797,0.5267621
2021_03_BAL_DET,3580,-2.8561358,0.55779403
2021_03_BAL_DET,3606,1.4606624,0.30046827
2021_03_BAL_DET,3651,1.6983701,0.38134405
2021_03_BAL_DET,3945,-0.058290575,0.108686715
2021_03_BAL_DET,4003,0.7243463,-0.5765778
2021_03_BAL_DET,4058,0.22871515,-0.044887368
2021_03_ARI_JAX,76,0.19947906,0.23435956
2021_03_ARI_JAX,100,-1.7129256,0.3099282
2021_03_ARI_JAX,223,0.49729666,0.2877173
2021_03_ARI_JAX,244,-1.628209,0.041874465
2021_03_ARI_JAX,339,-1.4558429,0.34309348
2021_03_ARI_JAX,389,0.40370154,0.33730492
2021_03_ARI_JAX,413,0.37201327,0.34167787
2021_03_ARI_JAX,437,1.8908224,0.42984295
2021_03_ARI_JAX,580,-0.5860291,0.1479154
2021_03_ARI_JAX,602,0.42794886,-0.00016206739
2021_03_ARI_JAX,647,0.82521373,0.031633295
2021_03_ARI_JAX,719,-1.6502923,0.37744278
2021_03_ARI_JAX,781,0.4246978,-0.43768734
2021_03_ARI_JAX,889,1.2750816,0.86313915
2021_03_ARI_JAX,953,2.2072463,0.09693161
2021_03_ARI_JAX,1029,-3.814412,0.26930887
2021_03_ARI_JAX,1143,-0.22098085,0.25673872
2021_03_ARI_JAX,1167,0.66441566,-0.0017235947
2021_03_ARI_JAX,1191,-1.3088342,0.14016433
2021_03_ARI_JAX,1396,0.5613721,0.20120609
2021_03_ARI_JAX,1600,0.49213168,0.2802242
2021_03_ARI_JAX,1735,0.97571564,0.10596272
2021_03_ARI_JAX,1759,1.3355451,0.5997539
2021_03_ARI_JAX,1800,0.064110756,0.13764755
2021_03_ARI_JAX,1824,2.6694183,0.3593727
2021_03_ARI_JAX,1934,0.47893268,0.05823129
2021_03_ARI_JAX,2046,0.07555706,0.31769997
2021_03_ARI_JAX,2147,-3.9690113,0.52784145
2021_03_ARI_JAX,2221,-1.540279,0.68288
2021_03_ARI_JAX,2283,2.7358906,0.6942469
2021_03_ARI_JAX,2307,0.46521935,-0.017726814
2021_03_ARI_JAX,2410,-1.3735121,0.19255875
2021_03_ARI_JAX,2432,2.2161953,0.10260773
2021_03_ARI_JAX,2456,-0.416172,0.44714954
2021_03_ARI_JAX,2478,-0.55242956,0.30919322
2021_03_ARI_JAX,2506,-0.69839007,0.0567094
2021_03_ARI_JAX,2845,2.4972193,0.37533572
2021_03_ARI_JAX,3164,1.4980402,0.25940117
2021_03_ARI_JAX,3209,-0.8274722,0.007011875
2021_03_ARI_JAX,3233,3.5940614,0.46278548
2021_03_ARI_JAX,3327,-0.063926995,0.13066947
2021_03_ARI_JAX,3457,0.73022777,0.009781029
2021_03_ARI_JAX,3500,2.029963,0.036322545
2021_03_ARI_JAX,3582,0.8134947,0.117760316
2021_03_ARI_JAX,3606,-0.7814367,0.13019238
2021_03_ARI_JAX,3732,1.5459288,0.051097237
2021_03_ARI_JAX,3997,0.661628,-0.19107725
2021_03_ARI_JAX,4045,0.23742196,0.18023655
2021_03_ARI_JAX,4070,-0.3472063,-0.13755192
2021_03_ARI_JAX,4116,-1.080636,-0.044307742
2021_03_ARI_JAX,4138,2.6567438,-0.12353759
2021_03_ARI_JAX,4162,-0.42593306,-0.12603006
2021_03_LAC_KC,100,-0.90834963,-0.015557076
2021_03_LAC_KC,210,-0.61484474,0.34669295
2021_03_LAC_KC,330,0.025403688,0.6661502
2021_03_LAC_KC,399,-3.4656634,0.39562902
2021_03_LAC_KC,425,-0.3955888,-0.17038597
2021_03_LAC_KC,492,1.3782028,0.23877789
2021_03_LAC_KC,521,-0.6190701,0.25870904
2021_03_LAC_KC,673,0.35862938,0.32834524
2021_03_LAC_KC,737,-6.7076917,0.06501833
2021_03_LAC_KC,788,0.3941839,0.3914502
2021_03_LAC_KC,854,-0.5508288,0.4291943
2021_03_LAC_KC,876,1.2381344,0.31767836
2021_03_LAC_KC,940,1.5869231,0.676703
2021_03_LAC_KC,985,1.4933637,0.13238898
2021_03_LAC_KC,1125,2.0012147,0.44079086
2021_03_LAC_KC,1236,0.50627846,0.052505095
2021_03_LAC_KC,1260,0.34514254,0.09229851
2021_03_LAC_KC,1305,3.0216436,0.36086464
2021_03_LAC_KC,1330,1.053,0.18983303
2021_03_LAC_KC,1460,0.099850565,0.30051452
2021_03_LAC_KC,1484,0.953643,0.37489998
2021_03_LAC_KC,1529,0.38446552,0.12321882
2021_03_LAC_KC,1553,-1.4755377,0.50611943
2021_03_LAC_KC,1629,0.013187814,0.17532243
2021_03_LAC_KC,1653,-0.4605467,-0.21134609
2021_03_LAC_KC,1675,1.3453376,0.54697466
2021_03_LAC_KC,1716,1.5974191,0.33028525
2021_03_LAC_KC,1740,-0.32946664,0.0964602
2021_03_LAC_KC,1762,0.37640896,0.43868393
2021_03_LAC_KC,1847,-0.47285703,0.2777381
2021_03_LAC_KC,1869,-0.33781466,0.6411179
2021_03_LAC_KC,2045,0.80864096,0.4003153
2021_03_LAC_KC,2090,-0.53792274,0.13065967
2021_03_LAC_KC,2133,1.9868156,0.41542345
2021_03_LAC_KC,2157,0.44471392,0.46980155
2021_03_LAC_KC,2284,-0.46310425,-0.26895034
2021_03_LAC_KC,2428,-1.1187085,-0.2394918
2021_03_LAC_KC,2496,0.75645393,0.2535715
2021_03_LAC_KC,2564,2.7755783,0.2288829
2021_03_LAC_KC,2657,1.6914016,0.47373173
2021_03_LAC_KC,2702,-0.46005008,0.20931172
2021_03_LAC_KC,2857,1.7464726,0.5750558
2021_03_LAC_KC,2881,-0.5088091,0.14174384
2021_03_LAC_KC,2914,1.1546918,0.32241774
2021_03_LAC_KC,2959,0.104048274,0.16162843
2021_03_LAC_KC,2983,-1.3924005,0.21676077
2021_03_LAC_KC,3026,2.6790962,0.68086797
2021_03_LAC_KC,3071,3.2843158,0.22595426
2021_03_LAC_KC,3134,0.08510016,0.08148412
2021_03_LAC_KC,3206,0.2996627,0.14715153
2021_03_LAC_KC,3344,1.2222766,0.50302106
2021_03_LAC_KC,3588,-0.39742586,0.14818317
2021_03_LAC_KC,3733,-0.9066081,0.17604107
2021_03_LAC_KC,3755,-1.0073165,0.13362765
2021_03_LAC_KC,3849,-0.50105417,0.35864922
2021_03_LAC_KC,3871,-1.7707412,0.0546517
2021_03_LAC_KC,3897,-0.2899322,0.1996094
2021_03_LAC_KC,3940,1.2483052,0.3028977
2021_03_LAC_KC,3981,0.19572324,0.1161973
2021_03_LAC_KC,4022,-0.35286146,0.27139273
2021_03_LAC_KC,4044,-1.0316494,0.2394552
2021_03_LAC_KC,4145,1.6653845,0.050646335
2021_03_LAC_KC,4231,-0.17692092,0.122382306
2021_03_LAC_KC,4285,-0.28717524,0.017114537
2021_03_LAC_KC,4307,-0.3267269,0.038468692
2021_03_LAC_KC,4355,-0.353915,0.24275687
2021_03_NO_NE,100,-1.4190695,0.36896586
2021_03_NO_NE,180,-0.79027086,0.2670788
2021_03_NO_NE,202,-1.6031368,-0.0053223264
2021_03_NO_NE,342,2.112298,0.5776301
2021_03_NO_NE,366,1.3324077,0.25602058
2021_03_NO_NE,436,-0.474431,0.15625484
2021_03_NO_NE,481,3.0986316,0.5123775
2021_03_NO_NE,580,0.4767596,0.39746177
2021_03_NO_NE,668,0.719128,0.16837391
2021_03_NO_NE,718,0.53432053,0.18073495
2021_03_NO_NE,771,-0.18304282,0.4972965
2021_03_NO_NE,795,-1.0496212,0.12457331
2021_03_NO_NE,940,0.09347394,0.27848607
2021_03_NO_NE,964,-1.4642471,0.35764408
2021_03_NO_NE,1026,-0.5543467,0.38052446
2021_03_NO_NE,1192,-0.49713126,0.068618424
2021_03_NO_NE,1220,-0.7446589,0.078229666
2021_03_NO_NE,1244,1.9151804,0.56947255
2021_03_NO_NE,1273,-0.480135,0.51330304
2021_03_NO_NE,1307,-0.81253594,0.0882855
2021_03_NO_NE,1329,-0.7455139,0.61011106
2021_03_NO_NE,1443,1.0926893,-0.018209977
2021_03_NO_NE,1580,1.4930004,0.49857333
2021_03_NO_NE,1604,-0.4461922,0.52070844
2021_03_NO_NE,1626,-0.47908324,0.47252434
2021_03_NO_NE,1648,-5.715872,0.07028816
2021_03_NO_NE,1820,3.3632019,0.6163197
2021_03_NO_NE,1887,1.5764639,0.1622039
2021_03_NO_NE,1978,0.7342878,0.06017003
2021_03_NO_NE,2164,-8.474098,0.6930781
2021_03_NO_NE,2243,-0.30636328,0.07140295
2021_03_NO_NE,2381,-0.8907166,-0.09357384
2021_03_NO_NE,2414,0.104311444,0.20925413
2021_03_NO_NE,2526,0.47426113,0.030189669
2021_03_NO_NE,2550,0.5136995,0.32983986
2021_03_NO_NE,2574,2.4333785,0.12650117
2021_03_NO_NE,2619,0.5991904,0.42182794
2021_03_NO_NE,2668,-0.5022148,0.28739005
2021_03_NO_NE,2690,0.7012937,-0.023748184
2021_03_NO_NE,2735,-0.22737972,0.24553414
2021_03_NO_NE,2759,0.11768583,0.17631613
2021_03_NO_NE,2783,0.6399291,-0.123019986
2021_03_NO_NE,2849,-0.78361595,-0.11378222
2021_03_NO_NE,2957,-1.163931,0.4298809
2021_03_NO_NE,3023,-0.562376,0.20993437
2021_03_NO_NE,3045,1.3831304,0.24944057
2021_03_NO_NE,3069,0.05710733,0.061569273
2021_03_NO_NE,3241,-0.48302895,0.028132753
2021_03_NO_NE,3317,2.485042,0.15629435
2021_03_NO_NE,3373,-0.5330638,0.08091757
2021_03_NO_NE,3435,1.8711576,0.63587034
2021_03_NO_NE,3506,0.9484203,0.046912678
2021_03_NO_NE,3769,0.4294697,0.05680913
2021_03_NO_NE,3815,0.68731046,-0.012147806
2021_03_NO_NE,3856,-0.3644143,0.18581803
2021_03_NO_NE,3878,-0.06010002,-0.22407006
2021_03_NO_NE,3907,-0.33086532,0.10426752
2021_03_NO_NE,3974,-0.3673105,0.2724324
2021_03_NO_NE,4020,-0.29327226,0.4592482
2021_03_NO_NE,4061,2.3145905,-0.09816908
2021_03_NO_NE,4090,-0.28454006,0.56382495
2021_03_NO_NE,4112,-0.20965122,0.42130062
2021_03_NO_NE,4140,-0.37037948,-0.2827393
2021_03_NO_NE,4162,-2.101738,-0.7712122
2021_03_ATL_NYG,76,-0.3507177,0.184113
2021_03_ATL_NYG,159,0.875681,0.08431495
2021_03_ATL_NYG,232,1.0582192,0.32615528
2021_03_ATL_NYG,319,0.25867277,0.039941184
2021_03_ATL_NYG,343,3.4040647,0.06144962
2021_03_ATL_NYG,551,1.328096,0.49855655
2021_03_ATL_NYG,617,-1.7781801,0.13260694
2021_03_ATL_NYG,677,1.3204166,0.5859253
2021_03_ATL_NYG,727,0.21415383,0.124529704
2021_03_ATL_NYG,751,-1.4197572,-0.009936712
2021_03_ATL_NYG,814,-0.5017939,0.36758316
2021_03_ATL_NYG,836,-0.49298337,0.4231665
2021_03_ATL_NYG,860,-1.0386497,0.3347082
2021_03_ATL_NYG,903,-0.5830407,-0.19037057
2021_03_ATL_NYG,1017,2.449526,0.11155269
2021_03_ATL_NYG,1041,0.66459864,0.5287971
2021_03_ATL_NYG,1086,-0.8068688,0.28216183
2021_03_ATL_NYG,1108,1.840635,0.46900406
2021_03_ATL_NYG,1271,0.3285776,0.3537432
2021_03_ATL_NYG,1339,0.8126346,0.032648947
2021_03_ATL_NYG,1405,-0.6592825,0.4352656
2021_03_ATL_NYG,1427,2.49657,0.15477607
2021_03_ATL_NYG,1488,-0.33625484,0.09014273
2021_03_ATL_NYG,1512,0.117322415,0.0056091426
2021_03_ATL_NYG,1536,-1.5685984,0.113428876
2021_03_ATL_NYG,1653,-0.39783195,0.42313698
2021_03_ATL_NYG,1736,-0.4763474,-0.40639538
2021_03_ATL_NYG,1838,1.1752076,0.02397096
2021_03_ATL_NYG,1867,1.7891028,0.5992586
2021_03_ATL_NYG,1902,0.1626483,0.58882517
2021_03_ATL_NYG,1931,-1.6094003,0.27635825
2021_03_ATL_NYG,1987,3.493509,0.20288375
2021_03_ATL_NYG,2043,-0.5398726,0.12045517
2021_03_ATL_NYG,2067,-2.2869017,0.19322726
2021_03_ATL_NYG,2115,-0.26149425,-0.019873362
2021_03_ATL_NYG,2137,-0.17279762,0.30847517
2021_03_ATL_NYG,2314,2.320121,0.2714564
2021_03_ATL_NYG,2338,0.60672444,0.11743899
2021_03_ATL_NYG,2388,-0.8433119,-0.29527485
2021_03_ATL_NYG,2488,-0.7117278,-0.0009787075
2021_03_ATL_NYG,2522,-0.06745481,0.09535768
2021_03_ATL_NYG,2622,0.6558371,0.105806656
2021_03_ATL_NYG,2688,-0.4979758,0.33555296
2021_03_ATL_NYG,2734,-1.8763672,0.26230222
2021_03_ATL_NYG,2875,-0.27456582,0.40430123
2021_03_ATL_NYG,2899,-1.5085236,0.17937654
2021_03_ATL_NYG,3036,0.79909396,0.26497275
2021_03_ATL_NYG,3121,1.2415395,0.3158136
2021_03_ATL_NYG,3162,0.945573,0.61574394
2021_03_ATL_NYG,3298,-0.67339987,0.08369295
2021_03_ATL_NYG,3339,1.7273952,0.28473693
2021_03_ATL_NYG,3384,1.8767838,0.116541564
2021_03_ATL_NYG,3439,-0.024588956,0.10905788
2021_03_ATL_NYG,3468,1.0553244,0.4793303
2021_03_ATL_NYG,3511,1.190426,0.11522482
2021_03_ATL_NYG,3564,-0.37411842,0.2608649
2021_03_ATL_NYG,3588,-0.90235597,0.44717205
2021_03_ATL_NYG,3664,0.9501029,-0.005767447
2021_03_ATL_NYG,3720,-0.098489754,0.08809276
2021_03_ATL_NYG,3770,0.48116952,0.20802379
2021_03_ATL_NYG,3848,-0.4933742,0.2494342
2021_03_ATL_NYG,4022,1.105894,0.16435201
2021_03_CIN_PIT,132,-1.486075,0.2484857
2021_03_CIN_PIT,204,-1.2952331,0.15918557
2021_03_CIN_PIT,533,-4.3281236,0.27441332
2021_03_CIN_PIT,580,-0.831806,0.4607919
2021_03_CIN_PIT,629,-3.7383828,0.5575333
2021_03_CIN_PIT,697,2.5924318,0.38655928
2021_03_CIN_PIT,765,0.35709974,0.2051354
2021_03_CIN_PIT,789,2.8993723,0.9713938
2021_03_CIN_PIT,962,-0.08854102,0.0780415
2021_03_CIN_PIT,1099,-0.5347745,0.14059322
2021_03_CIN_PIT,1123,-1.5718508,0.57655525
2021_03_CIN_PIT,1288,0.42085373,0.17526105
2021_03_CIN_PIT,1312,0.8536275,0.088952355
2021_03_CIN_PIT,1355,1.7875456,0.3677977
2021_03_CIN_PIT,1477,0.15251021,0.20940791
2021_03_CIN_PIT,1501,0.76798075,0.31385618
2021_03_CIN_PIT,1587,2.1027534,0.28318602
2021_03_CIN_PIT,1684,0.08766785,0.05028329
2021_03_CIN_PIT,1752,1.1742029,0.23271026
2021_03_CIN_PIT,1793,4.0546417,0.35419366
2021_03_CIN_PIT,1849,-0.11980677,0.05226889
2021_03_CIN_PIT,1871,-0.20994338,0.92828715
2021_03_CIN_PIT,2072,0.9837896,0.37186432
2021_03_CIN_PIT,2151,0.41752943,-0.08087462
2021_03_CIN_PIT,2218,2.050109,0.25064614
2021_03_CIN_PIT,2301,-0.016540045,0.13777572
2021_03_CIN_PIT,2325,-0.4936407,0.30038604
2021_03_CIN_PIT,2381,0.24105006,0.29265374
2021_03_CIN_PIT,2427,-5.5734453,-0.12925549
2021_03_CIN_PIT,2506,1.9714907,0.39486727
2021_03_CIN_PIT,2569,1.1248041,0.39480892
2021_03_CIN_PIT,2614,2.6113398,-0.061458964
2021_03_CIN_PIT,2683,-0.5995905,0.14751679
2021_03_CIN_PIT,2705,-1.6875898,-0.106431894
2021_03_CIN_PIT,2797,-0.85457426,0.21647237
2021_03_CIN_PIT,2878,-0.7019802,-0.23180686
2021_03_CIN_PIT,2923,2.2905917,-0.46440938
2021_03_CIN_PIT,3011,2.7065442,0.22767165
2021_03_CIN_PIT,3040,-0.49988252,0.23560135
2021_03_CIN_PIT,3070,-0.14571965,0.02910609
2021_03_CIN_PIT,3094,1.4036549,-0.040563274
2021_03_CIN_PIT,3118,-0.29063195,0.2265738
2021_03_CIN_PIT,3142,0.32704565,0.16454814
2021_03_CIN_PIT,3215,-0.4394194,0.27625927
2021_03_CIN_PIT,3237,0.25665635,0.087941445
2021_03_CIN_PIT,3261,1.5051806,0.239145
2021_03_CIN_PIT,3362,-0.3632845,0.08926871
2021_03_CIN_PIT,3386,-0.17225161,0.13177282
2021_03_CIN_PIT,3457,-0.44204158,0.18931828
2021_03_CIN_PIT,3523,-0.6399233,0.121642806
2021_03_CIN_PIT,3566,-0.48221785,0.08321699
2021_03_CIN_PIT,3588,-0.6120654,0.6499634
2021_03_CIN_PIT,3610,1.6759973,0.38312867
2021_03_CIN_PIT,3634,1.1524177,0.027277159
2021_03_CIN_PIT,3663,-0.03077024,0.22745432
2021_03_CIN_PIT,3687,2.1208897,0.18338937
2021_03_CIN_PIT,3711,0.8617125,0.22859168
2021_03_CIN_PIT,3738,-0.18078046,0.25874144
2021_03_CIN_PIT,3804,0.36750507,0.2516496
2021_03_CIN_PIT,3828,-1.036224,0.09342755
2021_03_CIN_PIT,3867,-3.115474,-0.2400546
2021_03_IND_TEN,178,-1.5194639,0.05054091
2021_03_IND_TEN,288,0.21019782,0.13092369
2021_03_IND_TEN,333,-1.8143923,0.105668664
2021_03_IND_TEN,355,3.7218695,0.2894342
2021_03_IND_TEN,426,-0.9354347,0.07863559
2021_03_IND_TEN,448,2.652788,0.22190495
2021_03_IND_TEN,532,-1.3859352,0.19883795
2021_03_IND_TEN,565,0.02048219,0.075755
2021_03_IND_TEN,589,-1.4361337,0.51918364
2021_03_IND_TEN,657,0.69685656,0.32035512
2021_03_IND_TEN,702,-0.5006385,-0.13532908
2021_03_IND_TEN,724,-0.5600689,0.37668514
2021_03_IND_TEN,823,-4.1933403,0.5524256
2021_03_IND_TEN,929,1.3979574,0.012591697
2021_03_IND_TEN,1144,1.9575993,0.07528875
2021_03_IND_TEN,1236,0.5444227,0.3747713
2021_03_IND_TEN,1281,2.35949,-0.07137213
2021_03_IND_TEN,1365,-0.28158545,0.1639975
2021_03_IND_TEN,1572,-0.25941113,-0.14157538
2021_03_IND_TEN,1632,-4.9552135,0.31091568
2021_03_IND_TEN,1727,0.73541725,0.54948556
2021_03_IND_TEN,1857,-0.0011443645,0.13835862
2021_03_IND_TEN,1998,-0.95182055,0.25198907
2021_03_IND_TEN,2043,-0.48093408,0.3230016
2021_03_IND_TEN,2135,-0.08943548,0.3076401
2021_03_IND_TEN,2180,-0.56111383,0.351739
2021_03_IND_TEN,2202,-0.7582324,0.109119385
2021_03_IND_TEN,2224,-0.90286994,0.06237996
2021_03_IND_TEN,2332,-1.4543741,0.29890615
2021_03_IND_TEN,2432,0.85845035,0.09589984
2021_03_IND_TEN,2456,-5.187934,0.37102637
2021_03_IND_TEN,2538,-0.5557065,0.10150218
2021_03_IND_TEN,2790,-0.9702539,0.49494654
2021_03_IND_TEN,2814,3.1056886,0.070874065
2021_03_IND_TEN,2868,1.6152234,0.22567189
2021_03_IND_TEN,2892,-0.5087828,0.2059965
2021_03_IND_TEN,2936,2.5467923,-0.06467728
2021_03_IND_TEN,2977,-0.51787674,0.3305245
2021_03_IND_TEN,3024,-1.2893279,-0.04020852
2021_03_IND_TEN,3150,1.1597593,-0.12807107
2021_03_IND_TEN,3174,0.7609645,0.50920534
2021_03_IND_TEN,3240,1.0451185,0.22485091
2021_03_IND_TEN,3361,-0.75760555,0.25253874
2021_03_IND_TEN,3482,-0.46408212,0.22282156
2021_03_IND_TEN,3534,-0.32542723,-0.1168427
2021_03_IND_TEN,3563,0.07546185,0.123602
2021_03_IND_TEN,3604,0.67745763,-0.16426083
2021_03_IND_TEN,3628,-0.31991696,-0.08608022
2021_03_IND_TEN,3652,-0.12138562,0.39929414
2021_03_IND_TEN,3691,-1.0920258,-0.20881422
2021_03_NYJ_DEN,54,0.24581404,0.23933585
2021_03_NYJ_DEN,107,-0.49052182,0.47487897
2021_03_NYJ_DEN,150,-1.7989492,0.21341908
2021_03_NYJ_DEN,199,0.6817612,0.43722674
2021_03_NYJ_DEN,265,-1.4133832,0.20631255
2021_03_NYJ_DEN,327,1.1718894,0.24115792
2021_03_NYJ_DEN,409,-0.029418379,0.28789008
2021_03_NYJ_DEN,452,3.1721373,0.083619036
2021_03_NYJ_DEN,497,0.5812644,0.27578437
2021_03_NYJ_DEN,653,-0.7753722,0.14876224
2021_03_NYJ_DEN,712,0.9339585,0.23516175
2021_03_NYJ_DEN,757,-0.4206112,-0.07161672
2021_03_NYJ_DEN,779,0.05843838,0.13572271
2021_03_NYJ_DEN,833,-1.5995064,0.091361575
2021_03_NYJ_DEN,910,-0.07579298,1.1339989
2021_03_NYJ_DEN,934,1.458538,0.19174075
2021_03_NYJ_DEN,958,0.42357868,0.42804253
2021_03_NYJ_DEN,1003,0.72146046,0.21757866
2021_03_NYJ_DEN,1051,-0.7939521,0.61832106
2021_03_NYJ_DEN,1073,1.4281352,0.32095397
2021_03_NYJ_DEN,1142,-1.523669,-0.11782535
2021_03_NYJ_DEN,1277,0.0145207755,-0.09545106
2021_03_NYJ_DEN,1413,-0.4750419,0.38890684
2021_03_NYJ_DEN,1519,2.0034723,0.21794143
2021_03_NYJ_DEN,1543,0.49092242,0.31091568
2021_03_NYJ_DEN,1770,0.3852895,0.2673081
2021_03_NYJ_DEN,1835,-0.09157627,0.16022338
2021_03_NYJ_DEN,1912,-0.66591984,0.46738207
2021_03_NYJ_DEN,1988,-1.6091036,-0.070666045
2021_03_NYJ_DEN,2122,3.0635755,0.29228148
2021_03_NYJ_DEN,2328,-0.5850966,0.3421443
2021_03_NYJ_DEN,2352,-0.9713953,0.20071651
2021_03_NYJ_DEN,2452,-0.08608395,0.057428014
2021_03_NYJ_DEN,2549,1.9704027,0.44983205
2021_03_NYJ_DEN,2620,0.43835106,0.12639056
2021_03_NYJ_DEN,2644,0.031944964,0.10972854
2021_03_NYJ_DEN,2714,-3.8265836,-0.71804744
2021_03_NYJ_DEN,2835,1.8976294,0.44144192
2021_03_NYJ_DEN,2875,1.5084224,0.7201519
2021_03_NYJ_DEN,2920,1.7534069,0.32661796
2021_03_NYJ_DEN,3044,0.55939674,-0.10232247
2021_03_NYJ_DEN,3068,1.5902213,0.4560132
2021_03_NYJ_DEN,3097,-0.45209065,0.40967968
2021_03_NYJ_DEN,3119,-6.1133337,-0.09588087
2021_03_NYJ_DEN,3187,3.8173137,0.36618418
2021_03_NYJ_DEN,3258,-0.16560066,-0.16123143
2021_03_NYJ_DEN,3282,-0.4889617,0.15683706
2021_03_NYJ_DEN,3304,-0.8518095,-0.53519785
2021_03_NYJ_DEN,3575,0.49748266,-0.21636638
2021_03_NYJ_DEN,3604,-0.42308152,0.0036867089
2021_03_NYJ_DEN,3626,0.9366551,0.12179545
2021_03_NYJ_DEN,3655,-3.6688688,0.058153592
2021_03_MIA_LV,75,-0.7948794,0.2608422
2021_03_MIA_LV,162,-0.9070109,0.19457157
2021_03_MIA_LV,184,1.6746318,0.3500742
2021_03_MIA_LV,318,2.091878,0.19856532
2021_03_MIA_LV,342,0.35637358,0.17595576
2021_03_MIA_LV,387,1.45994,0.18340091
2021_03_MIA_LV,631,1.3145939,0.28866476
2021_03_MIA_LV,714,-0.6321646,0.38776538
2021_03_MIA_LV,736,1.1376711,0.24392726
2021_03_MIA_LV,760,-0.5975008,-0.16623451
2021_03_MIA_LV,782,-0.8724254,-0.018168416
2021_03_MIA_LV,804,3.0203068,0.5050279
2021_03_MIA_LV,839,-2.0568314,-0.15814093
2021_03_MIA_LV,881,-1.2725154,0.03803758
2021_03_MIA_LV,903,-0.5834369,0.063352264
2021_03_MIA_LV,957,-1.608267,0.110236
2021_03_MIA_LV,1045,-0.9017523,0.2118212
2021_03_MIA_LV,1078,2.4124658,0.06502519
2021_03_MIA_LV,1124,1.1550674,0.032814994
2021_03_MIA_LV,1169,-0.66296417,0.56702876
2021_03_MIA_LV,1247,0.6996675,0.17528114
2021_03_MIA_LV,1292,0.87880754,0.21329242
2021_03_MIA_LV,1465,1.0834738,-0.2885119
2021_03_MIA_LV,1521,1.823381,0.59782743
2021_03_MIA_LV,1545,-0.4884153,0.32628456
2021_03_MIA_LV,1584,1.1818535,0.5078453
2021_03_MIA_LV,1650,2.7706432,0.105141126
2021_03_MIA_LV,1723,0.87845236,-0.18156244
2021_03_MIA_LV,1927,0.61544013,0.5595224
2021_03_MIA_LV,1968,0.3624062,0.38193193
2021_03_MIA_LV,1992,0.112102196,0.48881352
2021_03_MIA_LV,2033,-0.23926048,0.1705571
2021_03_MIA_LV,2064,0.011271479,0.48136875
2021_03_MIA_LV,2244,-0.9085458,0.1616032
2021_03_MIA_LV,2325,-0.53904754,0.6161716
2021_03_MIA_LV,2371,3.2515635,0.14927958
2021_03_MIA_LV,2526,0.3681999,0.38667732
2021_03_MIA_LV,2550,2.8945892,0.32434326
2021_03_MIA_LV,2607,-0.6341106,0.26749554
2021_03_MIA_LV,2653,2.792334,0.2639703
2021_03_MIA_LV,2688,-0.54997075,0.3313674
2021_03_MIA_LV,2731,-1.835978,0.10937644
2021_03_MIA_LV,2825,1.917945,0.34734967
2021_03_MIA_LV,2881,-0.66220313,-0.009109626
2021_03_MIA_LV,2903,-0.7284709,-0.20888582
2021_03_MIA_LV,2927,3.6230993,0.47619677
2021_03_MIA_LV,2972,-0.7707554,-0.05076634
2021_03_MIA_LV,3013,2.691236,0.36824438
2021_03_MIA_LV,3128,-0.64286274,0.20922376
2021_03_MIA_LV,3171,1.5377991,0.31232095
2021_03_MIA_LV,3195,0.8182118,0.20028889
2021_03_MIA_LV,3219,-0.09905504,0.1351728
2021_03_MIA_LV,3306,-0.20034915,0.40189028
2021_03_MIA_LV,3410,-0.35455272,0.2475558
2021_03_MIA_LV,3434,-1.6674813,0.3491922
2021_03_MIA_LV,3481,-0.3415538,0.13816929
2021_03_MIA_LV,3505,-0.6018643,0.093041725
2021_03_MIA_LV,3582,0.03722357,0.1517071
2021_03_MIA_LV,3806,0.33317447,0.18842332
2021_03_MIA_LV,3830,0.21312891,0.16270794
2021_03_MIA_LV,3854,-0.15650585,0.21711344
2021_03_MIA_LV,3878,-0.58212274,-0.23993045
2021_03_MIA_LV,3900,-1.0684489,-0.07815433
2021_03_MIA_LV,3949,2.441232,0.449385
2021_03_MIA_LV,3990,-0.49593857,0.102476306
2021_03_MIA_LV,4014,0.8296053,0.26871422
2021_03_MIA_LV,4038,0.37236908,0.36480865
2021_03_MIA_LV,4246,1.053,-0.34672338
2021_03_MIA_LV,4358,1.1171832,0.12618136
2021_03_MIA_LV,4403,2.3775299,0.36468753
2021_03_MIA_LV,4448,-0.6312061,0.28721395
2021_03_MIA_LV,4470,-0.90938586,0.348758
2021_03_MIA_LV,4526,-0.5434429,0.33267885
2021_03_MIA_LV,4583,-0.55893946,0.1791157
2021_03_MIA_LV,4631,-0.70331097,0.49757242
2021_03_MIA_LV,4670,4.1104407,-0.6563616
2021_03_MIA_LV,4694,-0.5186548,0.3662563
2021_03_MIA_LV,4767,-0.48228619,0.6159185
2021_03_MIA_LV,4793,0.06635003,0.23200634
2021_03_MIA_LV,4883,-0.480137,0.097684726
2021_03_MIA_LV,4928,2.0639236,0.2619137
2021_03_TB_LA,75,0.839293,0.17502423
2021_03_TB_LA,124,-1.5843132,-0.0030369963
2021_03_TB_LA,171,-0.5175449,-0.15719666
2021_03_TB_LA,214,-1.803631,0.08001113
2021_03_TB_LA,275,0.09258496,0.1637992
2021_03_TB_LA,299,-1.3779076,0.21431038
2021_03_TB_LA,397,-0.5305035,0.45496827
2021_03_TB_LA,453,-1.5414755,0.5902951
2021_03_TB_LA,505,0.97756064,0.4990407
2021_03_TB_LA,553,1.7302924,-0.07350151
2021_03_TB_LA,582,-0.1607809,0.46557096
2021_03_TB_LA,627,-1.7730076,0.25951275
2021_03_TB_LA,748,1.488577,0.48000225
2021_03_TB_LA,780,0.6063201,0.27528483
2021_03_TB_LA,996,1.1247404,0.2164505
2021_03_TB_LA,1020,0.15308475,0.21772327
2021_03_TB_LA,1157,-0.7427108,0.33898208
2021_03_TB_LA,1179,1.6750226,0.031237267
2021_03_TB_LA,1255,1.5886167,0.48094696
2021_03_TB_LA,1338,1.8360252,0.41954872
2021_03_TB_LA,1438,1.7594669,0.53603053
2021_03_TB_LA,1596,0.7033254,0.298568
2021_03_TB_LA,1736,1.2901539,0.28405872
2021_03_TB_LA,1760,-0.2959634,0.47782034
2021_03_TB_LA,1782,1.4832193,0.5622544
2021_03_TB_LA,1806,-0.28590712,0.5537099
2021_03_TB_LA,1828,2.4597843,0.3561188
2021_03_TB_LA,1857,0.85436106,0.38893667
2021_03_TB_LA,1948,-0.15645324,0.31934854
2021_03_TB_LA,2011,0.9075136,0.33130392
2021_03_TB_LA,2131,0.37401706,0.4180836
2021_03_TB_LA,2258,-0.81801164,0.32718354
2021_03_TB_LA,2280,6.6059093,0.47377282
2021_03_TB_LA,2359,1.6699609,0.41475618
2021_03_TB_LA,2404,1.464374,0.41658518
2021_03_TB_LA,2428,-0.57952887,0.15855266
2021_03_TB_LA,2450,1.3852024,0.15298627
2021_03_TB_LA,2479,0.22969584,0.356724
2021_03_TB_LA,2506,0.6546979,0.050495606
2021_03_TB_LA,2641,-0.80091894,0.37158024
2021_03_TB_LA,2663,2.592219,0.37796524
2021_03_TB_LA,2687,-0.5246502,-0.044720598
2021_03_TB_LA,2709,-0.37558275,0.2961229
2021_03_TB_LA,2733,3.4788568,0.28528562
2021_03_TB_LA,2762,1.5722972,0.24970634
2021_03_TB_LA,2818,0.70836735,0.51880044
2021_03_TB_LA,2968,-0.766193,0.4164136
2021_03_TB_LA,3048,1.4738755,0.1758439
2021_03_TB_LA,3072,-0.54679203,0.22511089
2021_03_TB_LA,3094,1.4236012,0.019477919
2021_03_TB_LA,3118,2.0362701,0.4414868
2021_03_TB_LA,3147,-0.5992813,0.330803
2021_03_TB_LA,3169,-0.8250367,0.41586128
2021_03_TB_LA,3191,-1.101601,0.023515841
2021_03_TB_LA,3319,1.5055662,0.26078042
2021_03_TB_LA,3348,0.13703845,0.33881706
2021_03_TB_LA,3530,-1.3907583,0.051919438
2021_03_TB_LA,3627,1.0444037,0.23297755
2021_03_TB_LA,3656,-0.46089566,0.30157596
2021_03_TB_LA,3678,-0.65264654,0.13174231
2021_03_TB_LA,3728,-0.9095124,-0.23791982
2021_03_TB_LA,3757,-3.1833007,-0.30575153
2021_03_TB_LA,3908,-0.97363955,-0.029240666
2021_03_TB_LA,3932,1.126182,0.31214157
2021_03_TB_LA,3956,0.8972799,-0.010804209
2021_03_TB_LA,3985,-0.18365334,-0.0075836526
2021_03_TB_LA,4009,0.5245775,0.11340964
2021_03_TB_LA,4033,1.0443139,0.10273754
2021_03_TB_LA,4057,-0.4040963,0.078746766
2021_03_TB_LA,4225,1.732969,-0.47192004
2021_03_TB_LA,4254,1.6977403,0.32792926
2021_03_SEA_MIN,54,1.058196,0.4608066
2021_03_SEA_MIN,141,0.0558455,0.19253668
2021_03_SEA_MIN,186,2.6881385,0.60947376
2021_03_SEA_MIN,210,-0.48439005,0.39413136
2021_03_SEA_MIN,232,2.2911546,0.23401357
2021_03_SEA_MIN,356,1.2449144,0.12117547
2021_03_SEA_MIN,404,0.478609,0.31201532
2021_03_SEA_MIN,449,1.7288171,0.4017624
2021_03_SEA_MIN,547,1.9099407,0.32485777
2021_03_SEA_MIN,571,0.87871057,0.46171078
2021_03_SEA_MIN,717,-0.6335993,0.01811927
2021_03_SEA_MIN,825,-0.7760932,0.18070461
2021_03_SEA_MIN,847,-1.5104864,0.31562924
2021_03_SEA_MIN,909,1.3641047,0.4194473
2021_03_SEA_MIN,1056,0.14027822,0.3372253
2021_03_SEA_MIN,1197,1.5068555,0.34099928
2021_03_SEA_MIN,1221,0.42986014,0.3331173
2021_03_SEA_MIN,1299,3.6990814,0.29984307
2021_03_SEA_MIN,1394,2.8188205,0.6236285
2021_03_SEA_MIN,1448,-0.40459773,0.5325666
2021_03_SEA_MIN,1470,0.11568644,0.094687596
2021_03_SEA_MIN,1494,-1.5656384,0.07379943
2021_03_SEA_MIN,1655,0.017783372,0.20625344
2021_03_SEA_MIN,1717,0.80651957,0.14306428
2021_03_SEA_MIN,1741,-0.25952405,0.47754058
2021_03_SEA_MIN,1789,0.9313952,0.5717845
2021_03_SEA_MIN,1830,1.6919613,-0.026152313
2021_03_SEA_MIN,1871,1.3440328,0.02496595
2021_03_SEA_MIN,1927,0.035622895,0.2964004
2021_03_SEA_MIN,1968,0.13221219,0.24059923
2021_03_SEA_MIN,1997,-0.3645616,0.28749686
2021_03_SEA_MIN,2097,-1.1412392,0.15025075
2021_03_SEA_MIN,2121,1.7108874,0.18074232
2021_03_SEA_MIN,2211,-0.56623447,0.009934763
2021_03_SEA_MIN,2254,1.6155534,0.26587826
2021_03_SEA_MIN,2304,0.85740477,0.10457399
2021_03_SEA_MIN,2349,-0.8041511,0.28027833
2021_03_SEA_MIN,2617,2.2909303,0.28326505
2021_03_SEA_MIN,2662,-0.89638484,0.104710564
2021_03_SEA_MIN,2684,1.819054,0.27670833
2021_03_SEA_MIN,2729,2.3399389,0.28513026
2021_03_SEA_MIN,2772,-0.14275652,0.15597996
2021_03_SEA_MIN,2827,-1.5257814,0.227502
2021_03_SEA_MIN,2904,1.3774028,0.11345882
2021_03_SEA_MIN,2928,0.32257608,0.12185878
2021_03_SEA_MIN,3044,-1.5420338,0.53281
2021_03_SEA_MIN,3138,0.53259957,0.37587005
2021_03_SEA_MIN,3209,2.00967,0.4187093
2021_03_SEA_MIN,3411,1.0606495,0.009840331
2021_03_SEA_MIN,3508,-1.4493794,-0.07493734
2021_03_SEA_MIN,3530,-2.1168377,0.8664339
2021_03_SEA_MIN,3632,1.132194,0.053049188
2021_03_SEA_MIN,3782,0.05023232,-0.21297799
2021_03_SEA_MIN,3811,0.08604475,-0.7474891
2021_03_SEA_MIN,3840,0.009557592,-0.1479277
2021_03_GB_SF,98,3.80888,0.35372645
2021_03_GB_SF,338,0.8705582,-0.08479416
2021_03_GB_SF,387,0.06525707,0.05223471
2021_03_GB_SF,415,-1.5181562,0.19109084
2021_03_GB_SF,471,0.91743684,0.32649222
2021_03_GB_SF,495,-0.5173965,0.14289597
2021_03_GB_SF,527,3.7300305,0.63348687
2021_03_GB_SF,602,2.585318,0.104533225
2021_03_GB_SF,752,-1.688091,0.04118438
2021_03_GB_SF,931,-0.84360266,-0.044411756
2021_03_GB_SF,1007,-4.077308,0.8113911
2021_03_GB_SF,1141,-0.406474,0.5955231
2021_03_GB_SF,1174,-3.9671211,0.5473627
2021_03_GB_SF,1200,-0.44820452,0.32398456
2021_03_GB_SF,1226,-0.088650525,0.20227017
2021_03_GB_SF,1257,0.9550956,0.2471582
2021_03_GB_SF,1306,1.5714412,0.5021635
2021_03_GB_SF,1355,0.87729007,0.48161206
2021_03_GB_SF,1402,1.518567,0.1279895
2021_03_GB_SF,1497,-0.4755328,0.385257
2021_03_GB_SF,1625,1.479475,0.30806696
2021_03_GB_SF,1696,1.8617735,0.3818658
2021_03_GB_SF,1862,0.6623267,0.3078319
2021_03_GB_SF,1886,-0.28612798,0.26004255
2021_03_GB_SF,1921,1.0021509,0.14607933
2021_03_GB_SF,1962,0.19108582,0.49515104
2021_03_GB_SF,2011,-1.0971748,0.37868
2021_03_GB_SF,2133,-0.5270948,-0.07087969
2021_03_GB_SF,2155,-0.7115283,-0.10113565
2021_03_GB_SF,2258,0.25188836,0.2140641
2021_03_GB_SF,2453,-0.60330653,0.38501975
2021_03_GB_SF,2481,1.9042913,0.3233683
2021_03_GB_SF,2530,-0.8322078,0.44104454
2021_03_GB_SF,2552,2.845131,0.7128669
2021_03_GB_SF,2675,-1.6329374,0.4460064
2021_03_GB_SF,2792,-1.5716896,-0.20401374
2021_03_GB_SF,2856,0.77443856,0.6387387
2021_03_GB_SF,2906,0.2507804,0.0051950742
2021_03_GB_SF,3119,2.8435957,0.3241018
2021_03_GB_SF,3356,1.1054167,0.2787583
2021_03_GB_SF,3380,0.6015651,0.38970116
2021_03_GB_SF,3548,-0.4385915,0.36316785
2021_03_GB_SF,3574,-0.58344483,0.5191526
2021_03_GB_SF,3613,-1.1436722,0.40539488
2021_03_GB_SF,3681,1.3463104,0.7124877
2021_03_GB_SF,3771,-0.4074345,0.26604435
2021_03_GB_SF,3902,-1.1906497,0.30282244
2021_03_GB_SF,3958,-0.30782527,0.090715975
2021_03_GB_SF,3980,-0.42345536,0.6493886
2021_03_GB_SF,4002,1.7059377,0.17693444
2021_03_GB_SF,4047,-0.34172845,0.32464227
2021_03_GB_SF,4091,1.5514426,0.18729666
2021_03_GB_SF,4115,1.4078317,0.048709743
2021_03_GB_SF,4148,3.3385882,0.33723065
2021_03_GB_SF,4212,0.6247011,0.42043248
2021_03_GB_SF,4262,-0.25780886,0.061037377
2021_03_GB_SF,4284,0.9151682,0.12562849
2021_03_PHI_DAL,55,0.5773564,0.22918658
2021_03_PHI_DAL,100,0.6281513,0.42088625
2021_03_PHI_DAL,145,3.2578418,0.5399831
2021_03_PHI_DAL,256,2.499954,0.21039478
2021_03_PHI_DAL,309,-3.4605124,0.47242302
2021_03_PHI_DAL,443,0.8391593,0.5552762
2021_03_PHI_DAL,577,-0.497406,0.5424024
2021_03_PHI_DAL,620,1.6874926,0.5909004
2021_03_PHI_DAL,697,0.40107048,0.08144477
2021_03_PHI_DAL,783,-0.55390936,0.2644467
2021_03_PHI_DAL,805,-0.05413884,0.24550782
2021_03_PHI_DAL,829,-1.3337128,-0.5669613
2021_03_PHI_DAL,943,0.87597257,0.49902603
2021_03_PHI_DAL,1011,2.5867586,0.43992156
2021_03_PHI_DAL,1112,-1.6929511,0.2085427
2021_03_PHI_DAL,1243,0.044492967,-0.42123005
2021_03_PHI_DAL,1295,1.1698349,0.35584956
2021_03_PHI_DAL,1403,0.7243991,-0.003401747
2021_03_PHI_DAL,1675,-1.5810246,0.08123667
2021_03_PHI_DAL,1737,-0.6641407,0.23344013
2021_03_PHI_DAL,1759,-0.81155175,-0.13945791
2021_03_PHI_DAL,2127,1.8836682,0.26625156
2021_03_PHI_DAL,2156,-0.5515412,0.17051598
2021_03_PHI_DAL,2178,-9.2628145,0.2453593
2021_03_PHI_DAL,2236,-0.6024424,0.13404913
2021_03_PHI_DAL,2434,-0.6077934,-0.04981567
2021_03_PHI_DAL,2530,4.045021,0.0724524
2021_03_PHI_DAL,2665,1.8549044,-0.2782752
2021_03_PHI_DAL,2742,1.5047612,0.25648683
2021_03_PHI_DAL,2766,0.8507813,0.39922482
2021_03_PHI_DAL,2906,-0.0018156657,0.7301241
2021_03_PHI_DAL,2930,-0.7217364,0.12875922
2021_03_PHI_DAL,2952,-1.1175507,0.15538716
2021_03_PHI_DAL,2993,0.7642728,0.5441512
2021_03_PHI_DAL,3038,-0.85159737,0.2761008
2021_03_PHI_DAL,3289,3.7499075,-0.766971
2021_03_PHI_DAL,3369,-0.10484205,0.028621374
2021_03_PHI_DAL,3396,1.7978411,0.3620249
2021_03_PHI_DAL,3482,-0.8987867,0.112106025
2021_03_PHI_DAL,3630,2.7137,-0.059035793
2021_03_PHI_DAL,3707,0.8196153,0.20921323
2021_03_PHI_DAL,3731,1.8191781,0.16693284
2021_03_PHI_DAL,3857,1.8177316,0.11380806
2021_03_PHI_DAL,3881,0.86285794,0.037804198
2021_03_PHI_DAL,3905,1.9985594,0.101335645
2021_03_PHI_DAL,4105,-0.3213963,0.04375119
2021_04_JAX_CIN,209,-1.5681118,0.9387106
2021_04_JAX_CIN,276,2.1462138,0.26461664
2021_04_JAX_CIN,329,-0.917885,0.31239563
2021_04_JAX_CIN,351,2.5414047,0.35875612
2021_04_JAX_CIN,549,0.6284341,-0.15949969
2021_04_JAX_CIN,599,-0.5525962,-0.11342888
2021_04_JAX_CIN,766,-0.71131843,0.54862064
2021_04_JAX_CIN,788,-1.3915384,-0.45837584
2021_04_JAX_CIN,893,-1.4651797,0.12841561
2021_04_JAX_CIN,957,1.2924861,0.29278883
2021_04_JAX_CIN,1021,-1.2255852,-0.01763763
2021_04_JAX_CIN,1060,0.7916215,0.24260296
2021_04_JAX_CIN,1151,0.66773856,0.17895198
2021_04_JAX_CIN,1217,0.38395673,0.25161347
2021_04_JAX_CIN,1262,0.43110675,0.12948342
2021_04_JAX_CIN,1409,-0.9456742,0.07936954
2021_04_JAX_CIN,1452,3.2716622,0.1359009
2021_04_JAX_CIN,1531,-0.7379862,-0.21372902
2021_04_JAX_CIN,1570,0.64738864,0.6358991
2021_04_JAX_CIN,1769,-0.5352188,-0.1724169
2021_04_JAX_CIN,1791,3.3036811,0.0911394
2021_04_JAX_CIN,1836,2.4981647,0.36543638
2021_04_JAX_CIN,1934,-1.3196702,0.1778084
2021_04_JAX_CIN,2023,1.5477952,0.47218895
2021_04_JAX_CIN,2080,1.1483555,0.1846378
2021_04_JAX_CIN,2193,1.4762518,0.20816976
2021_04_JAX_CIN,2387,2.1486235,0.50255686
2021_04_JAX_CIN,2483,-1.8564403,0.24397147
2021_04_JAX_CIN,2505,2.9650664,0.38419443
2021_04_JAX_CIN,2555,0.1010714,0.19816703
2021_04_JAX_CIN,2579,2.0446126,0.2007563
2021_04_JAX_CIN,2608,-0.8302468,0.0032912858
2021_04_JAX_CIN,2799,0.5673847,0.22961895
2021_04_JAX_CIN,2867,-0.45087162,0.12410109
2021_04_JAX_CIN,2891,1.66955,0.38271436
2021_04_JAX_CIN,2936,1.2464945,0.07488773
2021_04_JAX_CIN,2960,-0.49584404,-0.033485685
2021_04_JAX_CIN,2982,0.16868503,0.38293105
2021_04_JAX_CIN,3006,3.9255846,0.106804855
2021_04_JAX_CIN,3073,0.3459115,0.24652249
2021_04_JAX_CIN,3118,1.2478359,0.39182192
2021_04_JAX_CIN,3206,-1.4953803,-0.0279891
2021_04_JAX_CIN,3252,0.60318017,0.106123984
2021_04_JAX_CIN,3384,0.7407618,0.06472841
2021_04_JAX_CIN,3431,0.83651567,0.2605336
2021_04_JAX_CIN,3504,0.09179272,-0.046128087
2021_04_WAS_ATL,76,0.2617308,0.3229015
2021_04_WAS_ATL,142,1.3498267,0.78328395
2021_04_WAS_ATL,208,1.0969565,0.28903827
2021_04_WAS_ATL,293,0.6065084,0.32775038
2021_04_WAS_ATL,317,1.678984,0.13236013
2021_04_WAS_ATL,367,-0.85393214,0.40412804
2021_04_WAS_ATL,389,-1.5089029,0.4995674
2021_04_WAS_ATL,473,-0.8450268,0.37036574
2021_04_WAS_ATL,495,1.2065248,-0.096998915
2021_04_WAS_ATL,566,-1.7219343,0.30951896
2021_04_WAS_ATL,667,-0.58634436,0.4944719
2021_04_WAS_ATL,959,-0.053933136,-0.20380853
2021_04_WAS_ATL,1032,0.72831863,0.04808509
2021_04_WAS_ATL,1056,3.8189046,0.5069739
2021_04_WAS_ATL,1158,-0.16840212,-0.14953315
2021_04_WAS_ATL,1187,1.5911647,0.6200529
2021_04_WAS_ATL,1246,2.0751195,0.23574777
2021_04_WAS_ATL,1293,-0.64855444,0.2173964
2021_04_WAS_ATL,1315,4.2938366,0.4395869
2021_04_WAS_ATL,1424,-0.54649484,0.3485773
2021_04_WAS_ATL,1446,0.19988297,0.20712738
2021_04_WAS_ATL,1632,1.6028835,0.61042565
2021_04_WAS_ATL,1790,-0.52081543,0.45464712
2021_04_WAS_ATL,1868,-0.35353234,0.23870543
2021_04_WAS_ATL,1890,0.94723386,0.12900244
2021_04_WAS_ATL,1963,-0.30458966,0.2380848
2021_04_WAS_ATL,1985,1.9056376,0.1444508
2021_04_WAS_ATL,2014,-0.28781903,0.43405205
2021_04_WAS_ATL,2043,-0.19857147,0.41602364
2021_04_WAS_ATL,2138,3.2355013,0.52814627
2021_04_WAS_ATL,2316,1.5128243,0.3825193
2021_04_WAS_ATL,2394,-0.050531365,0.41509143
2021_04_WAS_ATL,2435,0.9655613,0.39294648
2021_04_WAS_ATL,2483,-0.83384013,0.45809537
2021_04_WAS_ATL,2505,3.4857666,0.31161776
2021_04_WAS_ATL,2530,-0.947,0.4270387
2021_04_WAS_ATL,2562,1.2530986,0.44811285
2021_04_WAS_ATL,2610,-0.565327,0.36445254
2021_04_WAS_ATL,2658,-1.9796276,0.21928073
2021_04_WAS_ATL,2680,4.0579033,0.24676047
2021_04_WAS_ATL,2757,-0.49296674,0.43737757
2021_04_WAS_ATL,2921,-0.5855747,0.4840904
2021_04_WAS_ATL,2964,2.1380088,0.47029495
2021_04_WAS_ATL,3009,0.42177096,0.16214631
2021_04_WAS_ATL,3033,0.7477249,0.24220033
2021_04_WAS_ATL,3114,-1.8402352,0.23493819
2021_04_WAS_ATL,3267,2.311322,0.04633427
2021_04_WAS_ATL,3323,-0.5234562,-0.10462298
2021_04_WAS_ATL,3373,-1.6860976,0.18064404
2021_04_WAS_ATL,3511,-1.5093496,0.3273799
2021_04_WAS_ATL,3642,0.72719115,0.24711768
2021_04_WAS_ATL,3763,2.3371172,0.59791213
2021_04_WAS_ATL,3787,-0.401374,0.27419186
2021_04_WAS_ATL,3834,1.7682266,0.34412596
2021_04_WAS_ATL,3858,2.2203345,0.23863514
2021_04_WAS_ATL,3932,-0.947,0.3146838
2021_04_WAS_ATL,4070,-0.18506691,0.12785174
2021_04_WAS_ATL,4092,1.5544446,0.20504671
2021_04_WAS_ATL,4116,-0.29339516,0.121769734
2021_04_WAS_ATL,4138,1.5723859,0.09433179
2021_04_WAS_ATL,4302,4.1342783,-0.010017423
2021_04_WAS_ATL,4395,0.41985348,0.38817605
2021_04_WAS_ATL,4436,-0.23980784,0.48335615
2021_04_WAS_ATL,4539,-1.1271423,-0.10267665
2021_04_HOU_BUF,198,-7.018608,0.6858446
2021_04_HOU_BUF,292,-3.2223287,0.44625506
2021_04_HOU_BUF,449,-0.8453826,-0.24861716
2021_04_HOU_BUF,471,-3.7857156,0.5995864
2021_04_HOU_BUF,518,0.88700575,0.2375423
2021_04_HOU_BUF,698,3.0723255,0.34679
2021_04_HOU_BUF,909,1.7677232,-0.035049025
2021_04_HOU_BUF,957,0.17525356,0.35503095
2021_04_HOU_BUF,981,-1.1702741,0.14853005
2021_04_HOU_BUF,1171,-0.49497554,0.0068719657
2021_04_HOU_BUF,1214,1.1227227,0.13308737
2021_04_HOU_BUF,1366,-0.61902404,0.19634448
2021_04_HOU_BUF,1456,0.9925253,0.31752872
2021_04_HOU_BUF,1607,-2.1686366,0.30604082
2021_04_HOU_BUF,1783,0.44130707,0.14097711
2021_04_HOU_BUF,1812,1.2959642,0.32103145
2021_04_HOU_BUF,1848,-0.4942629,0.38708168
2021_04_HOU_BUF,1870,0.16139016,0.42846453
2021_04_HOU_BUF,1911,-1.891396,0.41898715
2021_04_HOU_BUF,2076,1.0151674,0.44573036
2021_04_HOU_BUF,2168,-0.8995149,0.49086642
2021_04_HOU_BUF,2194,2.330291,0.06945228
2021_04_HOU_BUF,2370,-1.1631105,0.1657277
2021_04_HOU_BUF,2451,0.81831783,0.36569595
2021_04_HOU_BUF,2575,-1.1416324,-0.4547459
2021_04_HOU_BUF,2879,0.25450054,-0.53659075
2021_04_HOU_BUF,3027,0.5960387,-0.11114547
2021_04_HOU_BUF,3056,-5.1644373,0.12379844
2021_04_HOU_BUF,3172,2.384753,0.81543016
2021_04_HOU_BUF,3274,0.78614056,0.14183715
2021_04_HOU_BUF,3324,1.2315464,0.08020047
2021_04_HOU_BUF,3369,-4.9601336,0.13747421
2021_04_HOU_BUF,3506,0.51102257,0.86277986
2021_04_HOU_BUF,3673,-0.13623029,-0.2285009
2021_04_HOU_BUF,3697,-0.75231045,-0.04971296
2021_04_HOU_BUF,3736,2.2171657,-0.20999199
2021_04_HOU_BUF,3777,0.7133773,-0.070960365
2021_04_DET_CHI,97,-0.104110174,0.09816646
2021_04_DET_CHI,142,-0.8206006,-0.058005743
2021_04_DET_CHI,208,1.7473686,0.38408455
2021_04_DET_CHI,401,0.66463614,0.33856404
2021_04_DET_CHI,467,1.503616,-0.17119591
2021_04_DET_CHI,580,1.3279706,-0.086723134
2021_04_DET_CHI,972,0.027233426,-0.050153088
2021_04_DET_CHI,1092,0.1883059,0.09270495
2021_04_DET_CHI,1137,3.0232003,0.17084493
2021_04_DET_CHI,1172,-0.4290107,-0.08132243
2021_04_DET_CHI,1236,-2.6188424,-0.31758702
2021_04_DET_CHI,1342,-0.8084216,0.01003145
2021_04_DET_CHI,1469,-0.68611795,0.45311725
2021_04_DET_CHI,1557,-0.57375395,0.19522014
2021_04_DET_CHI,1579,2.2406826,-0.8359554
2021_04_DET_CHI,1701,-0.16131474,-0.023384068
2021_04_DET_CHI,1811,0.11572871,0.195443
2021_04_DET_CHI,1875,-0.33803663,0.07684801
2021_04_DET_CHI,1933,-2.9631875,0.50798863
2021_04_DET_CHI,1959,-0.24601644,0.26699594
2021_04_DET_CHI,2054,-0.7004928,0.061605144
2021_04_DET_CHI,2216,-1.7025706,0.36437896
2021_04_DET_CHI,2336,1.7876374,0.3196625
2021_04_DET_CHI,2382,2.8013465,0.16315609
2021_04_DET_CHI,2471,1.3334808,0.30519158
2021_04_DET_CHI,2561,0.2045312,0.5538772
2021_04_DET_CHI,2691,-1.4881705,0.3845456
2021_04_DET_CHI,2750,1.5836647,0.21451892
2021_04_DET_CHI,2774,0.12812532,0.07665574
2021_04_DET_CHI,2798,0.7285774,0.066916734
2021_04_DET_CHI,2940,0.21696174,0.0440661
2021_04_DET_CHI,2992,1.6246105,0.30796763
2021_04_DET_CHI,3108,-1.2004044,0.18300755
2021_04_DET_CHI,3191,-0.5606293,0.2044557
2021_04_DET_CHI,3232,1.2710364,0.26731196
2021_04_DET_CHI,3288,1.1389178,0.25076553
2021_04_DET_CHI,3331,2.5290823,-0.12919274
2021_04_DET_CHI,3360,0.90566504,0.16467452
2021_04_DET_CHI,3384,2.9878023,-0.10630193
2021_04_DET_CHI,3752,-0.12845342,0.4160495
2021_04_DET_CHI,3773,-1.3487188,0.24144444
2021_04_DET_CHI,3795,2.2692306,-0.97505933
2021_04_DET_CHI,3860,0.54909456,0.36168587
2021_04_DET_CHI,3915,-0.42031187,0.11364584
2021_04_DET_CHI,3946,-0.7234296,0.17344612
2021_04_DET_CHI,3982,0.25645968,0.32542527
2021_04_DET_CHI,4006,-3.6507297,0.24375811
2021_04_CAR_DAL,111,-1.6049896,0.39557007
2021_04_CAR_DAL,173,-0.8234097,0.34439588
2021_04_CAR_DAL,370,1.1726072,-0.093333565
2021_04_CAR_DAL,463,-0.3452656,0.570891
2021_04_CAR_DAL,559,-0.5241326,0.4327487
2021_04_CAR_DAL,606,0.8005205,0.2426212
2021_04_CAR_DAL,656,1.8465981,0.13018836
2021_04_CAR_DAL,701,1.1077106,-0.31712332
2021_04_CAR_DAL,783,-0.6082401,0.22994249
2021_04_CAR_DAL,805,1.3682523,-0.0454401
2021_04_CAR_DAL,933,0.8941204,0.08510893
2021_04_CAR_DAL,1072,1.3869516,0.15512872
2021_04_CAR_DAL,1096,1.989998,0.50751454
2021_04_CAR_DAL,1233,-0.37068626,-0.088204175
2021_04_CAR_DAL,1257,-0.8059869,0.26787418
2021_04_CAR_DAL,1294,2.626006,0.16284403
2021_04_CAR_DAL,1339,-0.79399234,0.36624515
2021_04_CAR_DAL,1452,0.54422855,0.28724006
2021_04_CAR_DAL,1751,-1.7268168,0.41527295
2021_04_CAR_DAL,1824,0.47047234,0.022170775
2021_04_CAR_DAL,1848,1.2069693,0.35687217
2021_04_CAR_DAL,1951,-0.23816377,0.15705478
2021_04_CAR_DAL,2022,0.81337816,0.28719017
2021_04_CAR_DAL,2046,-0.3801081,-0.04236819
2021_04_CAR_DAL,2068,-0.34309205,0.23241138
2021_04_CAR_DAL,2090,-1.3218548,0.5750844
2021_04_CAR_DAL,2254,3.0742652,0.24529131
2021_04_CAR_DAL,2299,-0.797857,0.1485335
2021_04_CAR_DAL,2321,-1.1421314,0.5232605
2021_04_CAR_DAL,2426,3.0210173,0.37729806
2021_04_CAR_DAL,2587,0.6450974,0.054083984
2021_04_CAR_DAL,2637,1.1010826,0.10024766
2021_04_CAR_DAL,2662,-0.947,0.28194
2021_04_CAR_DAL,2691,-0.5957355,-0.0037161014
2021_04_CAR_DAL,2713,0.7955629,-0.49575728
2021_04_CAR_DAL,2881,-5.0082436,0.49133664
2021_04_CAR_DAL,2949,2.407993,0.45546252
2021_04_CAR_DAL,3026,-0.85543895,0.22912773
2021_04_CAR_DAL,3048,-5.0319514,0.0116788
2021_04_CAR_DAL,3238,1.2805877,0.02054841
2021_04_CAR_DAL,3262,-0.9137168,-0.07752602
2021_04_CAR_DAL,3392,-0.18455847,0.34502313
2021_04_CAR_DAL,3416,0.89269644,0.2165299
2021_04_CAR_DAL,3440,0.7208198,0.034301776
2021_04_CAR_DAL,3464,0.4129562,-0.06500698
2021_04_CAR_DAL,3612,-1.6380413,0.105206296
2021_04_CAR_DAL,3678,-0.08650307,0.14008462
2021_04_CAR_DAL,3703,0.50267357,0.13893087
2021_04_CAR_DAL,3727,-0.5066952,0.088819936
2021_04_CAR_DAL,3823,-1.0477583,0.07771688
2021_04_CAR_DAL,3857,5.584205,0.026108831
2021_04_CAR_DAL,3919,1.5182906,0.14307553
2021_04_CAR_DAL,4068,0.324996,0.037888486
2021_04_IND_MIA,76,0.40106723,0.64970046
2021_04_IND_MIA,147,-0.4832858,0.67921984
2021_04_IND_MIA,207,-1.1164273,-0.30888575
2021_04_IND_MIA,340,-1.68524,0.31160903
2021_04_IND_MIA,484,-0.7616112,0.11455755
2021_04_IND_MIA,573,1.8738171,0.1786273
2021_04_IND_MIA,602,-0.19578044,0.11760119
2021_04_IND_MIA,679,0.9945171,0.13499512
2021_04_IND_MIA,703,0.44131634,0.07154419
2021_04_IND_MIA,748,1.2017654,-0.20882154
2021_04_IND_MIA,965,0.42089966,0.20126303
2021_04_IND_MIA,1021,0.14389145,0.41419184
2021_04_IND_MIA,1115,-0.7483146,0.20177014
2021_04_IND_MIA,1137,-1.5761728,0.38193595
2021_04_IND_MIA,1197,-0.67232406,0.32813385
2021_04_IND_MIA,1219,1.9301232,0.37081772
2021_04_IND_MIA,1243,-0.487172,0.24305193
2021_04_IND_MIA,1304,-0.81042,0.3762724
2021_04_IND_MIA,1357,-0.19739865,0.20001715
2021_04_IND_MIA,1381,2.1027384,0.55938756
2021_04_IND_MIA,1405,-0.48277986,0.24268061
2021_04_IND_MIA,1480,-0.2189995,0.07254329
2021_04_IND_MIA,1525,-0.51482755,0.13681239
2021_04_IND_MIA,1547,-1.051995,0.18992713
2021_04_IND_MIA,1588,0.31389245,0.39727116
2021_04_IND_MIA,1629,-0.3870486,0.5920714
2021_04_IND_MIA,1651,-0.57907385,0.10730962
2021_04_IND_MIA,1734,-0.20632134,0.04916737
2021_04_IND_MIA,1758,-0.19678363,0.18988213
2021_04_IND_MIA,1957,1.7816925,-0.087535545
2021_04_IND_MIA,2044,-0.748696,-0.46672797
2021_04_IND_MIA,2089,2.4180944,0.48639876
2021_04_IND_MIA,2158,2.3276412,0.30507833
2021_04_IND_MIA,2265,0.23678117,0.45404562
2021_04_IND_MIA,2361,-0.77059036,-0.0503393
2021_04_IND_MIA,2383,0.7920845,0.3371606
2021_04_IND_MIA,2515,0.421744,-0.11228887
2021_04_IND_MIA,2597,-0.5675024,-0.058277067
2021_04_IND_MIA,2619,0.39582953,0.09189022
2021_04_IND_MIA,2643,1.0436112,0.25947958
2021_04_IND_MIA,2788,-1.2076173,0.29200825
2021_04_IND_MIA,2868,1.6280227,0.36067748
2021_04_IND_MIA,2926,-0.41143012,0.012853861
2021_04_IND_MIA,2948,2.4366064,0.08459958
2021_04_IND_MIA,3046,2.3839633,0.20790157
2021_04_IND_MIA,3102,2.6260855,0.66538554
2021_04_IND_MIA,3344,3.5252156,0.44773903
2021_04_IND_MIA,3400,2.7149343,-0.51516134
2021_04_IND_MIA,3424,1.356887,-0.0655672
2021_04_IND_MIA,3448,-0.06329489,-0.06664175
2021_04_IND_MIA,3515,3.8512838,0.41583592
2021_04_IND_MIA,3702,2.1813376,0.6032666
2021_04_IND_MIA,3809,2.7586575,-0.0028683622
2021_04_CLE_MIN,126,-0.6424526,0.08768528
2021_04_CLE_MIN,171,1.9817846,-0.102233134
2021_04_CLE_MIN,200,1.4174011,0.363229
2021_04_CLE_MIN,251,-0.07623689,0.28750163
2021_04_CLE_MIN,374,3.1883698,0.25602275
2021_04_CLE_MIN,463,-0.36390328,-0.073528014
2021_04_CLE_MIN,511,-0.5198562,-0.16607215
2021_04_CLE_MIN,533,-0.9155565,-0.06018813
2021_04_CLE_MIN,555,2.8746738,0.09584841
2021_04_CLE_MIN,757,-1.5447178,0.17271583
2021_04_CLE_MIN,888,-0.33018026,0.3396823
2021_04_CLE_MIN,936,-1.5222176,0.30693626
2021_04_CLE_MIN,1003,-0.33056667,0.21104597
2021_04_CLE_MIN,1025,1.5389266,0.32125401
2021_04_CLE_MIN,1134,-1.3547755,0.42253748
2021_04_CLE_MIN,1156,-3.0733023,0.15711895
2021_04_CLE_MIN,1262,1.062866,0.026252354
2021_04_CLE_MIN,1307,0.99287224,0.37675658
2021_04_CLE_MIN,1512,1.2953461,0.19277374
2021_04_CLE_MIN,1553,-0.88901997,0.16807847
2021_04_CLE_MIN,1646,-0.2543835,0.38450134
2021_04_CLE_MIN,1748,1.053,0.366929
2021_04_CLE_MIN,1785,-0.11658215,0.029166436
2021_04_CLE_MIN,1807,-0.29355115,0.24013649
2021_04_CLE_MIN,1859,-0.36765647,0.2224741
2021_04_CLE_MIN,1925,-0.6844809,0.24354061
2021_04_CLE_MIN,1975,-0.06638298,0.5106101
2021_04_CLE_MIN,2023,0.44751123,0.33001015
2021_04_CLE_MIN,2052,-0.27216637,0.8689522
2021_04_CLE_MIN,2074,-0.12010489,0.6031711
2021_04_CLE_MIN,2096,0.48579046,0.34995565
2021_04_CLE_MIN,2228,0.20110723,0.34399322
2021_04_CLE_MIN,2451,1.1783787,0.22512265
2021_04_CLE_MIN,2538,-1.7437791,0.37257454
2021_04_CLE_MIN,2633,-0.866,0.106392905
2021_04_CLE_MIN,2884,1.2547417,0.1383669
2021_04_CLE_MIN,2967,2.7632406,0.4757386
2021_04_CLE_MIN,2991,0.7094212,0.19866484
2021_04_CLE_MIN,3036,-0.8079757,0.2834059
2021_04_CLE_MIN,3091,-1.4965864,0.005061431
2021_04_CLE_MIN,3288,-1.3757427,0.48645207
2021_04_CLE_MIN,3335,1.4504691,0.5405609
2021_04_CLE_MIN,3441,-1.0672629,0.39297733
2021_04_CLE_MIN,3497,-2.0627933,0.36888307
2021_04_CLE_MIN,3544,1.26038,0.6294335
2021_04_CLE_MIN,3589,-0.70668,0.30326012
2021_04_CLE_MIN,3611,-1.636325,0.35993573
2021_04_CLE_MIN,3715,2.6007469,0.3488893
2021_04_CLE_MIN,3787,0.39027458,0.4329277
2021_04_CLE_MIN,3811,-1.2825843,0.10390565
2021_04_CLE_MIN,3853,-3.0961895,-0.040272173
2021_04_CLE_MIN,3958,-0.8112559,0.5664977
2021_04_CLE_MIN,3998,-0.23272513,-0.01473437
2021_04_CLE_MIN,4020,-0.30038357,0.17402269
2021_04_CLE_MIN,4042,-0.5222305,0.3788034
2021_04_CLE_MIN,4103,-0.2648936,0.16555354
2021_04_CLE_MIN,4125,-0.43669575,0.2758443
2021_04_CLE_MIN,4164,1.194616,-0.12506801
2021_04_CLE_MIN,4205,-0.13684131,-0.052917566
2021_04_CLE_MIN,4227,0.1214846,0.21273287
2021_04_CLE_MIN,4273,-2.071147,0.11771612
2021_04_NYG_NO,104,-1.5127653,0.41062582
2021_04_NYG_NO,198,-0.5615212,0.20134923
2021_04_NYG_NO,248,-1.4974449,0.21350425
2021_04_NYG_NO,314,1.448592,-0.14173383
2021_04_NYG_NO,363,-0.7711463,0.15557894
2021_04_NYG_NO,385,-1.3808243,-0.038156603
2021_04_NYG_NO,491,0.64103156,0.07107236
2021_04_NYG_NO,619,-1.6152911,0.63570577
2021_04_NYG_NO,719,-1.218669,-0.07852953
2021_04_NYG_NO,799,-0.17050724,-0.035990935
2021_04_NYG_NO,876,1.6223402,0.43426144
2021_04_NYG_NO,956,-1.9392109,0.33037412
2021_04_NYG_NO,998,0.09973332,0.18336041
2021_04_NYG_NO,1049,-0.57754767,-0.41653296
2021_04_NYG_NO,1144,-1.5972013,0.17653304
2021_04_NYG_NO,1192,4.13184,0.5013893
2021_04_NYG_NO,1311,0.67510366,0.35735074
2021_04_NYG_NO,1340,0.22382392,0.18893468
2021_04_NYG_NO,1402,0.950594,0.38884494
2021_04_NYG_NO,1462,-0.3099456,0.2915259
2021_04_NYG_NO,1515,2.4962192,0.3248247
2021_04_NYG_NO,1675,3.3098896,0.393284
2021_04_NYG_NO,1850,-0.6001138,1.021806
2021_04_NYG_NO,1910,3.309896,0.8785187
2021_04_NYG_NO,1936,0.68464386,0.37582102
2021_04_NYG_NO,2033,1.1746826,0.4259801
2021_04_NYG_NO,2082,0.25411338,0.088402346
2021_04_NYG_NO,2111,1.3667597,0.25121906
2021_04_NYG_NO,2139,1.2160642,0.15472241
2021_04_NYG_NO,2172,1.5828497,0.01313698
2021_04_NYG_NO,2256,-1.4471112,0.2897751
2021_04_NYG_NO,2360,1.9226011,-0.28365016
2021_04_NYG_NO,2425,-2.7734656,0.24986996
2021_04_NYG_NO,2466,0.920353,0.4500181
2021_04_NYG_NO,2570,-1.8502625,0.5102738
2021_04_NYG_NO,2611,0.8671218,0.12476496
2021_04_NYG_NO,2835,0.786468,0.5463351
2021_04_NYG_NO,2968,-0.017843867,-0.038395125
2021_04_NYG_NO,3067,-1.5776074,0.015041026
2021_04_NYG_NO,3228,4.22392,0.0861906
2021_04_NYG_NO,3324,1.6475192,0.9106219
2021_04_NYG_NO,3443,-0.6871421,0.16377321
2021_04_NYG_NO,3529,0.28902608,0.19398637
2021_04_NYG_NO,3602,-0.42451862,0.21406902
2021_04_NYG_NO,3624,1.0132537,0.286874
2021_04_NYG_NO,3648,-0.32483947,0.019549336
2021_04_NYG_NO,3676,-0.30433318,-0.000150796
2021_04_NYG_NO,3702,2.2297654,0.041941408
2021_04_NYG_NO,3747,-0.2352841,0.16086882
2021_04_NYG_NO,3769,-0.3105612,0.17044559
2021_04_NYG_NO,3870,-0.06570237,0.23075943
2021_04_NYG_NO,3947,0.892472,0.48116353
2021_04_NYG_NO,4114,-0.79246104,-0.28949004
2021_04_NYG_NO,4187,2.3549387,0.24659866
2021_04_TEN_NYJ,109,-1.3854358,0.3773535
2021_04_TEN_NYJ,222,-0.99903166,-0.020439075
2021_04_TEN_NYJ,433,-0.5106993,0.33382264
2021_04_TEN_NYJ,604,-0.92984164,0.28673485
2021_04_TEN_NYJ,725,1.8496475,0.30860367
2021_04_TEN_NYJ,749,0.97211975,0.22478451
2021_04_TEN_NYJ,818,1.5490752,-0.18181624
2021_04_TEN_NYJ,984,-4.332289,0.47061026
2021_04_TEN_NYJ,1010,1.1444334,0.31125566
2021_04_TEN_NYJ,1066,-0.7346812,0.1546805
2021_04_TEN_NYJ,1150,-0.541519,0.40493837
2021_04_TEN_NYJ,1183,-0.7118431,-0.36268252
2021_04_TEN_NYJ,1214,1.939542,0.062296003
2021_04_TEN_NYJ,1254,1.9776336,0.7746792
2021_04_TEN_NYJ,1283,0.7331532,0.5801017
2021_04_TEN_NYJ,1345,1.0574445,0.26280072
2021_04_TEN_NYJ,1537,-1.215896,0.17425825
2021_04_TEN_NYJ,1702,0.20320436,0.25016344
2021_04_TEN_NYJ,1726,0.3749267,0.6570525
2021_04_TEN_NYJ,1779,0.3534941,0.16229951
2021_04_TEN_NYJ,1791,0.3367275,0.43972468
2021_04_TEN_NYJ,1863,0.29754555,0.3426979
2021_04_TEN_NYJ,2005,1.7775245,0.3028938
2021_04_TEN_NYJ,2082,-0.8372187,0.108921856
2021_04_TEN_NYJ,2106,-0.99688953,0.2098349
2021_04_TEN_NYJ,2203,-0.071985886,0.25714898
2021_04_TEN_NYJ,2333,0.9239313,0.4328027
2021_04_TEN_NYJ,2412,-0.51693624,-0.032583084
2021_04_TEN_NYJ,2529,1.0352086,0.15064333
2021_04_TEN_NYJ,2553,0.27552038,0.4424961
2021_04_TEN_NYJ,2598,4.459678,-0.41294652
2021_04_TEN_NYJ,2668,-1.441182,0.28193283
2021_04_TEN_NYJ,2724,0.84085,0.40628213
2021_04_TEN_NYJ,2879,1.053,0.42324564
2021_04_TEN_NYJ,2975,-0.48939246,0.40297157
2021_04_TEN_NYJ,2997,2.641435,0.39245257
2021_04_TEN_NYJ,3049,1.2770506,-0.0098861735
2021_04_TEN_NYJ,3205,4.510186,-0.07005329
2021_04_TEN_NYJ,3261,-0.5319648,0.4740696
2021_04_TEN_NYJ,3283,-0.6650725,0.34182605
2021_04_TEN_NYJ,3308,-1.182717,0.322262
2021_04_TEN_NYJ,3349,-0.50737524,-0.1120778
2021_04_TEN_NYJ,3371,-0.18702725,0.33527195
2021_04_TEN_NYJ,3510,-0.5814156,0.78974235
2021_04_TEN_NYJ,3532,1.367233,0.29668072
2021_04_TEN_NYJ,3629,-2.930509,0.18567015
2021_04_TEN_NYJ,3714,1.2578443,0.4208698
2021_04_TEN_NYJ,3794,-0.5030688,0.23179938
2021_04_TEN_NYJ,3835,-0.69576764,0.14250357
2021_04_TEN_NYJ,3920,-0.36375108,-0.005723836
2021_04_TEN_NYJ,3956,-0.6425047,0.11934552
2021_04_TEN_NYJ,4056,-0.40578285,0.12966423
2021_04_TEN_NYJ,4085,0.2126282,0.16847819
2021_04_TEN_NYJ,4129,1.2463228,-0.09907197
2021_04_TEN_NYJ,4158,0.5388898,0.12273481
2021_04_TEN_NYJ,4182,1.0647504,0.17592643
2021_04_TEN_NYJ,4206,-0.6264911,0.42475504
2021_04_TEN_NYJ,4228,2.3225033,0.093412496
2021_04_TEN_NYJ,4352,-0.4998769,0.37004647
2021_04_TEN_NYJ,4374,0.6609795,0.34487262
2021_04_TEN_NYJ,4480,-0.2798709,0.33100986
2021_04_TEN_NYJ,4551,2.1797507,0.48866123
2021_04_TEN_NYJ,4622,1.048527,0.3051927
2021_04_TEN_NYJ,4843,0.54929703,-0.11749835
2021_04_TEN_NYJ,4929,-0.18022679,0.16622023
2021_04_TEN_NYJ,4953,-0.26115918,0.21876039
2021_04_TEN_NYJ,5010,0.8326534,0.34852257
2021_04_TEN_NYJ,5051,-0.29062277,0.28167176
2021_04_TEN_NYJ,5108,-0.20439982,0.40094897
2021_04_TEN_NYJ,5153,-0.15335023,0.12262278
2021_04_KC_PHI,78,1.4980553,-0.0023359754
2021_04_KC_PHI,131,1.3089304,0.43461236
2021_04_KC_PHI,176,-0.7723395,0.5659785
2021_04_KC_PHI,353,0.78906476,0.04315815
2021_04_KC_PHI,409,0.55927557,0.25169924
2021_04_KC_PHI,465,2.82917,0.41351065
2021_04_KC_PHI,667,0.66139024,0.04054724
2021_04_KC_PHI,718,0.78761405,0.14999272
2021_04_KC_PHI,800,-0.6237101,0.38352337
2021_04_KC_PHI,836,2.769575,0.44109648
2021_04_KC_PHI,927,1.1946802,-0.16862282
2021_04_KC_PHI,1284,1.6580077,0.22312011
2021_04_KC_PHI,1343,2.2895584,0.12422084
2021_04_KC_PHI,1400,-0.91825813,-0.6929942
2021_04_KC_PHI,1422,2.903871,0.19956115
2021_04_KC_PHI,1562,0.3871816,0.34636828
2021_04_KC_PHI,1586,-0.65997654,0.5704317
2021_04_KC_PHI,1653,1.5640268,0.16343106
2021_04_KC_PHI,1723,0.3563955,0.1491568
2021_04_KC_PHI,1788,-0.41077846,0.15106231
2021_04_KC_PHI,1824,-0.98548746,-0.45018348
2021_04_KC_PHI,1959,0.077813454,0.08562871
2021_04_KC_PHI,2021,-0.44002908,0.43214554
2021_04_KC_PHI,2193,1.5114598,0.28584433
2021_04_KC_PHI,2217,0.6890967,0.26605865
2021_04_KC_PHI,2251,-0.28495187,0.27636302
2021_04_KC_PHI,2274,-0.4862879,0.5212808
2021_04_KC_PHI,2483,-3.9518845,0.118835054
2021_04_KC_PHI,2550,1.4205835,0.2952613
2021_04_KC_PHI,2645,0.50589854,0.2642449
2021_04_KC_PHI,2713,-0.43481973,0.403912
2021_04_KC_PHI,2735,-0.09881894,0.1476885
2021_04_KC_PHI,2759,-1.4103036,-0.658404
2021_04_KC_PHI,2927,0.9410113,0.42759869
2021_04_KC_PHI,3017,0.44054723,0.5179168
2021_04_KC_PHI,3062,0.5030646,0.0020472223
2021_04_KC_PHI,3173,-0.14962341,-0.17219715
2021_04_KC_PHI,3206,1.2074258,-0.20328325
2021_04_KC_PHI,3309,1.0811071,0.36323482
2021_04_KC_PHI,3363,0.2619222,0.022141373
2021_04_KC_PHI,3532,-0.7523639,0.42754492
2021_04_KC_PHI,3584,0.6631045,0.78228563
2021_04_KC_PHI,3781,1.3788365,0.080488585
2021_04_KC_PHI,3810,-0.48605192,-0.11986572
2021_04_KC_PHI,3832,1.701237,0.43749297
2021_04_KC_PHI,3861,-0.4199117,0.4113844
2021_04_KC_PHI,3932,-0.9362536,0.29160127
2021_04_KC_PHI,3956,-2.5800114,-0.97584426
2021_04_KC_PHI,4055,0.6657397,0.0447417
2021_04_KC_PHI,4190,6.514455,0.3650304
2021_04_KC_PHI,4246,-0.372775,0.0060441755
2021_04_KC_PHI,4306,1.4343401,0.3404072
2021_04_KC_PHI,4397,-0.21760923,-0.18908726
2021_04_KC_PHI,4471,4.050559,0.07057022
2021_04_ARI_LA,76,1.309916,0.5533177
2021_04_ARI_LA,149,-0.35173714,0.4786478
2021_04_ARI_LA,173,2.5210452,0.6205929
2021_04_ARI_LA,221,-0.62659997,0.41846475
2021_04_ARI_LA,255,-1.9881338,0.42365316
2021_04_ARI_LA,311,-0.639551,0.6285653
2021_04_ARI_LA,333,-0.23046048,-0.07279241
2021_04_ARI_LA,362,-2.6832566,0.12886114
2021_04_ARI_LA,427,-2.9130774,0.3358515
2021_04_ARI_LA,479,0.43628982,0.45750988
2021_04_ARI_LA,541,2.5423226,0.5816769
2021_04_ARI_LA,615,5.0104795,0.44350907
2021_04_ARI_LA,703,-0.43148938,0.035933156
2021_04_ARI_LA,732,0.5863572,-0.01748878
2021_04_ARI_LA,871,1.6839342,0.08665472
2021_04_ARI_LA,927,0.12211687,0.043677814
2021_04_ARI_LA,1012,0.9780054,0.14854516
2021_04_ARI_LA,1066,0.5030636,0.42845798
2021_04_ARI_LA,1107,1.3445476,-0.021478727
2021_04_ARI_LA,1131,0.7884633,-0.14774126
2021_04_ARI_LA,1176,-0.99376124,-0.08399009
2021_04_ARI_LA,1200,2.879908,0.31237152
2021_04_ARI_LA,1342,-0.614423,0.034990974
2021_04_ARI_LA,1476,-0.5246555,0.07810854
2021_04_ARI_LA,1498,-0.7026025,0.22241099
2021_04_ARI_LA,1520,1.9353085,0.13307469
2021_04_ARI_LA,1577,-0.4287478,0.15297906
2021_04_ARI_LA,1623,-1.9363562,0.30674908
2021_04_ARI_LA,1689,-0.67049253,0.12636243
2021_04_ARI_LA,1711,-1.1230595,0.4123163
2021_04_ARI_LA,1839,-0.77824986,0.011624768
2021_04_ARI_LA,1861,3.7716126,0.10232092
2021_04_ARI_LA,1908,1.4418288,0.34555194
2021_04_ARI_LA,1953,-0.9846073,0.21974911
2021_04_ARI_LA,1975,-1.5378565,0.12818827
2021_04_ARI_LA,2054,0.13066345,0.09174638
2021_04_ARI_LA,2078,1.1908263,0.7058672
2021_04_ARI_LA,2313,2.0895383,-0.026401306
2021_04_ARI_LA,2342,0.86214626,0.3007197
2021_04_ARI_LA,2423,-0.58898324,0.5363421
2021_04_ARI_LA,2542,-0.8618155,0.16623937
2021_04_ARI_LA,2564,-0.8247088,0.139623
2021_04_ARI_LA,2720,0.75254846,0.2228545
2021_04_ARI_LA,2786,1.7932131,0.28282294
2021_04_ARI_LA,2831,-0.75808096,0.3711217
2021_04_ARI_LA,2985,0.6389427,-0.039183848
2021_04_ARI_LA,3088,-1.8980801,0.44996652
2021_04_ARI_LA,3239,1.6518681,0.2118987
2021_04_ARI_LA,3390,0.40705484,0.0061222725
2021_04_ARI_LA,3414,0.25663882,0.022002779
2021_04_ARI_LA,3476,-0.6506738,0.117865756
2021_04_ARI_LA,3498,2.0372186,0.080705956
2021_04_ARI_LA,3567,0.52157,-0.16016515
2021_04_ARI_LA,3615,-0.6391208,0.06581671
2021_04_ARI_LA,3658,0.25667182,0.4728493
2021_04_ARI_LA,3703,-0.58639914,0.68433857
2021_04_ARI_LA,3767,-3.9745004,0.7384056
2021_04_ARI_LA,4071,0.29959333,0.10763493
2021_04_ARI_LA,4095,0.4877629,0.04088726
2021_04_ARI_LA,4151,0.51962584,0.2783398
2021_04_ARI_LA,4274,1.3462373,0.002096524
2021_04_ARI_LA,4298,2.3990073,0.21561262
2021_04_SEA_SF,97,-1.5867226,-0.1848738
2021_04_SEA_SF,149,0.7718994,0.31586748
2021_04_SEA_SF,198,0.4964784,0.1502737
2021_04_SEA_SF,282,0.9764356,0.09229489
2021_04_SEA_SF,306,1.2041621,0.4188111
2021_04_SEA_SF,359,2.389344,0.1374893
2021_04_SEA_SF,422,-1.0734123,-0.2031393
2021_04_SEA_SF,446,-0.13469186,-0.057992466
2021_04_SEA_SF,581,-0.53554106,0.13716987
2021_04_SEA_SF,650,-0.572687,-0.081339404
2021_04_SEA_SF,809,0.9483368,0.6644354
2021_04_SEA_SF,837,0.9546457,0.22536732
2021_04_SEA_SF,865,1.6953397,0.203451
2021_04_SEA_SF,1129,-0.5254104,0.013052013
2021_04_SEA_SF,1151,-0.7375153,-0.1663319
2021_04_SEA_SF,1173,1.8689142,0.013685714
2021_04_SEA_SF,1290,-1.3801018,0.17000937
2021_04_SEA_SF,1391,-0.90886664,0.3483758
2021_04_SEA_SF,1483,-1.4074353,0.45826736
2021_04_SEA_SF,1522,1.6988279,0.4070132
2021_04_SEA_SF,1592,2.2954187,0.46874818
2021_04_SEA_SF,1658,2.5018208,0.4251637
2021_04_SEA_SF,1731,0.09330168,0.06808726
2021_04_SEA_SF,1807,-0.29150712,0.4448402
2021_04_SEA_SF,1829,-0.556913,0.036297165
2021_04_SEA_SF,2166,-1.3044416,0.23458916
2021_04_SEA_SF,2238,-0.58223677,0.09165856
2021_04_SEA_SF,2281,-1.5601317,0.15179197
2021_04_SEA_SF,2328,1.3885125,0.4888869
2021_04_SEA_SF,2584,2.521064,0.11817363
2021_04_SEA_SF,2711,5.906863,-0.20158719
2021_04_SEA_SF,2803,0.993393,0.44343466
2021_04_SEA_SF,2831,0.38309652,0.34597364
2021_04_SEA_SF,2920,-1.173698,0.16519262
2021_04_SEA_SF,3013,-0.498949,0.3808563
2021_04_SEA_SF,3208,-0.7101077,0.16149247
2021_04_SEA_SF,3268,-0.51313806,0.055884957
2021_04_SEA_SF,3338,-1.521349,0.10864704
2021_04_SEA_SF,3407,-0.8679798,0.14979056
2021_04_SEA_SF,3478,2.3786912,0.12538713
2021_04_SEA_SF,3536,-0.63602835,-0.3571598
2021_04_SEA_SF,3733,0.83921325,-0.008204977
2021_04_SEA_SF,3815,0.9351352,0.1567886
2021_04_SEA_SF,3915,-0.56599253,-0.042192914
2021_04_SEA_SF,3937,0.6347906,-0.20044328
2021_04_SEA_SF,3961,0.122129954,-0.069860056
2021_04_SEA_SF,4025,2.4466946,-1.1959321
2021_04_SEA_SF,4066,-0.4753408,-0.13064463
2021_04_SEA_SF,4094,-0.49853978,-0.023957958
2021_04_SEA_SF,4116,-0.837045,0.034338623
2021_04_BAL_DEN,55,0.7994084,-0.65587395
2021_04_BAL_DEN,121,-0.5063571,0.6855971
2021_04_BAL_DEN,143,-0.89157265,0.35235554
2021_04_BAL_DEN,298,-0.77306026,0.1549912
2021_04_BAL_DEN,320,-1.2941793,0.19214357
2021_04_BAL_DEN,360,1.1328276,0.4058821
2021_04_BAL_DEN,405,-0.835924,0.29978222
2021_04_BAL_DEN,427,-1.6689842,0.020933732
2021_04_BAL_DEN,466,1.3441877,0.4478185
2021_04_BAL_DEN,641,-0.8103865,0.33960852
2021_04_BAL_DEN,686,-0.98174304,0.3766211
2021_04_BAL_DEN,773,-0.6587659,0.34277144
2021_04_BAL_DEN,795,-1.1526276,-0.40677378
2021_04_BAL_DEN,962,2.1739879,0.13793066
2021_04_BAL_DEN,1039,1.0379485,0.19855872
2021_04_BAL_DEN,1084,-0.86720717,0.5302557
2021_04_BAL_DEN,1150,1.5910958,0.518512
2021_04_BAL_DEN,1174,0.61173636,0.019927736
2021_04_BAL_DEN,1269,-0.51350313,0.29267812
2021_04_BAL_DEN,1356,0.8398652,0.5068168
2021_04_BAL_DEN,1401,-0.4701738,0.30373386
2021_04_BAL_DEN,1423,4.802061,0.49273354
2021_04_BAL_DEN,1486,0.7970081,0.14156468
2021_04_BAL_DEN,1510,0.8332524,0.3670537
2021_04_BAL_DEN,1680,0.54865223,0.51732117
2021_04_BAL_DEN,1820,-0.27850026,0.35715258
2021_04_BAL_DEN,1842,-0.64413464,0.56260014
2021_04_BAL_DEN,1916,1.1286255,0.5068911
2021_04_BAL_DEN,1961,-0.48797947,0.1900167
2021_04_BAL_DEN,1983,-0.5706096,0.16170031
2021_04_BAL_DEN,2174,-1.4075751,-0.65338486
2021_04_BAL_DEN,2255,2.3747485,0.27121934
2021_04_BAL_DEN,2279,-0.55334705,-0.12812531
2021_04_BAL_DEN,2301,1.2540056,0.16870493
2021_04_BAL_DEN,2368,-1.5741775,-0.42047995
2021_04_BAL_DEN,2421,0.91738325,0.65515316
2021_04_BAL_DEN,2480,-0.7815884,0.13605921
2021_04_BAL_DEN,2569,-0.54036176,0.66307414
2021_04_BAL_DEN,2649,-0.53254133,0.01433302
2021_04_BAL_DEN,2695,-0.9189735,0.24222788
2021_04_BAL_DEN,2758,-0.7364011,0.6726598
2021_04_BAL_DEN,2780,1.6800388,0.11408826
2021_04_BAL_DEN,2809,1.0289116,-0.008889027
2021_04_BAL_DEN,2854,-0.900669,0.40208083
2021_04_BAL_DEN,2876,1.8082346,0.6701554
2021_04_BAL_DEN,2900,0.54741573,0.17069115
2021_04_BAL_DEN,3023,-0.96205795,-0.054239877
2021_04_BAL_DEN,3045,0.9168449,-0.115067914
2021_04_BAL_DEN,3147,0.1991003,0.12765625
2021_04_BAL_DEN,3185,-1.3792534,0.10128277
2021_04_BAL_DEN,3309,0.6996482,0.093784034
2021_04_BAL_DEN,3333,-0.49277073,-0.0006151885
2021_04_BAL_DEN,3355,-1.5596062,-0.061687637
2021_04_BAL_DEN,3419,-1.0514748,0.73567724
2021_04_BAL_DEN,3484,0.017942647,0.24949415
2021_04_BAL_DEN,3508,1.2109447,0.13183683
2021_04_BAL_DEN,3609,2.799608,0.2640312
2021_04_BAL_DEN,3685,0.86247104,0.52465415
2021_04_BAL_DEN,3757,-0.5056864,0.15932353
2021_04_BAL_DEN,3829,-1.985792,0.13463709
2021_04_BAL_DEN,3906,0.08623846,0.050759163
2021_04_BAL_DEN,3951,0.4779722,0.15160875
2021_04_BAL_DEN,3992,2.2261913,-0.006482494
2021_04_BAL_DEN,4033,0.37647122,-0.09914685
2021_04_BAL_DEN,4074,-0.4607623,0.03562302
2021_04_BAL_DEN,4096,-3.912344,-0.18765683
2021_04_PIT_GB,55,-0.35940078,0.092184804
2021_04_PIT_GB,126,0.82134086,0.29017356
2021_04_PIT_GB,216,5.1056023,0.19527759
2021_04_PIT_GB,290,0.23355635,0.16905734
2021_04_PIT_GB,377,1.7851964,0.5680108
2021_04_PIT_GB,401,0.17278403,0.26232797
2021_04_PIT_GB,540,-0.7618618,0.14678986
2021_04_PIT_GB,562,-1.2421564,0.20501807
2021_04_PIT_GB,646,-0.8075301,-0.0063945893
2021_04_PIT_GB,690,-0.51606375,0.25439978
2021_04_PIT_GB,712,1.4100744,0.33615005
2021_04_PIT_GB,770,-0.7321835,0.19756798
2021_04_PIT_GB,792,1.7618287,0.43389782
2021_04_PIT_GB,816,-0.45822513,0.1806577
2021_04_PIT_GB,878,1.5134798,0.3169481
2021_04_PIT_GB,997,-0.74022335,0.6313018
2021_04_PIT_GB,1083,0.30506003,0.40036893
2021_04_PIT_GB,1145,3.4778044,0.4278015
2021_04_PIT_GB,1307,0.8151395,0.30746037
2021_04_PIT_GB,1342,0.91180235,0.37269843
2021_04_PIT_GB,1395,-0.38598165,0.12525132
2021_04_PIT_GB,1438,-0.71100426,0.05828293
2021_04_PIT_GB,1522,0.2976848,0.1863929
2021_04_PIT_GB,1626,-0.36041275,0.35168672
2021_04_PIT_GB,1665,1.614485,0.40679622
2021_04_PIT_GB,1689,-0.28028175,0.4341314
2021_04_PIT_GB,1735,-0.43292877,0.49239418
2021_04_PIT_GB,1757,-0.8036035,0.5619737
2021_04_PIT_GB,1800,-0.65308505,0.3151174
2021_04_PIT_GB,1979,-0.78205645,0.79163855
2021_04_PIT_GB,2091,-0.5573182,0.6381485
2021_04_PIT_GB,2113,2.7024853,0.31108075
2021_04_PIT_GB,2188,-0.87501645,0.41083956
2021_04_PIT_GB,2262,-0.08883195,0.16829138
2021_04_PIT_GB,2286,0.716352,0.19993155
2021_04_PIT_GB,2331,-0.7518439,0.6867567
2021_04_PIT_GB,2353,-1.2724621,0.34255597
2021_04_PIT_GB,2619,-0.6981831,0.12205362
2021_04_PIT_GB,2641,-1.7947427,0.20174389
2021_04_PIT_GB,2680,-3.369921,-0.044942383
2021_04_PIT_GB,2708,1.5376942,0.16133785
2021_04_PIT_GB,2769,-0.54500294,0.2713392
2021_04_PIT_GB,2791,1.5252731,0.19010791
2021_04_PIT_GB,2860,-0.010882094,0.6572719
2021_04_PIT_GB,2903,-1.8230107,-0.05183434
2021_04_PIT_GB,2993,-0.19774313,0.37389255
2021_04_PIT_GB,3017,-1.1950824,0.031070054
2021_04_PIT_GB,3058,-0.05814422,0.19922799
2021_04_PIT_GB,3143,0.5359065,-0.18205494
2021_04_PIT_GB,3189,-2.4748492,0.31060496
2021_04_PIT_GB,3301,-0.66192234,0.69282174
2021_04_PIT_GB,3323,-1.4068485,0.80844593
2021_04_PIT_GB,3362,-2.871033,0.21813811
2021_04_PIT_GB,3384,0.7424817,0.16395938
2021_04_PIT_GB,3442,0.7227677,0.08803684
2021_04_PIT_GB,3466,-0.45147213,0.071643904
2021_04_PIT_GB,3488,2.1552138,0.008731219
2021_04_PIT_GB,3513,-0.08870902,0.15003477
2021_04_PIT_GB,3537,-0.90542954,-0.21749005
2021_04_PIT_GB,3728,1.2362497,0.3074182
2021_04_PIT_GB,3865,-0.46938312,0.10988851
2021_04_PIT_GB,3889,-0.6463037,-0.00028083567
2021_04_TB_NE,56,0.4220433,-0.9516381
2021_04_TB_NE,80,0.27172038,0.31982964
2021_04_TB_NE,109,-0.037253663,-0.052286454
2021_04_TB_NE,161,-1.6583706,0.54978794
2021_04_TB_NE,202,-0.5704111,0.48769623
2021_04_TB_NE,226,0.3277295,0.25820276
2021_04_TB_NE,303,-0.03134927,0.25192136
2021_04_TB_NE,327,-1.5893837,0.2967434
2021_04_TB_NE,399,-0.82053566,0.48025352
2021_04_TB_NE,494,-0.50558335,0.42981386
2021_04_TB_NE,585,-0.55619967,0.46228617
2021_04_TB_NE,654,1.3300023,0.49564296
2021_04_TB_NE,678,1.7790204,0.28022084
2021_04_TB_NE,758,-0.74048203,0.7203038
2021_04_TB_NE,780,-0.9163732,0.4274754
2021_04_TB_NE,840,1.0158153,0.40836182
2021_04_TB_NE,885,-0.8318499,0.39123872
2021_04_TB_NE,907,-2.4596603,0.13946576
2021_04_TB_NE,970,-0.87015873,0.28849185
2021_04_TB_NE,1036,0.20969042,0.14206347
2021_04_TB_NE,1094,3.0098286,-0.035999745
2021_04_TB_NE,1163,-0.69419825,0.24094728
2021_04_TB_NE,1185,-0.8901476,0.15157887
2021_04_TB_NE,1295,1.1815836,0.20823154
2021_04_TB_NE,1319,1.7258985,0.30482492
2021_04_TB_NE,1343,-0.48948252,0.2738574
2021_04_TB_NE,1365,-0.3512121,0.2866558
2021_04_TB_NE,1475,1.0456166,0.21097521
2021_04_TB_NE,1511,1.2555864,0.09779502
2021_04_TB_NE,1594,-0.2822124,0.41595656
2021_04_TB_NE,1618,2.3686461,0.49652857
2021_04_TB_NE,1718,0.69578755,0.31161055
2021_04_TB_NE,1789,-0.65108013,0.14749987
2021_04_TB_NE,1854,-0.115866706,0.16672765
2021_04_TB_NE,2041,0.023090374,0.18087004
2021_04_TB_NE,2070,1.2848439,0.13982101
2021_04_TB_NE,2111,1.4912252,0.43326086
2021_04_TB_NE,2135,0.6149801,0.30867246
2021_04_TB_NE,2159,-0.32661504,0.20439759
2021_04_TB_NE,2181,-0.31950372,0.076028
2021_04_TB_NE,2203,-0.26935136,0.18284892
2021_04_TB_NE,2379,-0.8110547,0.49396542
2021_04_TB_NE,2496,0.6346696,0.55391484
2021_04_TB_NE,2541,-5.7576303,0.095886625
2021_04_TB_NE,2628,-1.7401388,0.14062153
2021_04_TB_NE,2970,0.6996252,0.32499918
2021_04_TB_NE,3086,1.5848587,0.23394898
2021_04_TB_NE,3110,0.63289285,0.8213418
2021_04_TB_NE,3134,0.06232172,0.47470617
2021_04_TB_NE,3158,0.9448662,0.5482068
2021_04_TB_NE,3182,0.7044622,0.23339617
2021_04_TB_NE,3254,0.52467966,0.23465697
2021_04_TB_NE,3367,1.2486906,0.2817022
2021_04_TB_NE,3417,-0.81100434,0.46768087
2021_04_TB_NE,3550,-0.5158619,0.28799456
2021_04_TB_NE,3572,2.187768,0.32494763
2021_04_TB_NE,3617,-0.79233277,0.09399986
2021_04_TB_NE,3639,-0.8449319,-0.32187337
2021_04_TB_NE,3695,0.63766855,0.6720422
2021_04_TB_NE,3719,-0.34068903,0.29743516
2021_04_TB_NE,3743,1.7197568,0.41339007
2021_04_TB_NE,3800,-0.55090034,0.45542175
2021_04_TB_NE,3822,-0.73665196,0.36287817
2021_04_TB_NE,4001,0.6201441,0.48629215
2021_04_TB_NE,4028,1.4032239,0.1277352
2021_04_TB_NE,4100,-0.7511881,0.13732903
2021_04_TB_NE,4139,-0.4466851,0.3074068
2021_04_TB_NE,4249,0.61622083,0.14966446
2021_04_TB_NE,4296,0.80224514,0.11506902
2021_04_TB_NE,4325,-0.29869628,0.3929063
2021_04_TB_NE,4347,0.32500854,0.34704092
2021_04_TB_NE,4376,-1.5517712,0.5866782
2021_04_LV_LAC,81,-0.02138242,0.095437005
2021_04_LV_LAC,149,-0.25265598,-0.23509185
2021_04_LV_LAC,196,1.6464202,0.4387654
2021_04_LV_LAC,262,0.31992105,0.0983763
2021_04_LV_LAC,312,1.2575235,0.39725503
2021_04_LV_LAC,380,2.1609619,0.40411654
2021_04_LV_LAC,485,-1.4570692,0.49667987
2021_04_LV_LAC,532,-0.59880936,0.4578069
2021_04_LV_LAC,592,-1.6289027,0.36934286
2021_04_LV_LAC,644,-0.63695514,0.6118808
2021_04_LV_LAC,666,-0.2253282,0.109848276
2021_04_LV_LAC,819,-0.91256917,-0.08969235
2021_04_LV_LAC,841,-1.2226063,0.1174574
2021_04_LV_LAC,964,-0.35177222,0.3908992
2021_04_LV_LAC,1077,-1.8894255,0.29813063
2021_04_LV_LAC,1198,-3.202812,0.15188144
2021_04_LV_LAC,1222,-0.14937995,0.3877324
2021_04_LV_LAC,1289,-0.96794415,0.3995089
2021_04_LV_LAC,1338,0.2566846,0.29673702
2021_04_LV_LAC,1362,-0.8116823,0.17490096
2021_04_LV_LAC,1384,1.4575455,0.42533252
2021_04_LV_LAC,1424,-0.57278657,0.13961329
2021_04_LV_LAC,1446,-0.7067349,-0.12682414
2021_04_LV_LAC,1468,-0.76408833,0.007771031
2021_04_LV_LAC,1522,0.44945878,0.45092344
2021_04_LV_LAC,1599,1.9751285,0.4831518
2021_04_LV_LAC,1650,-0.76419836,0.09752829
2021_04_LV_LAC,1674,3.352084,0.52166355
2021_04_LV_LAC,1891,0.73782253,0.48528558
2021_04_LV_LAC,1953,-0.33233508,0.33126244
2021_04_LV_LAC,1975,-0.3097656,-0.18813558
2021_04_LV_LAC,1999,1.0466726,0.24081086
2021_04_LV_LAC,2023,0.9617645,0.15599573
2021_04_LV_LAC,2047,0.8136263,0.19305237
2021_04_LV_LAC,2088,2.4442,0.36145133
2021_04_LV_LAC,2278,-0.6334269,-0.3794303
2021_04_LV_LAC,2302,2.7439137,-0.5913177
2021_04_LV_LAC,2386,0.6291163,-0.11334187
2021_04_LV_LAC,2457,0.6569106,0.09965447
2021_04_LV_LAC,2524,-0.22761956,0.23651631
2021_04_LV_LAC,2548,3.086851,0.02075462
2021_04_LV_LAC,2659,-0.5393431,0.34102714
2021_04_LV_LAC,2747,-0.5324603,-0.023944138
2021_04_LV_LAC,2829,0.77832186,0.21819192
2021_04_LV_LAC,2912,1.4795103,0.021790285
2021_04_LV_LAC,2957,-0.96843046,-0.22820829
2021_04_LV_LAC,2979,2.1925936,0.0074093733
2021_04_LV_LAC,3047,0.6453803,0.416122
2021_04_LV_LAC,3116,1.4534835,0.12095507
2021_04_LV_LAC,3231,-0.52119184,0.37459007
2021_04_LV_LAC,3257,-0.8935887,0.3481178
2021_04_LV_LAC,3279,-1.6871628,0.24660037
2021_04_LV_LAC,3337,3.262269,0.47848096
2021_04_LV_LAC,3504,-1.666248,0.21804006
2021_04_LV_LAC,3526,3.0313861,0.29919833
2021_04_LV_LAC,3711,0.044520505,0.021147272
2021_04_LV_LAC,3735,-0.696148,0.12092776
2021_04_LV_LAC,3757,-0.6573228,-0.34180403
2021_04_LV_LAC,3781,1.996205,-0.1081193
2021_04_LV_LAC,3805,0.97081214,-0.24235013
2021_04_LV_LAC,3859,-4.0710316,-0.03728299
2021_04_LV_LAC,4096,-0.28639257,-0.030455843
2021_04_LV_LAC,4139,-0.45195907,0.07601317
2021_04_LV_LAC,4161,-3.1762512,-0.26413023
2021_05_LA_SEA,95,1.9800433,0.27099833
2021_05_LA_SEA,165,-1.4089663,0.3765795
2021_05_LA_SEA,227,1.6265303,0.5979555
2021_05_LA_SEA,272,-0.27456245,0.04416194
2021_05_LA_SEA,301,-1.7773622,0.9041814
2021_05_LA_SEA,372,1.0924848,0.36238512
2021_05_LA_SEA,417,0.016881324,0.18567432
2021_05_LA_SEA,523,-0.5403894,0.09862028
2021_05_LA_SEA,599,2.0802047,0.46481425
2021_05_LA_SEA,734,-0.5013801,0.08688047
2021_05_LA_SEA,799,2.0432985,-0.11436679
2021_05_LA_SEA,823,1.6860322,0.31166738
2021_05_LA_SEA,893,-5.4856343,-0.5493381
2021_05_LA_SEA,988,-3.590121,0.11900521
2021_05_LA_SEA,1014,-0.49770296,0.34369135
2021_05_LA_SEA,1036,-0.24346446,0.28058514
2021_05_LA_SEA,1205,2.7641742,0.42240438
2021_05_LA_SEA,1336,0.90070266,0.6398329
2021_05_LA_SEA,1381,0.29166862,0.36730963
2021_05_LA_SEA,1405,0.44826406,0.21838859
2021_05_LA_SEA,1492,0.41454223,0.12639162
2021_05_LA_SEA,1649,1.2947134,0.3641172
2021_05_LA_SEA,1727,0.47999406,0.67937773
2021_05_LA_SEA,1828,0.49387774,0.13618727
2021_05_LA_SEA,1939,0.8924377,0.4914561
2021_05_LA_SEA,1984,0.2909708,0.55741304
2021_05_LA_SEA,2110,0.44669202,0.14081892
2021_05_LA_SEA,2139,-0.7684425,0.19964159
2021_05_LA_SEA,2161,1.384603,0.079828456
2021_05_LA_SEA,2185,-0.58600324,0.39184305
2021_05_LA_SEA,2207,-0.7623936,0.09345646
2021_05_LA_SEA,2229,5.8916163,0.2702574
2021_05_LA_SEA,2353,-0.95937437,0.33671856
2021_05_LA_SEA,2432,-0.5961795,-0.16883944
2021_05_LA_SEA,2466,1.9482616,0.40605417
2021_05_LA_SEA,2490,1.3817736,0.5697182
2021_05_LA_SEA,2540,2.0215845,0.45609018
2021_05_LA_SEA,2617,-0.7480114,0.20644404
2021_05_LA_SEA,2748,2.1085193,0.30221605
2021_05_LA_SEA,2833,-1.6930821,0.18633042
2021_05_LA_SEA,2939,1.1052382,0.20804487
2021_05_LA_SEA,3029,-0.090731755,0.0667547
2021_05_LA_SEA,3095,1.9672879,0.67408776
2021_05_LA_SEA,3119,2.546529,0.121072255
2021_05_LA_SEA,3206,1.9907638,0.36593556
2021_05_LA_SEA,3230,2.2149038,0.5202261
2021_05_LA_SEA,3275,1.8180497,0.42446715
2021_05_LA_SEA,3373,0.69336545,0.18127339
2021_05_LA_SEA,3425,-0.5445457,-0.11544118
2021_05_LA_SEA,3447,-0.12122746,0.078008875
2021_05_LA_SEA,3471,2.0791948,-0.12130232
2021_05_LA_SEA,3495,-0.5526574,0.20145242
2021_05_LA_SEA,3562,-0.4646316,0.17412446
2021_05_LA_SEA,3584,-0.7946399,-0.07289359
2021_05_LA_SEA,3606,-0.79626316,-0.0010624668
2021_05_LA_SEA,3800,-0.6297893,0.11453288
2021_05_LA_SEA,3841,-3.062635,0.16834754
2021_05_LA_SEA,4003,-0.047114834,-0.15250514
2021_05_LA_SEA,4074,-0.05308524,-0.11181077
2021_05_NYJ_ATL,55,-0.5604572,0.031846795
2021_05_NYJ_ATL,121,-0.83574265,0.39632255
2021_05_NYJ_ATL,197,-0.8324066,0.26689157
2021_05_NYJ_ATL,219,-0.89971715,0.22606632
2021_05_NYJ_ATL,319,1.4292167,0.26485372
2021_05_NYJ_ATL,364,-0.7407635,0.22106904
2021_05_NYJ_ATL,486,-1.7292062,0.5672278
2021_05_NYJ_ATL,625,1.2497239,0.43448296
2021_05_NYJ_ATL,670,1.7385011,-0.081955574
2021_05_NYJ_ATL,715,2.1757505,0.18248564
2021_05_NYJ_ATL,739,1.5498202,0.15318947
2021_05_NYJ_ATL,763,0.83798224,-0.02337217
2021_05_NYJ_ATL,828,-0.55059856,0.43443432
2021_05_NYJ_ATL,888,0.24152549,0.04651668
2021_05_NYJ_ATL,982,1.5012178,0.19443996
2021_05_NYJ_ATL,1051,2.7898445,0.5662113
2021_05_NYJ_ATL,1112,-0.7287441,0.018437391
2021_05_NYJ_ATL,1134,3.480791,0.51913995
2021_05_NYJ_ATL,1190,-0.52239096,0.37812033
2021_05_NYJ_ATL,1212,-3.9109995,0.19520295
2021_05_NYJ_ATL,1238,0.19649571,-0.10672037
2021_05_NYJ_ATL,1268,-3.8509042,-0.030293062
2021_05_NYJ_ATL,1329,1.4169823,-0.069924295
2021_05_NYJ_ATL,1374,-0.6841842,0.28552556
2021_05_NYJ_ATL,1492,-0.4360324,0.092004076
2021_05_NYJ_ATL,1516,-0.6423266,-0.48251083
2021_05_NYJ_ATL,1538,1.8206002,0.024771629
2021_05_NYJ_ATL,1676,-0.626255,-0.060819145
2021_05_NYJ_ATL,1781,-0.3949038,0.19649315
2021_05_NYJ_ATL,1803,0.71600115,0.21353275
2021_05_NYJ_ATL,1827,0.42215997,0.37751123
2021_05_NYJ_ATL,1872,-0.41465098,-0.11383765
2021_05_NYJ_ATL,1927,-0.21652862,0.21724588
2021_05_NYJ_ATL,1949,-0.34714764,0.22399275
2021_05_NYJ_ATL,1971,0.20646207,0.51465726
2021_05_NYJ_ATL,2283,1.3205698,0.3272957
2021_05_NYJ_ATL,2307,-0.5047877,0.0077348826
2021_05_NYJ_ATL,2340,-0.8540045,0.40406746
2021_05_NYJ_ATL,2362,-1.3834125,0.45951778
2021_05_NYJ_ATL,2402,0.94454855,0.1851821
2021_05_NYJ_ATL,2452,-0.8812502,0.466395
2021_05_NYJ_ATL,2474,-1.095974,-0.07109937
2021_05_NYJ_ATL,2576,-0.7517833,0.1834449
2021_05_NYJ_ATL,2598,2.1769996,-0.15103477
2021_05_NYJ_ATL,2648,1.4008641,0.5037239
2021_05_NYJ_ATL,2722,1.1982857,0.29665554
2021_05_NYJ_ATL,2837,-1.0778022,-0.15384217
2021_05_NYJ_ATL,2969,0.3765981,0.2840979
2021_05_NYJ_ATL,3035,1.3256718,0.34012985
2021_05_NYJ_ATL,3120,-0.035538513,0.38157558
2021_05_NYJ_ATL,3144,-1.5504338,0.45446646
2021_05_NYJ_ATL,3187,0.34982708,0.04643232
2021_05_NYJ_ATL,3211,1.5313369,0.11962363
2021_05_NYJ_ATL,3270,1.7382306,-0.023714734
2021_05_NYJ_ATL,3361,1.053,0.009268163
2021_05_NYJ_ATL,3397,2.45574,0.4970309
2021_05_NYJ_ATL,3442,-0.2652048,0.18476337
2021_05_NYJ_ATL,3500,2.4427624,0.04323559
2021_05_NYJ_ATL,3545,0.19848694,0.49908116
2021_05_NYJ_ATL,3700,0.45961112,0.008507564
2021_05_NYJ_ATL,3765,1.6333116,-0.14631455
2021_05_NYJ_ATL,3789,0.6729833,0.17415531
2021_05_NYJ_ATL,3814,-0.3820689,-0.0429853
2021_05_NYJ_ATL,3836,0.24668333,0.08603358
2021_05_NYJ_ATL,3860,0.970426,-0.18325496
2021_05_NYJ_ATL,3889,-0.21765883,-0.22959544
2021_05_NYJ_ATL,3911,1.6921107,-0.040967386
2021_05_NYJ_ATL,3952,-0.3841669,0.34207895
2021_05_PHI_CAR,62,-0.65823764,0.36463827
2021_05_PHI_CAR,206,0.23828481,0.41145903
2021_05_PHI_CAR,311,-0.74503565,0.28823158
2021_05_PHI_CAR,345,-1.3855685,-0.062264934
2021_05_PHI_CAR,450,-1.5317554,0.117008895
2021_05_PHI_CAR,539,-4.5361495,0.0003114725
2021_05_PHI_CAR,613,-0.3664898,0.12709221
2021_05_PHI_CAR,735,1.4138633,0.08763207
2021_05_PHI_CAR,806,-0.6409763,0.031497296
2021_05_PHI_CAR,828,2.0477078,0.3416923
2021_05_PHI_CAR,873,-0.9894353,0.004176345
2021_05_PHI_CAR,895,2.52061,-0.0014293271
2021_05_PHI_CAR,973,0.41810635,0.19819567
2021_05_PHI_CAR,997,1.1671313,-0.19290745
2021_05_PHI_CAR,1063,-1.5510592,-0.07432612
2021_05_PHI_CAR,1184,0.83288896,0.17273267
2021_05_PHI_CAR,1229,-0.8664801,-0.23111883
2021_05_PHI_CAR,1251,-1.5256342,0.063105315
2021_05_PHI_CAR,1313,-0.73142064,0.0838328
2021_05_PHI_CAR,1359,1.6373888,0.14674412
2021_05_PHI_CAR,1383,-0.52462906,-0.50187546
2021_05_PHI_CAR,1429,-1.0359595,0.2917408
2021_05_PHI_CAR,1556,-0.40689656,0.30741137
2021_05_PHI_CAR,1679,0.6682282,0.16961956
2021_05_PHI_CAR,1974,0.45392376,0.20940135
2021_05_PHI_CAR,2019,-0.53371775,0.3029716
2021_05_PHI_CAR,2095,0.23274666,0.036982547
2021_05_PHI_CAR,2135,0.63848346,0.22288755
2021_05_PHI_CAR,2209,-0.09183508,0.043155048
2021_05_PHI_CAR,2250,0.4233811,0.08698604
2021_05_PHI_CAR,2330,0.2396346,0.26802564
2021_05_PHI_CAR,2391,-0.50697064,0.15121645
2021_05_PHI_CAR,2415,-0.8099899,0.27320194
2021_05_PHI_CAR,2437,-1.400837,0.28810114
2021_05_PHI_CAR,2540,-4.7617583,0.23034692
2021_05_PHI_CAR,2660,-2.9245348,0.40045354
2021_05_PHI_CAR,2747,-3.908823,0.27645326
2021_05_PHI_CAR,2773,0.5842511,0.13594247
2021_05_PHI_CAR,2865,0.07044312,0.3831393
2021_05_PHI_CAR,2889,1.6714453,0.73108065
2021_05_PHI_CAR,2934,-0.57938486,0.3780389
2021_05_PHI_CAR,2958,-1.8105141,0.57465196
2021_05_PHI_CAR,3024,1.3248513,0.009213389
2021_05_PHI_CAR,3095,-0.84040344,0.07710964
2021_05_PHI_CAR,3117,4.6999993,0.052732024
2021_05_PHI_CAR,3316,0.38975123,-0.03663586
2021_05_PHI_CAR,3389,-0.11747704,0.15776666
2021_05_PHI_CAR,3630,1.3460181,0.29536387
2021_05_PHI_CAR,3707,-0.58819556,-0.18230872
2021_05_PHI_CAR,3748,-1.75234,0.3652159
2021_05_PHI_CAR,3772,-2.704852,-0.30395743
2021_05_PHI_CAR,3836,-1.5984615,0.37922138
2021_05_PHI_CAR,3906,2.0774412,0.32539904
2021_05_PHI_CAR,3974,1.053,-0.03491629
2021_05_PHI_CAR,4003,-0.45273465,0.3879129
2021_05_PHI_CAR,4025,-0.5506352,0.36240953
2021_05_PHI_CAR,4070,2.5459263,0.16208781
2021_05_PHI_CAR,4116,-4.1376786,0.19229515
2021_05_GB_CIN,154,-0.87736756,-0.076054625
2021_05_GB_CIN,176,-1.8681513,-0.7882173
2021_05_GB_CIN,223,-0.38046277,0.20076859
2021_05_GB_CIN,247,0.6132722,0.26423892
2021_05_GB_CIN,317,1.1151838,0.41452792
2021_05_GB_CIN,341,-6.216266,-0.18880478
2021_05_GB_CIN,367,-0.5337844,0.7027316
2021_05_GB_CIN,422,-0.7345804,0.08645866
2021_05_GB_CIN,484,-0.7618663,0.12562384
2021_05_GB_CIN,506,-1.2708114,0.5552102
2021_05_GB_CIN,567,-0.7463567,0.10158267
2021_05_GB_CIN,589,-1.7877272,0.15411963
2021_05_GB_CIN,611,2.9898596,-0.14303966
2021_05_GB_CIN,656,0.35696143,-0.005957552
2021_05_GB_CIN,680,0.45463318,0.31157595
2021_05_GB_CIN,704,-0.3570481,0.10757889
2021_05_GB_CIN,728,1.3813688,0.13702972
2021_05_GB_CIN,752,0.930346,-0.07793641
2021_05_GB_CIN,808,1.0084467,0.07296568
2021_05_GB_CIN,896,4.0142026,0.25346828
2021_05_GB_CIN,920,0.7794151,-0.09011967
2021_05_GB_CIN,968,2.5192885,0.21717528
2021_05_GB_CIN,1024,0.3543984,0.14054273
2021_05_GB_CIN,1112,0.8429667,0.4543989
2021_05_GB_CIN,1141,1.5716144,0.13425118
2021_05_GB_CIN,1233,-0.6189994,0.7769982
2021_05_GB_CIN,1315,-0.7120027,0.12674886
2021_05_GB_CIN,1408,-0.31958807,0.2917492
2021_05_GB_CIN,1437,1.7525207,0.71528065
2021_05_GB_CIN,1482,1.9450217,0.0851877
2021_05_GB_CIN,1529,0.23379652,0.049270757
2021_05_GB_CIN,1575,1.9808908,0.5227639
2021_05_GB_CIN,1693,-0.23460314,0.11337764
2021_05_GB_CIN,1717,6.468723,0.6401328
2021_05_GB_CIN,1905,2.1730464,0.10414545
2021_05_GB_CIN,1929,-3.6638477,-0.12485817
2021_05_GB_CIN,1957,0.50623584,0.22189496
2021_05_GB_CIN,2005,1.3677639,0.12943712
2021_05_GB_CIN,2076,1.5853356,0.22815496
2021_05_GB_CIN,2168,-0.17207442,0.24004929
2021_05_GB_CIN,2192,-0.9297767,0.5449156
2021_05_GB_CIN,2273,1.4653054,0.20247151
2021_05_GB_CIN,2318,-0.84780824,-0.12731345
2021_05_GB_CIN,2340,1.2893984,0.03575387
2021_05_GB_CIN,2406,-0.5537227,0.21883783
2021_05_GB_CIN,2452,-1.5820186,-0.15428016
2021_05_GB_CIN,2641,4.123248,0.5134128
2021_05_GB_CIN,2728,-1.344788,0.012593595
2021_05_GB_CIN,2866,1.566756,-0.045430172
2021_05_GB_CIN,2924,0.6559701,0.33047163
2021_05_GB_CIN,3011,-0.6807549,0.21394412
2021_05_GB_CIN,3033,2.1779828,0.10347499
2021_05_GB_CIN,3100,1.053,0.021120055
2021_05_GB_CIN,3188,-0.6299442,-0.5809095
2021_05_GB_CIN,3227,-0.7587524,0.24764052
2021_05_GB_CIN,3269,0.23693646,0.4074819
2021_05_GB_CIN,3331,0.0862494,0.3742475
2021_05_GB_CIN,3355,-0.23336619,0.16602674
2021_05_GB_CIN,3377,0.7513885,0.30744553
2021_05_GB_CIN,3401,-0.2181898,0.45473722
2021_05_GB_CIN,3423,-0.033787616,-0.013902292
2021_05_GB_CIN,3522,0.8030958,0.6306556
2021_05_GB_CIN,3647,-5.8235207,0.41386825
2021_05_GB_CIN,3806,1.7937199,0.034434374
2021_05_GB_CIN,3935,-0.47575867,0.43654284
2021_05_GB_CIN,4043,0.49288824,0.39649174
2021_05_NE_HOU,148,-0.788451,0.12314615
2021_05_NE_HOU,318,-0.5182643,0.52891606
2021_05_NE_HOU,399,3.170996,0.4685072
2021_05_NE_HOU,518,1.8499022,0.30682737
2021_05_NE_HOU,616,1.6141449,0.113229394
2021_05_NE_HOU,703,1.393507,0.1497773
2021_05_NE_HOU,846,0.3516634,0.034821145
2021_05_NE_HOU,896,5.9478984,0.25780788
2021_05_NE_HOU,1006,0.88180006,0.07566845
2021_05_NE_HOU,1051,1.6128571,0.32391146
2021_05_NE_HOU,1075,1.9496853,0.6050597
2021_05_NE_HOU,1110,0.12026046,0.2637397
2021_05_NE_HOU,1236,1.6218847,0.08850655
2021_05_NE_HOU,1414,-0.5851043,0.36494455
2021_05_NE_HOU,1459,-0.6862149,0.28420278
2021_05_NE_HOU,1481,0.18340378,0.6342143
2021_05_NE_HOU,1505,5.152454,0.39673433
2021_05_NE_HOU,1753,-0.3195722,0.1857083
2021_05_NE_HOU,1777,0.39914775,0.13308132
2021_05_NE_HOU,1801,-0.24584512,0.25389317
2021_05_NE_HOU,1874,-0.4005414,0.61735946
2021_05_NE_HOU,1896,0.7231019,0.62860066
2021_05_NE_HOU,1920,0.4435248,0.41467226
2021_05_NE_HOU,1966,0.13735075,-0.025001852
2021_05_NE_HOU,2089,-3.8350463,0.37445801
2021_05_NE_HOU,2229,-0.067761615,0.40060154
2021_05_NE_HOU,2253,-1.4485785,-0.34015068
2021_05_NE_HOU,2359,-1.8090105,0.024916183
2021_05_NE_HOU,2523,1.0774556,0.51919085
2021_05_NE_HOU,2579,-0.38318577,0.038481876
2021_05_NE_HOU,2604,-0.9046137,-0.10461919
2021_05_NE_HOU,2679,1.4759909,0.43973163
2021_05_NE_HOU,2725,1.8092543,0.5268864
2021_05_NE_HOU,2906,2.4038749,0.33164373
2021_05_NE_HOU,2972,-0.8367886,0.2609438
2021_05_NE_HOU,2994,-1.2705779,0.42829457
2021_05_NE_HOU,3076,0.62454426,0.32961577
2021_05_NE_HOU,3184,3.0020952,0.3335084
2021_05_NE_HOU,3280,0.23792738,0.1356768
2021_05_NE_HOU,3332,1.5430557,0.5485144
2021_05_NE_HOU,3420,-0.42689955,-0.21645202
2021_05_NE_HOU,3525,1.6227318,0.07214409
2021_05_NE_HOU,3549,-0.45949784,0.35093516
2021_05_NE_HOU,3857,-0.013643764,-0.5050584
2021_05_NE_HOU,3879,-0.06457104,-0.31266883
2021_05_TEN_JAX,77,-0.8096175,0.14520356
2021_05_TEN_JAX,99,-7.088984,0.59624517
2021_05_TEN_JAX,314,1.2607939,0.29597783
2021_05_TEN_JAX,391,-0.8663516,0.4995147
2021_05_TEN_JAX,436,-0.053463858,0.0779853
2021_05_TEN_JAX,479,1.3802247,0.44339392
2021_05_TEN_JAX,538,-0.26351961,0.074836925
2021_05_TEN_JAX,585,-1.3498597,0.23243229
2021_05_TEN_JAX,676,-0.7672123,0.13908057
2021_05_TEN_JAX,698,2.8014042,0.14713295
2021_05_TEN_JAX,727,-0.5210974,0.503921
2021_05_TEN_JAX,845,1.6100123,0.016065419
2021_05_TEN_JAX,869,2.0012157,-0.0047052708
2021_05_TEN_JAX,1035,2.4015136,-0.019229745
2021_05_TEN_JAX,1059,0.34682903,0.4244079
2021_05_TEN_JAX,1083,1.3710732,0.28156096
2021_05_TEN_JAX,1182,2.3914154,0.36235312
2021_05_TEN_JAX,1233,1.2392615,0.5957971
2021_05_TEN_JAX,1397,2.6824415,0.58423203
2021_05_TEN_JAX,1547,-0.43588075,0.21749873
2021_05_TEN_JAX,1590,-1.1588544,0.06918395
2021_05_TEN_JAX,1708,1.7544953,0.40591538
2021_05_TEN_JAX,1732,-0.40312207,0.19463906
2021_05_TEN_JAX,1754,-0.51339614,0.61589724
2021_05_TEN_JAX,1794,-0.71048623,0.25230047
2021_05_TEN_JAX,1857,0.057117343,0.25201595
2021_05_TEN_JAX,1917,0.065486066,0.59481096
2021_05_TEN_JAX,2089,2.4129188,0.45812735
2021_05_TEN_JAX,2176,1.4936966,0.29767329
2021_05_TEN_JAX,2231,-0.66585416,0.73216707
2021_05_TEN_JAX,2552,-0.84147376,0.23303343
2021_05_TEN_JAX,2574,-1.0771401,0.4786626
2021_05_TEN_JAX,2784,-0.5202961,0.088892706
2021_05_TEN_JAX,3014,-0.947,-0.54988796
2021_05_TEN_JAX,3043,-0.5230364,0.3742278
2021_05_TEN_JAX,3129,3.4559302,0.36330995
2021_05_TEN_JAX,3157,-0.42757812,0.5275456
2021_05_TEN_JAX,3239,-0.4381035,0.15685247
2021_05_TEN_JAX,3261,-1.0036905,0.25740194
2021_05_TEN_JAX,3472,0.20958938,0.21518189
2021_05_TEN_JAX,3548,0.21438394,-0.013088188
2021_05_TEN_JAX,3616,-0.6982744,-0.13156576
2021_05_TEN_JAX,3640,-2.5363982,0.5579543
2021_05_TEN_JAX,3885,-0.08671381,-0.038818665
2021_05_TEN_JAX,3914,0.75696445,-0.037230913
2021_05_TEN_JAX,3956,0.93451416,-0.006554681
2021_05_TEN_JAX,3997,0.05658842,-0.30649158
2021_05_TEN_JAX,4067,-0.8271252,-0.49788058
2021_05_TEN_JAX,4089,-2.6808305,-0.45828396
2021_05_DET_MIN,101,0.60776985,0.5176194
2021_05_DET_MIN,201,0.9620103,0.19763148
2021_05_DET_MIN,225,-0.4833195,0.50642985
2021_05_DET_MIN,268,-1.1133715,0.37421116
2021_05_DET_MIN,330,-0.63139206,0.1963286
2021_05_DET_MIN,378,3.270783,0.3723622
2021_05_DET_MIN,402,-0.5103773,0.21109365
2021_05_DET_MIN,445,2.7332556,-0.04253997
2021_05_DET_MIN,495,-0.29300094,0.33248827
2021_05_DET_MIN,519,-1.3646585,0.4547428
2021_05_DET_MIN,575,-0.07882595,0.24590285
2021_05_DET_MIN,716,-0.5700633,-0.24638267
2021_05_DET_MIN,918,-0.9072002,-0.009688003
2021_05_DET_MIN,940,2.4472415,0.36107415
2021_05_DET_MIN,964,0.2463114,0.20149568
2021_05_DET_MIN,1044,-0.22950128,0.11247834
2021_05_DET_MIN,1106,-0.5424884,0.2946451
2021_05_DET_MIN,1185,0.81537133,0.19239117
2021_05_DET_MIN,1256,-1.0967275,0.3026079
2021_05_DET_MIN,1341,1.3475708,0.14984372
2021_05_DET_MIN,1396,1.5052134,0.07643948
2021_05_DET_MIN,1420,1.1321663,0.55302244
2021_05_DET_MIN,1476,2.7177396,0.30952215
2021_05_DET_MIN,1532,-0.33825356,0.14801717
2021_05_DET_MIN,1573,0.45378032,0.14106192
2021_05_DET_MIN,1597,-0.3188045,0.27638006
2021_05_DET_MIN,1669,2.0781217,0.30001932
2021_05_DET_MIN,1701,-0.26354086,0.023418786
2021_05_DET_MIN,1723,-0.44467783,0.30884084
2021_05_DET_MIN,1745,-0.4909469,-0.1883902
2021_05_DET_MIN,2019,1.3323706,0.41346237
2021_05_DET_MIN,2132,0.6580568,0.3868301
2021_05_DET_MIN,2321,-0.74563885,-0.07127384
2021_05_DET_MIN,2343,-1.4281874,0.42246124
2021_05_DET_MIN,2384,0.59888643,0.40694234
2021_05_DET_MIN,2434,-0.87178314,-0.026672212
2021_05_DET_MIN,2456,1.7453437,-0.08659022
2021_05_DET_MIN,2612,-1.3224632,-0.15555087
2021_05_DET_MIN,2682,-0.32413325,0.29881585
2021_05_DET_MIN,2779,1.0961771,0.27022
2021_05_DET_MIN,2910,0.7682167,0.5375194
2021_05_DET_MIN,2968,0.0901291,0.51371086
2021_05_DET_MIN,3029,1.0575727,0.31041384
2021_05_DET_MIN,3114,-0.89789015,0.5721659
2021_05_DET_MIN,3136,-0.17715438,0.08980371
2021_05_DET_MIN,3194,1.514782,0.124893665
2021_05_DET_MIN,3229,0.33688813,-0.104851194
2021_05_DET_MIN,3253,-0.66982055,-0.063410565
2021_05_DET_MIN,3447,-0.7572335,-0.58370906
2021_05_DET_MIN,3489,0.98173696,0.009552419
2021_05_DET_MIN,3513,1.2851049,-0.04149413
2021_05_DET_MIN,3542,-0.48549664,-0.0453793
2021_05_DET_MIN,3564,-0.30369103,0.03957105
2021_05_DET_MIN,3808,0.9536077,0.28283083
2021_05_DET_MIN,3854,1.053,-0.073319584
2021_05_DET_MIN,3890,0.4772951,0.5520894
2021_05_DET_MIN,3931,-0.21609588,0.19427665
2021_05_DET_MIN,3972,0.81966186,0.16639517
2021_05_DEN_PIT,115,2.0655456,0.21264723
2021_05_DEN_PIT,170,-0.8616319,0.056189504
2021_05_DEN_PIT,192,5.2489014,0.20602843
2021_05_DEN_PIT,313,-0.765609,0.10266558
2021_05_DEN_PIT,398,1.0028259,0.08892148
2021_05_DEN_PIT,425,-0.5313778,0.28193644
2021_05_DEN_PIT,472,1.1464621,0.30356726
2021_05_DEN_PIT,653,0.06774472,0.23735608
2021_05_DEN_PIT,756,0.79109335,0.008660218
2021_05_DEN_PIT,878,-0.7455895,0.2921064
2021_05_DEN_PIT,900,-0.8740065,0.26586974
2021_05_DEN_PIT,992,-0.68927145,0.23531519
2021_05_DEN_PIT,1014,-1.5251077,0.3516517
2021_05_DEN_PIT,1114,-1.456144,0.16892755
2021_05_DEN_PIT,1188,0.74926883,0.120408565
2021_05_DEN_PIT,1389,4.2820754,0.16831708
2021_05_DEN_PIT,1480,-0.7106737,0.22635616
2021_05_DEN_PIT,1609,0.63653713,0.36553672
2021_05_DEN_PIT,1703,-0.5098207,0.3435585
2021_05_DEN_PIT,1729,-0.46399236,0.23067108
2021_05_DEN_PIT,1774,-0.9983251,-0.0708745
2021_05_DEN_PIT,1912,0.017845754,0.33968294
2021_05_DEN_PIT,2026,0.89655364,0.41014156
2021_05_DEN_PIT,2076,0.36027712,0.07380523
2021_05_DEN_PIT,2121,1.4350659,0.4462601
2021_05_DEN_PIT,2192,-1.7321554,0.12683655
2021_05_DEN_PIT,2328,0.87969136,0.057112034
2021_05_DEN_PIT,2352,1.7106451,0.44641674
2021_05_DEN_PIT,2397,-0.67857945,0.43775767
2021_05_DEN_PIT,2419,0.93254566,0.32864738
2021_05_DEN_PIT,2506,-1.251227,0.53438824
2021_05_DEN_PIT,2562,-0.45449638,0.3924134
2021_05_DEN_PIT,2588,-0.81862766,0.3703708
2021_05_DEN_PIT,2631,3.2339606,0.3374149
2021_05_DEN_PIT,2687,1.3592341,0.0045102565
2021_05_DEN_PIT,2751,-0.15352389,0.15538473
2021_05_DEN_PIT,2794,2.9584394,-0.60310525
2021_05_DEN_PIT,2864,-0.89921117,-0.026264358
2021_05_DEN_PIT,2898,0.45892876,-0.14399306
2021_05_DEN_PIT,2922,3.9112213,-0.4275958
2021_05_DEN_PIT,2946,-0.42007738,0.6980705
2021_05_DEN_PIT,3060,3.8706787,-0.38707948
2021_05_DEN_PIT,3197,-0.9626378,0.33397555
2021_05_DEN_PIT,3273,1.2736768,-0.028073516
2021_05_DEN_PIT,3297,0.70721483,-0.1830923
2021_05_DEN_PIT,3342,3.7856026,0.2894192
2021_05_DEN_PIT,3613,-0.3862063,-0.16276728
2021_05_DEN_PIT,3639,1.3218867,0.2185433
2021_05_DEN_PIT,3663,0.120987095,0.04642157
2021_05_DEN_PIT,3704,0.4322922,0.23007989
2021_05_DEN_PIT,3728,0.05066044,-0.055701636
2021_05_DEN_PIT,3752,-0.3219832,0.19380273
2021_05_DEN_PIT,3774,2.0745478,0.01471144
2021_05_DEN_PIT,3798,-0.571132,-0.06076419
2021_05_DEN_PIT,3825,0.14564046,0.36754858
2021_05_DEN_PIT,3849,-1.4088125,-0.10721327
2021_05_DEN_PIT,3876,-2.6983867,-0.012552822
2021_05_MIA_TB,77,2.166627,0.2816532
2021_05_MIA_TB,195,-0.053328775,-0.055487752
2021_05_MIA_TB,295,-1.4845223,-0.061504897
2021_05_MIA_TB,394,1.3232807,0.3942491
2021_05_MIA_TB,418,1.6813991,0.4818307
2021_05_MIA_TB,470,0.8253626,0.37050852
2021_05_MIA_TB,522,-0.7646946,0.27712938
2021_05_MIA_TB,544,2.8613126,0.2280968
2021_05_MIA_TB,600,0.79425406,0.21952611
2021_05_MIA_TB,669,-0.524194,-0.011627902
2021_05_MIA_TB,767,0.17201114,0.071020074
2021_05_MIA_TB,791,2.6802227,0.09196368
2021_05_MIA_TB,864,0.5999802,0.21647525
2021_05_MIA_TB,935,-0.53581,-0.0765649
2021_05_MIA_TB,957,0.027949527,-0.0024716253
2021_05_MIA_TB,986,1.7452501,0.2748826
2021_05_MIA_TB,1063,-0.75566924,0.5057991
2021_05_MIA_TB,1138,0.068941034,0.050423753
2021_05_MIA_TB,1183,-1.293189,0.12757415
2021_05_MIA_TB,1268,5.7038713,0.2723231
2021_05_MIA_TB,1335,-0.3345401,0.046929225
2021_05_MIA_TB,1359,-0.68291783,0.33249816
2021_05_MIA_TB,1381,1.9134398,0.3997416
2021_05_MIA_TB,1434,-0.40532234,0.1573394
2021_05_MIA_TB,1458,-1.719612,0.39800364
2021_05_MIA_TB,1560,0.24378139,0.04633087
2021_05_MIA_TB,1589,-0.4581738,0.6774886
2021_05_MIA_TB,1611,1.0168774,0.28842145
2021_05_MIA_TB,1635,-0.45863354,0.34301618
2021_05_MIA_TB,1657,1.1525366,0.44379377
2021_05_MIA_TB,1681,-0.40523532,0.31471214
2021_05_MIA_TB,1726,0.67440075,0.20623465
2021_05_MIA_TB,1755,0.92061746,0.36827624
2021_05_MIA_TB,1914,2.0312328,0.23516388
2021_05_MIA_TB,1970,0.94157916,0.11559199
2021_05_MIA_TB,1994,-0.52252656,0.222829
2021_05_MIA_TB,2038,0.6010459,0.362527
2021_05_MIA_TB,2067,0.41278058,0.18120073
2021_05_MIA_TB,2138,-0.17464362,0.37939167
2021_05_MIA_TB,2160,0.0021554497,0.18527076
2021_05_MIA_TB,2330,0.12616774,0.44755575
2021_05_MIA_TB,2354,-1.8707519,0.17696603
2021_05_MIA_TB,2395,-0.10759515,0.13133731
2021_05_MIA_TB,2474,1.6713799,0.41210267
2021_05_MIA_TB,2503,-0.5718762,0.310421
2021_05_MIA_TB,2551,1.937716,0.38371524
2021_05_MIA_TB,2575,-0.31222093,0.11941809
2021_05_MIA_TB,2599,0.5316523,0.106916785
2021_05_MIA_TB,2680,0.8610584,0.08830169
2021_05_MIA_TB,2736,-0.58088255,0.49638307
2021_05_MIA_TB,2758,-0.7756184,0.61824775
2021_05_MIA_TB,2780,2.14445,0.28989133
2021_05_MIA_TB,2892,1.172397,0.040282335
2021_05_MIA_TB,2942,1.4710283,0.20957796
2021_05_MIA_TB,3096,-0.56955004,0.19579573
2021_05_MIA_TB,3120,-0.724656,0.059599634
2021_05_MIA_TB,3142,-1.3134722,-0.10424391
2021_05_MIA_TB,3239,0.6713487,-0.16302258
2021_05_MIA_TB,3263,3.3653252,0.25278595
2021_05_MIA_TB,3354,-0.007508747,-0.13038132
2021_05_MIA_TB,3383,-4.9901195,-0.12142897
2021_05_MIA_TB,3419,1.2772236,0.5172929
2021_05_MIA_TB,3544,2.9009242,0.2697611
2021_05_MIA_TB,3608,-0.5266893,-0.12545143
2021_05_MIA_TB,3630,1.7696655,-0.08537315
2021_05_MIA_TB,3654,-0.45156348,0.12945303
2021_05_MIA_TB,3836,1.9884641,0.25363496
2021_05_NO_WAS,63,-0.56706065,0.19662479
2021_05_NO_WAS,85,-0.2207051,-0.06416293
2021_05_NO_WAS,109,1.9852607,0.14136021
2021_05_NO_WAS,133,-0.4902552,0.4470991
2021_05_NO_WAS,155,-5.5122213,0.1529657
2021_05_NO_WAS,186,-0.4423433,0.20747364
2021_05_NO_WAS,229,-1.7445183,0.10675014
2021_05_NO_WAS,327,7.2682166,0.4341623
2021_05_NO_WAS,392,1.5274745,0.50301975
2021_05_NO_WAS,458,0.63569677,0.6384951
2021_05_NO_WAS,552,0.90169245,0.27411497
2021_05_NO_WAS,607,-0.97404283,0.4557162
2021_05_NO_WAS,638,-1.5839062,0.31211555
2021_05_NO_WAS,840,-0.99186295,-0.04205747
2021_05_NO_WAS,993,1.5200307,0.28692424
2021_05_NO_WAS,1074,0.70905805,-0.12166542
2021_05_NO_WAS,1124,0.87237597,0.030675987
2021_05_NO_WAS,1301,0.95497715,0.39761972
2021_05_NO_WAS,1330,0.6630729,0.5088691
2021_05_NO_WAS,1416,-0.10407602,0.08447261
2021_05_NO_WAS,1440,2.0849261,0.15746261
2021_05_NO_WAS,1512,0.55908185,0.20913169
2021_05_NO_WAS,1557,-3.8239706,-0.033415273
2021_05_NO_WAS,1617,-0.47614548,0.31205976
2021_05_NO_WAS,1664,-0.704722,0.285851
2021_05_NO_WAS,1686,-0.45401782,0.118805155
2021_05_NO_WAS,1818,-0.6142512,0.14934866
2021_05_NO_WAS,1840,-1.0342283,0.07174247
2021_05_NO_WAS,1862,-2.4985645,0.2423433
2021_05_NO_WAS,1957,-0.45059082,0.23551565
2021_05_NO_WAS,2183,6.5693088,0.5263954
2021_05_NO_WAS,2261,-0.59362674,0.25715742
2021_05_NO_WAS,2304,-1.4573021,0.9140944
2021_05_NO_WAS,2351,-0.5616655,0.37655362
2021_05_NO_WAS,2394,-1.6045651,0.49143422
2021_05_NO_WAS,2485,1.1382444,0.35571885
2021_05_NO_WAS,2514,0.040992256,0.13463782
2021_05_NO_WAS,2570,0.012150926,0.01651459
2021_05_NO_WAS,2600,-1.6310604,0.2824037
2021_05_NO_WAS,2647,-0.54692125,0.1161886
2021_05_NO_WAS,2669,-0.78592974,0.24934542
2021_05_NO_WAS,2691,-1.3144873,0.41299745
2021_05_NO_WAS,2743,-0.063616,0.3560206
2021_05_NO_WAS,2809,0.3162731,-0.043062977
2021_05_NO_WAS,3028,-1.3904811,0.2345423
2021_05_NO_WAS,3105,1.4022236,0.50100845
2021_05_NO_WAS,3131,-0.49734658,0.33338946
2021_05_NO_WAS,3261,-0.5035661,0.43118203
2021_05_NO_WAS,3283,-0.6681541,0.6155924
2021_05_NO_WAS,3305,-2.9551356,0.24043286
2021_05_NO_WAS,3331,0.68332267,0.47216234
2021_05_NO_WAS,3376,-0.7259842,0.5669381
2021_05_NO_WAS,3398,3.1517873,0.34199637
2021_05_NO_WAS,3487,1.479093,0.2959381
2021_05_NO_WAS,3532,-0.95807534,0.120516844
2021_05_NO_WAS,3573,4.703476,-0.18552306
2021_05_NO_WAS,3701,-0.947,0.1756455
2021_05_NO_WAS,3770,0.5455034,0.31210274
2021_05_NO_WAS,3853,1.840238,0.3804538
2021_05_NO_WAS,3923,3.4202096,0.1690256
2021_05_NO_WAS,3979,1.2076027,0.10688533
2021_05_NO_WAS,4008,-0.42809838,0.08374584
2021_05_NO_WAS,4030,-0.6090738,-0.023482878
2021_05_NO_WAS,4052,-1.0537211,-0.11699018
2021_05_NO_WAS,4074,-2.1603446,-0.57063556
2021_05_CLE_LAC,83,-0.82588685,0.28746477
2021_05_CLE_LAC,105,-1.5883478,0.47951162
2021_05_CLE_LAC,146,0.94730645,-0.15372948
2021_05_CLE_LAC,233,2.32761,0.26927742
2021_05_CLE_LAC,495,0.19946373,0.25838923
2021_05_CLE_LAC,519,0.5061307,0.21011975
2021_05_CLE_LAC,569,-0.43955034,0.20376274
2021_05_CLE_LAC,666,2.5008688,0.12336055
2021_05_CLE_LAC,810,0.8174742,0.29118988
2021_05_CLE_LAC,965,1.968752,0.1951915
2021_05_CLE_LAC,1083,-0.7556394,0.15305647
2021_05_CLE_LAC,1117,6.746307,0.44118866
2021_05_CLE_LAC,1180,2.61448,0.07183562
2021_05_CLE_LAC,1277,-0.41164687,0.27018225
2021_05_CLE_LAC,1301,-0.646751,0.4395643
2021_05_CLE_LAC,1342,-3.7508974,0.73297244
2021_05_CLE_LAC,1391,-0.77161485,0.31676075
2021_05_CLE_LAC,1615,1.0786207,0.20747843
2021_05_CLE_LAC,1898,-0.7270712,0.47582996
2021_05_CLE_LAC,1937,-0.4273287,0.22569875
2021_05_CLE_LAC,2034,0.6464724,0.1536067
2021_05_CLE_LAC,2058,0.8745902,0.4911776
2021_05_CLE_LAC,2208,-0.8620839,0.028305577
2021_05_CLE_LAC,2253,0.2374666,0.18216571
2021_05_CLE_LAC,2309,-0.5486525,-0.30044273
2021_05_CLE_LAC,2409,-0.64644265,0.26503044
2021_05_CLE_LAC,2431,-1.2577864,0.073913924
2021_05_CLE_LAC,2457,2.7948802,0.6949156
2021_05_CLE_LAC,2586,1.1793714,0.06641038
2021_05_CLE_LAC,2689,-0.40414044,0.042041708
2021_05_CLE_LAC,2780,0.9335995,0.5209455
2021_05_CLE_LAC,2823,-0.896854,0.07801377
2021_05_CLE_LAC,2845,-1.1265256,0.3495758
2021_05_CLE_LAC,3000,-1.0118998,0.12761548
2021_05_CLE_LAC,3041,-0.53712815,0.06325609
2021_05_CLE_LAC,3096,1.9189091,0.25209132
2021_05_CLE_LAC,3120,3.709046,0.3102332
2021_05_CLE_LAC,3183,0.46302244,0.1588963
2021_05_CLE_LAC,3207,5.58765,0.18472143
2021_05_CLE_LAC,3277,-0.5891424,0.46266037
2021_05_CLE_LAC,3349,1.7198807,0.1939867
2021_05_CLE_LAC,3416,-1.5813528,0.120705694
2021_05_CLE_LAC,3525,0.2147999,-0.01819717
2021_05_CLE_LAC,3549,-1.0269023,0.03867285
2021_05_CLE_LAC,3574,3.4788063,0.9216053
2021_05_CLE_LAC,3818,-0.04470315,0.18912375
2021_05_CLE_LAC,3872,3.1141331,0.011721133
2021_05_CLE_LAC,3901,1.4205076,0.25110123
2021_05_CLE_LAC,4115,-0.44708914,0.5814498
2021_05_CLE_LAC,4403,-0.27980113,0.14871985
2021_05_CLE_LAC,4427,-0.13071142,0.36951473
2021_05_CLE_LAC,4451,-0.054010876,0.101569906
2021_05_CLE_LAC,4496,0.26833913,0.24457577
2021_05_CLE_LAC,4553,-0.27529585,0.31191766
2021_05_CLE_LAC,4575,-0.37951747,0.03087625
2021_05_CLE_LAC,4597,-0.85684437,-0.4971932
2021_05_CHI_LV,282,-0.77066314,0.38650692
2021_05_CHI_LV,705,-0.8147466,0.05936665
2021_05_CHI_LV,727,-0.8885416,0.19553372
2021_05_CHI_LV,835,2.3453689,0.10741993
2021_05_CHI_LV,874,1.3664774,0.28514227
2021_05_CHI_LV,943,0.4407317,0.24310106
2021_05_CHI_LV,1120,1.0325131,0.17922972
2021_05_CHI_LV,1436,-0.50416356,0.25439787
2021_05_CHI_LV,1479,1.1805897,0.4487716
2021_05_CHI_LV,1552,1.5922801,0.60589457
2021_05_CHI_LV,1599,-0.55940336,-0.028318454
2021_05_CHI_LV,1621,1.6903751,0.37364948
2021_05_CHI_LV,1937,-0.010254501,0.3416809
2021_05_CHI_LV,1961,-0.32686794,0.19791444
2021_05_CHI_LV,2130,-1.9255513,0.19329846
2021_05_CHI_LV,2262,-0.6518924,0.04943779
2021_05_CHI_LV,2284,0.09210877,0.19563748
2021_05_CHI_LV,2308,-3.083069,0.42764944
2021_05_CHI_LV,2334,-0.5573456,0.36382547
2021_05_CHI_LV,2377,-1.6271323,0.11853248
2021_05_CHI_LV,2439,-0.8688038,0.1200843
2021_05_CHI_LV,2484,2.445936,0.09280362
2021_05_CHI_LV,2513,0.015713492,0.3186837
2021_05_CHI_LV,2577,-0.8979217,0.12416208
2021_05_CHI_LV,2599,-0.80175775,0.25713012
2021_05_CHI_LV,2668,0.91609895,0.44796056
2021_05_CHI_LV,2715,0.6061861,0.28876725
2021_05_CHI_LV,2810,1.4758307,0.15453492
2021_05_CHI_LV,2862,-0.5813692,0.06391004
2021_05_CHI_LV,3036,-0.12537913,0.13029844
2021_05_CHI_LV,3121,0.19929272,0.14972758
2021_05_CHI_LV,3166,1.499224,0.09961248
2021_05_CHI_LV,3406,2.2757897,0.3441825
2021_05_CHI_LV,3436,0.92450607,0.19843633
2021_05_CHI_LV,3640,-0.5637823,-0.06801456
2021_05_CHI_LV,3685,-0.18320252,0.51387984
2021_05_CHI_LV,3726,-3.2003264,-0.7598231
2021_05_CHI_LV,3909,0.076276585,0.09965338
2021_05_CHI_LV,3933,-0.3032215,0.089000955
2021_05_SF_ARI,85,1.1203496,0.51269263
2021_05_SF_ARI,130,-4.602249,0.68235064
2021_05_SF_ARI,156,0.24008855,-0.0082656
2021_05_SF_ARI,222,0.4590025,0.13966112
2021_05_SF_ARI,441,-0.74634904,0.40441388
2021_05_SF_ARI,672,-0.3738204,0.1019609
2021_05_SF_ARI,794,1.8070134,0.30339772
2021_05_SF_ARI,843,-0.5820561,0.043416552
2021_05_SF_ARI,886,1.1607864,0.0936991
2021_05_SF_ARI,1017,-1.1716586,-0.13710809
2021_05_SF_ARI,1087,-0.7950592,0.19504458
2021_05_SF_ARI,1109,2.7728794,0.21741968
2021_05_SF_ARI,1289,2.4194462,0.16064116
2021_05_SF_ARI,1402,-0.9712368,0.14548814
2021_05_SF_ARI,1424,-1.7217206,0.60380894
2021_05_SF_ARI,1501,-0.491589,-0.035370782
2021_05_SF_ARI,1525,-0.82654184,0.03918469
2021_05_SF_ARI,1596,0.9456904,0.093717866
2021_05_SF_ARI,1625,-0.44502735,0.20615546
2021_05_SF_ARI,1647,1.315861,0.296157
2021_05_SF_ARI,1774,0.4991293,0.20998888
2021_05_SF_ARI,1858,-0.21617298,-0.7222673
2021_05_SF_ARI,1880,1.044798,-0.17219211
2021_05_SF_ARI,2069,-0.5599514,-0.34686887
2021_05_SF_ARI,2112,2.6188567,0.14730528
2021_05_SF_ARI,2253,-0.58064824,0.22774212
2021_05_SF_ARI,2294,3.4912972,0.56209546
2021_05_SF_ARI,2355,-0.24189882,0.47114703
2021_05_SF_ARI,2398,-1.2769601,-0.60560507
2021_05_SF_ARI,2460,-0.7388218,0.029708127
2021_05_SF_ARI,2482,-0.53272194,0.105499506
2021_05_SF_ARI,2565,-0.61144394,-0.09422901
2021_05_SF_ARI,2619,3.741283,0.12685223
2021_05_SF_ARI,2817,0.87648153,0.5785489
2021_05_SF_ARI,2841,-0.49534887,0.22990598
2021_05_SF_ARI,2903,-1.645495,0.037632372
2021_05_SF_ARI,2972,-0.1659663,0.08477359
2021_05_SF_ARI,3124,0.6655009,0.37807974
2021_05_SF_ARI,3262,-0.5162015,-0.03692539
2021_05_SF_ARI,3316,-1.7727399,0.15042539
2021_05_SF_ARI,3338,-2.849776,0.44748348
2021_05_SF_ARI,3423,2.209307,0.22672802
2021_05_SF_ARI,3503,1.6968462,0.063344434
2021_05_SF_ARI,3527,0.7474347,0.046680573
2021_05_SF_ARI,3587,-0.53262097,0.16324009
2021_05_SF_ARI,3609,-1.4174252,-0.25328255
2021_05_SF_ARI,3686,1.0297433,0.4945992
2021_05_NYG_DAL,130,-0.5098048,0.42709658
2021_05_NYG_DAL,200,-3.4642699,0.71262395
2021_05_NYG_DAL,318,-0.79064256,0.28078017
2021_05_NYG_DAL,344,-1.296983,-0.30725965
2021_05_NYG_DAL,531,0.75428194,0.48602495
2021_05_NYG_DAL,555,-0.47594145,0.11664671
2021_05_NYG_DAL,598,-1.4501112,0.5570453
2021_05_NYG_DAL,660,-0.6061388,0.32213685
2021_05_NYG_DAL,707,-1.4179194,0.5116388
2021_05_NYG_DAL,817,-0.74995244,-0.15926293
2021_05_NYG_DAL,839,0.124979556,0.5497694
2021_05_NYG_DAL,1070,-1.5321007,0.022051858
2021_05_NYG_DAL,1157,-0.7909028,-0.029962108
2021_05_NYG_DAL,1181,5.492789,0.34161907
2021_05_NYG_DAL,1283,3.6986241,-0.0039803884
2021_05_NYG_DAL,1322,-0.530301,0.4450891
2021_05_NYG_DAL,1369,-1.296391,0.3465888
2021_05_NYG_DAL,1455,0.15990214,-0.05535614
2021_05_NYG_DAL,1520,-0.20241389,0.19731301
2021_05_NYG_DAL,1611,0.06613016,0.10830704
2021_05_NYG_DAL,1635,1.3817074,0.37488487
2021_05_NYG_DAL,1778,2.8905838,0.123623624
2021_05_NYG_DAL,1963,0.90835226,0.3460428
2021_05_NYG_DAL,1987,1.3245882,0.30793005
2021_05_NYG_DAL,2048,0.24737975,0.3897691
2021_05_NYG_DAL,2072,1.3470973,0.4519273
2021_05_NYG_DAL,2096,-0.32499874,0.49428487
2021_05_NYG_DAL,2118,3.4192705,0.46942708
2021_05_NYG_DAL,2236,2.389001,0.60645634
2021_05_NYG_DAL,2492,-0.85114413,0.52161306
2021_05_NYG_DAL,2514,3.1541102,0.26287684
2021_05_NYG_DAL,2563,1.2502115,0.5378908
2021_05_NYG_DAL,2611,-0.8989497,-0.3053966
2021_05_NYG_DAL,2687,1.2583815,-0.0021844201
2021_05_NYG_DAL,2743,-3.4850035,0.4023113
2021_05_NYG_DAL,2822,-0.0058946544,0.247103
2021_05_NYG_DAL,2961,0.13923898,0.08423383
2021_05_NYG_DAL,3060,2.3279681,-0.10568845
2021_05_NYG_DAL,3205,0.8740235,0.21522407
2021_05_NYG_DAL,3255,-0.7497377,-0.069333486
2021_05_NYG_DAL,3379,0.8964418,0.4933837
2021_05_NYG_DAL,3484,2.6791737,0.50674874
2021_05_NYG_DAL,3590,-0.49172366,-0.4663941
2021_05_NYG_DAL,3612,1.3839633,-0.08905657
2021_05_NYG_DAL,3636,0.9373192,0.15272512
2021_05_NYG_DAL,3660,0.7141544,0.14164236
2021_05_NYG_DAL,3735,-0.5647953,-0.22185434
2021_05_NYG_DAL,3757,0.7588811,0.024632217
2021_05_NYG_DAL,3786,1.6933984,-0.06300375
2021_05_NYG_DAL,3843,0.60924923,-0.04667133
2021_05_NYG_DAL,3867,-0.94723,0.4220914
2021_05_NYG_DAL,3889,-1.7237124,0.3952342
2021_05_NYG_DAL,3948,3.9310446,-0.6223791
2021_05_NYG_DAL,4089,0.36144122,0.81117445
2021_05_NYG_DAL,4221,-0.28205234,0.16128668
2021_05_NYG_DAL,4304,-0.20546818,0.047123402
2021_05_NYG_DAL,4326,0.87151366,0.009394538
2021_05_NYG_DAL,4355,-8.706461,0.07999991
2021_05_BUF_KC,97,1.824541,0.40990826
2021_05_BUF_KC,137,-0.48516265,0.38655198
2021_05_BUF_KC,159,-0.89513683,0.36517778
2021_05_BUF_KC,213,-0.49720097,-0.11504127
2021_05_BUF_KC,424,0.14183287,0.60773504
2021_05_BUF_KC,535,-0.86300856,0.47784242
2021_05_BUF_KC,666,1.5998867,0.3668264
2021_05_BUF_KC,732,-0.57057434,0.032744315
2021_05_BUF_KC,933,-2.2380192,-0.5695317
2021_05_BUF_KC,1068,0.8842535,0.33580413
2021_05_BUF_KC,1216,0.63480115,0.17742172
2021_05_BUF_KC,1240,0.7749048,0.10993486
2021_05_BUF_KC,1383,1.727067,-0.16993596
2021_05_BUF_KC,1445,-0.51945513,0.45725453
2021_05_BUF_KC,1488,1.1239537,0.4123352
2021_05_BUF_KC,1512,1.4696515,0.5432677
2021_05_BUF_KC,1536,3.420501,0.7151852
2021_05_BUF_KC,1620,0.4946283,0.32734796
2021_05_BUF_KC,1695,-0.48859206,0.15761225
2021_05_BUF_KC,1738,5.025582,0.28364822
2021_05_BUF_KC,1783,-0.7365971,0.22894521
2021_05_BUF_KC,1805,-0.62838,0.50312537
2021_05_BUF_KC,1904,-0.38457474,0.121948116
2021_05_BUF_KC,1938,-0.55135006,0.4405832
2021_05_BUF_KC,1983,0.21330367,0.11331426
2021_05_BUF_KC,2024,-2.694926,-0.054145128
2021_05_BUF_KC,2070,4.8247614,-0.14812332
2021_05_BUF_KC,2126,0.0017935146,0.039801877
2021_05_BUF_KC,2171,-0.102106184,0.13731383
2021_05_BUF_KC,2210,1.8977295,0.11954571
2021_05_BUF_KC,2318,-0.27047464,0.42745316
2021_05_BUF_KC,2340,0.14102893,0.26662207
2021_05_BUF_KC,2403,0.08908314,-0.09299801
2021_05_BUF_KC,2573,-1.8203362,0.33327106
2021_05_BUF_KC,2644,1.7343864,0.23922041
2021_05_BUF_KC,2668,0.55637795,0.16154808
2021_05_BUF_KC,2713,-1.5878735,0.24233396
2021_05_BUF_KC,2773,2.881023,0.32816508
2021_05_BUF_KC,2818,-0.49604112,0.33662927
2021_05_BUF_KC,2842,-1.874728,0.2713223
2021_05_BUF_KC,2903,-0.5476007,0.095485225
2021_05_BUF_KC,2987,-0.8416946,0.19329986
2021_05_BUF_KC,3009,-6.9467034,0.21442935
2021_05_BUF_KC,3067,-0.56308174,-0.11050739
2021_05_BUF_KC,3089,-0.29002818,0.15710503
2021_05_BUF_KC,3113,-1.1533811,-0.043203916
2021_05_BUF_KC,3175,0.5819651,0.1168352
2021_05_BUF_KC,3220,0.39167428,-0.12093418
2021_05_BUF_KC,3281,1.4966228,0.032975856
2021_05_BUF_KC,3380,-1.2023255,0.22847867
2021_05_BUF_KC,3429,0.099658825,-0.043006524
2021_05_BUF_KC,3453,0.645001,-0.15790394
2021_05_BUF_KC,3477,0.05662095,0.24141335
2021_05_BUF_KC,3537,-0.00923622,-0.21035752
2021_05_BUF_KC,3585,0.23242116,0.021523463
2021_05_BUF_KC,3958,-0.43241176,0.26418602
2021_05_BUF_KC,3980,1.4871918,0.03935572
2021_05_BUF_KC,4004,1.202507,0.4736759
2021_05_BUF_KC,4133,-0.4857543,-0.03172
2021_05_BUF_KC,4155,0.54113424,-0.041641276
2021_05_BUF_KC,4195,0.8247418,0.26299363
2021_05_BUF_KC,4219,-0.20260327,-0.043365143
2021_05_BUF_KC,4269,-0.47604817,-0.056858256
2021_05_BUF_KC,4291,-0.31882182,-0.041883726
2021_05_BUF_KC,4371,0.57374316,0.34488302
2021_05_IND_BAL,62,0.16988143,0.18976429
2021_05_IND_BAL,114,-1.4439734,0.35136187
2021_05_IND_BAL,184,-0.60490537,0.54123145
2021_05_IND_BAL,206,-0.82502335,0.023402689
2021_05_IND_BAL,291,-0.05972617,0.25362214
2021_05_IND_BAL,336,-1.4477078,0.06473746
2021_05_IND_BAL,418,0.7399527,0.33793163
2021_05_IND_BAL,484,1.0248727,0.29487896
2021_05_IND_BAL,574,0.61668515,0.20532706
2021_05_IND_BAL,937,2.0075912,0.40415302
2021_05_IND_BAL,965,0.37400672,0.3529413
2021_05_IND_BAL,1153,0.9548648,0.31467453
2021_05_IND_BAL,1394,1.6966019,0.50842947
2021_05_IND_BAL,1465,0.38241613,0.50065225
2021_05_IND_BAL,1516,1.8479038,0.41706038
2021_05_IND_BAL,1540,-0.5005671,0.44783822
2021_05_IND_BAL,1625,-1.0793669,0.18742901
2021_05_IND_BAL,1716,-0.047469914,0.4991591
2021_05_IND_BAL,1740,-0.23591794,0.3519923
2021_05_IND_BAL,1795,0.7257085,0.7020483
2021_05_IND_BAL,1819,-0.2646181,0.2264413
2021_05_IND_BAL,1865,-0.6264394,0.31255558
2021_05_IND_BAL,1887,0.9124221,0.28904596
2021_05_IND_BAL,2018,2.1250455,0.90154237
2021_05_IND_BAL,2042,3.9869976,0.8461664
2021_05_IND_BAL,2127,0.16234852,0.2814148
2021_05_IND_BAL,2172,1.8796864,0.45564744
2021_05_IND_BAL,2215,1.0537016,0.22198598
2021_05_IND_BAL,2284,0.74785745,0.36549497
2021_05_IND_BAL,2308,1.4385878,0.12855777
2021_05_IND_BAL,2343,-0.4851869,0.14116088
2021_05_IND_BAL,2365,0.11983357,0.3688936
2021_05_IND_BAL,2422,2.7398953,0.28901
2021_05_IND_BAL,2634,2.2708037,0.38780162
2021_05_IND_BAL,2686,-0.947,-0.2960883
2021_05_IND_BAL,2720,-0.36722305,-0.050666112
2021_05_IND_BAL,2744,1.8040165,0.5714995
2021_05_IND_BAL,2813,3.819866,0.079865456
2021_05_IND_BAL,2984,1.9991941,0.5073076
2021_05_IND_BAL,3034,-0.326137,0.36735833
2021_05_IND_BAL,3058,-1.0715301,0.41761363
2021_05_IND_BAL,3121,1.8541523,0.18645373
2021_05_IND_BAL,3148,1.0603791,-0.13734101
2021_05_IND_BAL,3172,0.4211989,-0.13594739
2021_05_IND_BAL,3196,0.41214886,-0.0022766327
2021_05_IND_BAL,3220,1.1508538,0.1907553
2021_05_IND_BAL,3247,1.251463,0.0706766
2021_05_IND_BAL,3283,1.053,0.08211201
2021_05_IND_BAL,3336,2.0858502,0.190721
2021_05_IND_BAL,3598,-0.42791826,0.26124543
2021_05_IND_BAL,3620,1.3330562,-0.25389892
2021_05_IND_BAL,3644,0.52924377,-0.08387993
2021_05_IND_BAL,3668,0.514243,0.24088766
2021_05_IND_BAL,3713,-0.41301462,0.19104038
2021_05_IND_BAL,3735,1.8944826,-0.1057863
2021_05_IND_BAL,3759,0.678777,0.35550067
2021_05_IND_BAL,3842,1.8008875,0.20434324
2021_05_IND_BAL,3867,1.053,0.14665465
2021_05_IND_BAL,3896,0.86473906,0.5313599
2021_05_IND_BAL,4016,0.82353145,0.7280878
2021_05_IND_BAL,4182,0.9545448,0.3950152
2021_05_IND_BAL,4236,1.0366997,0.151253
2021_05_IND_BAL,4269,0.4452964,0.507702
2021_05_IND_BAL,4314,0.43250927,-0.06557245
2021_05_IND_BAL,4401,2.0055857,-0.44246605
2021_06_TB_PHI,76,0.86445785,0.16583249
2021_06_TB_PHI,100,1.6432436,0.48932943
2021_06_TB_PHI,145,1.3170332,-0.079175524
2021_06_TB_PHI,169,-0.47227094,0.011005225
2021_06_TB_PHI,257,1.1664644,-0.023872089
2021_06_TB_PHI,334,-0.8742078,0.053258948
2021_06_TB_PHI,419,-0.93592036,0.4225699
2021_06_TB_PHI,441,3.1333408,-0.32477885
2021_06_TB_PHI,627,0.41131225,0.30063212
2021_06_TB_PHI,651,1.1658516,-0.05951189
2021_06_TB_PHI,675,0.73166686,0.24063185
2021_06_TB_PHI,836,2.6219292,0.33170667
2021_06_TB_PHI,938,0.13021015,0.3182043
2021_06_TB_PHI,962,-1.5792676,0.20569259
2021_06_TB_PHI,1054,-0.22529496,0.33476663
2021_06_TB_PHI,1171,-1.2926971,0.06438602
2021_06_TB_PHI,1253,-1.4686923,0.048547346
2021_06_TB_PHI,1375,1.8026067,0.21937487
2021_06_TB_PHI,1399,-2.3696914,0.18232365
2021_06_TB_PHI,1425,-0.43646276,0.35893533
2021_06_TB_PHI,1447,1.1440316,0.5410594
2021_06_TB_PHI,1516,1.0656755,0.4114073
2021_06_TB_PHI,1609,0.8613667,0.32978043
2021_06_TB_PHI,1724,-0.38304874,0.20632474
2021_06_TB_PHI,1778,-0.9189123,0.4027242
2021_06_TB_PHI,1879,-0.2846148,0.5083442
2021_06_TB_PHI,1901,-0.3031582,0.15092535
2021_06_TB_PHI,1923,-0.99291736,0.19355467
2021_06_TB_PHI,1959,-0.23590632,0.26301518
2021_06_TB_PHI,1983,-0.35879046,0.048299678
2021_06_TB_PHI,2119,-0.45637515,0.3309764
2021_06_TB_PHI,2170,-1.5137463,0.3052357
2021_06_TB_PHI,2217,0.1649115,0.30586046
2021_06_TB_PHI,2241,0.23309074,0.41765836
2021_06_TB_PHI,2312,0.06089356,0.37397566
2021_06_TB_PHI,2420,0.8351195,0.38475245
2021_06_TB_PHI,2611,-0.30279192,0.2545121
2021_06_TB_PHI,2722,-1.6971228,0.4727483
2021_06_TB_PHI,2797,-0.56039554,0.2618169
2021_06_TB_PHI,2843,-0.30678716,0.43815753
2021_06_TB_PHI,2951,2.5075636,-0.12813844
2021_06_TB_PHI,3023,-0.4680511,-0.04025616
2021_06_TB_PHI,3045,1.8241092,0.57973367
2021_06_TB_PHI,3152,-1.4581692,0.25401977
2021_06_TB_PHI,3278,-0.3063452,0.077164344
2021_06_TB_PHI,3302,-0.5070539,0.18139587
2021_06_TB_PHI,3326,-0.20298396,0.3108468
2021_06_TB_PHI,3368,-2.681739,-0.43757257
2021_06_TB_PHI,3390,0.114011355,0.35363343
2021_06_TB_PHI,3585,1.053,-0.030143108
2021_06_TB_PHI,3669,1.143138,0.44625664
2021_06_TB_PHI,3761,2.7365856,0.3661299
2021_06_TB_PHI,3823,0.42611554,0.32858792
2021_06_MIA_JAX,95,0.43478513,0.3713931
2021_06_MIA_JAX,142,2.086344,0.2013697
2021_06_MIA_JAX,213,-0.5240961,0.12296058
2021_06_MIA_JAX,259,2.7192051,0.40787104
2021_06_MIA_JAX,283,-0.4278408,-0.005973534
2021_06_MIA_JAX,305,0.09568446,0.105208166
2021_06_MIA_JAX,329,1.0367426,0.2308149
2021_06_MIA_JAX,499,-0.5021778,0.06198093
2021_06_MIA_JAX,544,2.0440567,0.05964324
2021_06_MIA_JAX,632,-1.4610901,0.14718582
2021_06_MIA_JAX,695,1.4537337,0.26110888
2021_06_MIA_JAX,768,2.2277987,0.26653922
2021_06_MIA_JAX,802,0.86498606,0.3502264
2021_06_MIA_JAX,874,-0.30364704,-0.12954713
2021_06_MIA_JAX,1048,-0.42886892,0.13681337
2021_06_MIA_JAX,1077,-0.99977785,0.2132814
2021_06_MIA_JAX,1166,-0.51109844,0.49668336
2021_06_MIA_JAX,1190,-1.743237,0.526129
2021_06_MIA_JAX,1337,-0.48950455,0.5265087
2021_06_MIA_JAX,1359,0.3410656,0.36980227
2021_06_MIA_JAX,1388,-1.2880392,0.03859977
2021_06_MIA_JAX,1438,3.0362208,0.3806715
2021_06_MIA_JAX,1462,-0.47951788,0.26646507
2021_06_MIA_JAX,1507,-0.9312776,0.15199316
2021_06_MIA_JAX,1563,0.25096816,0.091673076
2021_06_MIA_JAX,1592,0.449353,-0.011437275
2021_06_MIA_JAX,1621,0.5386175,0.29478225
2021_06_MIA_JAX,1693,0.2701852,0.117917545
2021_06_MIA_JAX,1714,1.5857047,0.39472145
2021_06_MIA_JAX,1765,-0.3809924,-0.16764195
2021_06_MIA_JAX,1814,-0.56309325,0.19610624
2021_06_MIA_JAX,1853,-1.0001452,0.0027730444
2021_06_MIA_JAX,1929,-0.53562987,0.26053676
2021_06_MIA_JAX,2008,-0.4610296,0.21078502
2021_06_MIA_JAX,2056,0.5564185,0.1467767
2021_06_MIA_JAX,2085,-0.27105087,0.25270176
2021_06_MIA_JAX,2156,-0.5904875,0.19420193
2021_06_MIA_JAX,2178,1.6095523,0.07577669
2021_06_MIA_JAX,2219,4.748556,0.221867
2021_06_MIA_JAX,2275,-0.033665724,0.3468492
2021_06_MIA_JAX,2297,0.4637977,0.25516146
2021_06_MIA_JAX,2326,0.027879562,0.5303048
2021_06_MIA_JAX,2372,0.8381599,0.09478947
2021_06_MIA_JAX,2467,0.7730524,0.5522006
2021_06_MIA_JAX,2514,-0.6159248,0.39005235
2021_06_MIA_JAX,2536,2.9970388,0.14419897
2021_06_MIA_JAX,2721,0.17774516,0.444097
2021_06_MIA_JAX,2831,2.2852213,0.34205902
2021_06_MIA_JAX,2904,-0.5662928,0.093948364
2021_06_MIA_JAX,2952,-1.3632965,0.2994861
2021_06_MIA_JAX,3056,1.2052156,0.15819103
2021_06_MIA_JAX,3106,0.8806731,0.81019783
2021_06_MIA_JAX,3180,-4.7311935,0.35214537
2021_06_MIA_JAX,3206,1.4547985,0.14844705
2021_06_MIA_JAX,3280,0.51941127,0.119418375
2021_06_MIA_JAX,3309,-1.1631306,-0.15425515
2021_06_MIA_JAX,3352,1.9896798,0.54850477
2021_06_MIA_JAX,3450,1.962238,0.2405427
2021_06_MIA_JAX,3479,1.8579443,0.3223076
2021_06_MIA_JAX,3503,0.8058992,0.2073287
2021_06_MIA_JAX,3609,-0.5326637,0.6440281
2021_06_MIA_JAX,3631,1.3849331,0.2953256
2021_06_MIA_JAX,3678,-0.55724734,-0.08793472
2021_06_MIA_JAX,3700,0.59371,0.092153504
2021_06_MIA_JAX,3724,-1.244525,0.4155487
2021_06_MIA_JAX,3815,0.37041092,0.3532731
2021_06_MIA_JAX,3839,-1.6693262,0.33232045
2021_06_MIA_JAX,3951,0.2694155,0.336116
2021_06_MIA_JAX,3980,0.6235645,0.43735138
2021_06_MIA_JAX,4025,-0.5788047,0.4426237
2021_06_MIA_JAX,4047,2.4760828,0.32074255
2021_06_MIA_JAX,4071,-0.4423102,0.15959343
2021_06_MIA_JAX,4120,-1.1908649,-0.5244588
2021_06_MIA_JAX,4176,0.4410892,0.038434256
2021_06_MIA_JAX,4285,-0.41049355,0.15208633
2021_06_MIA_JAX,4307,-0.6210006,0.20314582
2021_06_MIA_JAX,4424,-0.2287198,0.00458732
2021_06_MIA_JAX,4498,1.5307084,-0.2482965
2021_06_LAC_BAL,63,0.78487885,0.1700274
2021_06_LAC_BAL,132,2.3382916,0.15566035
2021_06_LAC_BAL,161,0.6493894,0.05903542
2021_06_LAC_BAL,206,-0.51840323,0.579237
2021_06_LAC_BAL,228,-0.89912385,0.21311903
2021_06_LAC_BAL,336,-0.5880276,0.03524594
2021_06_LAC_BAL,379,1.1726936,0.32140368
2021_06_LAC_BAL,403,-0.048964627,0.48262793
2021_06_LAC_BAL,459,0.39224297,0.24902487
2021_06_LAC_BAL,642,-0.19865932,-0.090934135
2021_06_LAC_BAL,713,1.0119338,0.100034714
2021_06_LAC_BAL,807,0.9420745,0.030046094
2021_06_LAC_BAL,914,1.7511677,0.2993104
2021_06_LAC_BAL,1036,-1.3123457,0.35739383
2021_06_LAC_BAL,1104,-0.7120525,0.27239466
2021_06_LAC_BAL,1126,-1.1222602,0.43598035
2021_06_LAC_BAL,1184,1.180361,0.33423266
2021_06_LAC_BAL,1208,-0.48773372,-0.24417539
2021_06_LAC_BAL,1230,0.058764424,0.2989947
2021_06_LAC_BAL,1254,-1.3523737,0.16736746
2021_06_LAC_BAL,1276,-2.7668917,-0.16114068
2021_06_LAC_BAL,1493,1.4998955,0.22926728
2021_06_LAC_BAL,1517,-3.3974912,0.071526945
2021_06_LAC_BAL,1557,-5.4440446,0.7262504
2021_06_LAC_BAL,1630,0.69063956,0.2555217
2021_06_LAC_BAL,1716,0.5139593,0.31737646
2021_06_LAC_BAL,1822,-0.23932277,0.22193775
2021_06_LAC_BAL,2014,1.1325606,0.09977919
2021_06_LAC_BAL,2212,2.1946065,0.3295336
2021_06_LAC_BAL,2392,-3.2266657,0.12095256
2021_06_LAC_BAL,2435,-0.6977793,0.31671926
2021_06_LAC_BAL,2457,-0.8181283,0.053830698
2021_06_LAC_BAL,2519,-0.5815703,0.08181783
2021_06_LAC_BAL,2563,-1.3561571,0.08269692
2021_06_LAC_BAL,2631,0.8264792,-0.14731435
2021_06_LAC_BAL,2747,-0.6068256,0.54359245
2021_06_LAC_BAL,2786,1.6230924,0.19387475
2021_06_LAC_BAL,2899,-0.0071664625,-0.42258084
2021_06_LAC_BAL,2923,1.1921571,-0.012282025
2021_06_LAC_BAL,2947,1.4449666,-0.093745574
2021_06_LAC_BAL,3010,-0.8133994,0.3966329
2021_06_LAC_BAL,3032,2.2258139,0.17805588
2021_06_LAC_BAL,3113,-0.32428467,0.45226353
2021_06_LAC_BAL,3172,-0.7176461,-0.35330233
2021_06_LAC_BAL,3236,0.08530827,0.59012794
2021_06_LAC_BAL,3326,-3.5251768,0.7936167
2021_06_LAC_BAL,3376,-0.7214852,0.24429376
2021_06_LAC_BAL,3476,0.6308733,0.15329336
2021_06_LAC_BAL,3500,0.20448957,0.24345948
2021_06_LAC_BAL,3564,-2.5611184,-0.7065163
2021_06_MIN_CAR,55,-6.0402117,-0.1559843
2021_06_MIN_CAR,123,1.7804677,0.08642906
2021_06_MIN_CAR,173,0.3934833,0.18799958
2021_06_MIN_CAR,197,-1.4151415,-0.5256898
2021_06_MIN_CAR,257,0.80872166,-0.043392014
2021_06_MIN_CAR,354,-0.8942632,-0.014681593
2021_06_MIN_CAR,428,-0.5562762,0.10824046
2021_06_MIN_CAR,606,-0.8700134,0.67370045
2021_06_MIN_CAR,628,1.6680914,0.04418822
2021_06_MIN_CAR,652,0.4719183,0.07169741
2021_06_MIN_CAR,697,-0.17600594,0.15523101
2021_06_MIN_CAR,768,-0.74075454,0.15264308
2021_06_MIN_CAR,790,-1.2191238,0.3376911
2021_06_MIN_CAR,947,-0.9656415,0.24057226
2021_06_MIN_CAR,1126,1.8528367,0.47168517
2021_06_MIN_CAR,1224,1.4654045,0.22026542
2021_06_MIN_CAR,1292,0.7561698,0.29933065
2021_06_MIN_CAR,1379,-0.5403275,0.16353111
2021_06_MIN_CAR,1417,-0.79363966,0.2779897
2021_06_MIN_CAR,1439,-1.2127589,0.81874865
2021_06_MIN_CAR,1697,-0.46602926,0.47226417
2021_06_MIN_CAR,1741,2.3356261,0.3582493
2021_06_MIN_CAR,1813,-0.97570133,0.44772273
2021_06_MIN_CAR,1869,0.47021213,0.3271954
2021_06_MIN_CAR,1914,-1.4480551,0.42701188
2021_06_MIN_CAR,2084,1.0599833,1.3564056
2021_06_MIN_CAR,2108,-0.3081607,0.3340744
2021_06_MIN_CAR,2130,-0.40844405,0.43626082
2021_06_MIN_CAR,2251,-0.98539346,0.77928776
2021_06_MIN_CAR,2292,-0.10489081,0.24395834
2021_06_MIN_CAR,2352,0.335895,0.50779015
2021_06_MIN_CAR,2393,-0.12721272,0.22576915
2021_06_MIN_CAR,2503,-0.6648074,0.45321533
2021_06_MIN_CAR,2601,-0.37177846,-0.5607538
2021_06_MIN_CAR,2847,-0.8537251,0.2704714
2021_06_MIN_CAR,2869,-0.9713536,0.49305615
2021_06_MIN_CAR,2954,-0.7430667,0.40335894
2021_06_MIN_CAR,2976,-1.2941401,0.45166612
2021_06_MIN_CAR,3130,1.5506364,0.48222706
2021_06_MIN_CAR,3177,-0.947,0.16984467
2021_06_MIN_CAR,3255,-4.662941,0.22243282
2021_06_MIN_CAR,3295,2.624151,0.26634324
2021_06_MIN_CAR,3345,-0.9919976,0.29093358
2021_06_MIN_CAR,3367,2.7087865,-0.1792283
2021_06_MIN_CAR,3489,-0.86716783,-0.19145302
2021_06_MIN_CAR,3680,2.2080617,0.5898167
2021_06_MIN_CAR,3794,-1.1018194,0.480335
2021_06_MIN_CAR,3902,-0.5038099,0.045155372
2021_06_MIN_CAR,3954,-0.43940338,0.2747505
2021_06_MIN_CAR,4047,-1.8361318,0.46314985
2021_06_MIN_CAR,4110,0.00500423,0.20915245
2021_06_MIN_CAR,4134,1.9439958,1.3706641
2021_06_MIN_CAR,4158,-0.41970494,-0.16004613
2021_06_MIN_CAR,4201,-1.2411957,-0.81069154
2021_06_MIN_CAR,4257,2.3363287,0.07298135
2021_06_MIN_CAR,4412,-0.36152187,0.17920965
2021_06_MIN_CAR,4434,-0.52538705,-0.07477255
2021_06_MIN_CAR,4477,-0.72058326,0.10291003
2021_06_MIN_CAR,4499,3.3057432,-0.68222666
2021_06_MIN_CAR,4523,0.000986174,-0.00075548806
2021_06_MIN_CAR,4573,-0.2809292,0.033250265
2021_06_MIN_CAR,4595,0.1469119,0.15340574
2021_06_MIN_CAR,4624,-0.9984471,-0.16553995
2021_06_MIN_CAR,4663,3.45587,-0.41730258
2021_06_MIN_CAR,4692,1.9195931,0.5361337
2021_06_MIN_CAR,4746,-0.04403693,0.2236064
2021_06_MIN_CAR,4801,0.5428675,0.3316375
2021_06_MIN_CAR,4883,0.12069638,0.07461528
2021_06_MIN_CAR,5036,0.14702618,0.2080678
2021_06_MIN_CAR,5087,-0.47369242,0.82891893
2021_06_MIN_CAR,5133,1.6152624,-0.3533696
2021_06_MIN_CAR,5223,3.8380327,0.40766644
2021_06_GB_CHI,143,1.0484942,0.2581853
2021_06_GB_CHI,218,-0.7905128,0.012123912
2021_06_GB_CHI,343,1.0353295,0.08322544
2021_06_GB_CHI,393,0.66833144,-0.03162182
2021_06_GB_CHI,422,2.0972633,0.025568103
2021_06_GB_CHI,627,-0.57065463,-0.12892757
2021_06_GB_CHI,802,-0.87447214,0.042023566
2021_06_GB_CHI,920,-0.49752963,0.8631149
2021_06_GB_CHI,966,-2.2728744,0.32343024
2021_06_GB_CHI,993,0.875732,-0.26576498
2021_06_GB_CHI,1090,0.05129455,0.21608615
2021_06_GB_CHI,1208,2.6080925,0.12626615
2021_06_GB_CHI,1394,-0.49970835,0.26592883
2021_06_GB_CHI,1612,-0.7564235,-0.0062196986
2021_06_GB_CHI,1872,0.5166526,0.40738395
2021_06_GB_CHI,1896,0.5109437,0.3338816
2021_06_GB_CHI,1978,-0.23467138,0.35478184
2021_06_GB_CHI,2221,-0.8974801,-0.085597984
2021_06_GB_CHI,2306,0.6855372,0.4578384
2021_06_GB_CHI,2431,0.711048,0.1488073
2021_06_GB_CHI,2485,-0.06853183,0.22659576
2021_06_GB_CHI,2535,0.8947621,-0.0369052
2021_06_GB_CHI,2564,2.0066872,0.32742977
2021_06_GB_CHI,2656,1.0348676,0.20837791
2021_06_GB_CHI,2786,-0.827582,0.27454725
2021_06_GB_CHI,2810,-1.809329,-0.20447029
2021_06_GB_CHI,2868,-0.58761877,0.34398744
2021_06_GB_CHI,2940,-0.7090935,0.36211577
2021_06_GB_CHI,3059,2.1383445,-0.5393466
2021_06_GB_CHI,3083,1.235672,0.3731324
2021_06_GB_CHI,3189,0.28735512,0.16741438
2021_06_GB_CHI,3218,0.75102645,0.28001165
2021_06_GB_CHI,3265,1.2728553,0.3482178
2021_06_GB_CHI,3357,1.2475152,0.54032695
2021_06_GB_CHI,3381,-0.43867612,0.029014088
2021_06_GB_CHI,3403,2.8188696,0.22600885
2021_06_GB_CHI,3449,0.68188417,0.2607966
2021_06_GB_CHI,3580,-0.46321,0.40433478
2021_06_GB_CHI,3669,1.1350329,0.06338048
2021_06_GB_CHI,3809,-2.0372102,-1.6198758
2021_06_CIN_DET,162,-1.1916296,0.20645998
2021_06_CIN_DET,252,2.4258916,0.189211
2021_06_CIN_DET,318,-0.46931693,0.3135107
2021_06_CIN_DET,366,3.2663357,0.28954414
2021_06_CIN_DET,478,-0.7597514,0.2355333
2021_06_CIN_DET,521,0.08175088,0.43202364
2021_06_CIN_DET,680,-0.34143192,-0.07441493
2021_06_CIN_DET,704,-2.7714524,0.3526204
2021_06_CIN_DET,776,-3.0343492,0.0042540766
2021_06_CIN_DET,938,-0.35244063,-0.068092845
2021_06_CIN_DET,1041,1.0641929,0.49865752
2021_06_CIN_DET,1138,-0.18040664,0.15348801
2021_06_CIN_DET,1188,-1.9479976,0.3881426
2021_06_CIN_DET,1210,-2.7299218,0.33259562
2021_06_CIN_DET,1264,-0.06426527,0.3860414
2021_06_CIN_DET,1345,0.16757227,0.14865676
2021_06_CIN_DET,1369,0.28152448,0.40281737
2021_06_CIN_DET,1438,-0.494503,0.34887296
2021_06_CIN_DET,1521,-0.8143678,0.3472338
2021_06_CIN_DET,1545,-0.9106894,0.06869895
2021_06_CIN_DET,1613,-0.56356484,0.20877725
2021_06_CIN_DET,1726,-0.20317483,0.3448879
2021_06_CIN_DET,1843,0.11081589,0.14322355
2021_06_CIN_DET,1867,-0.32564232,0.37547576
2021_06_CIN_DET,1889,0.5005776,0.15100498
2021_06_CIN_DET,1913,-0.23418385,-0.011487172
2021_06_CIN_DET,1935,-0.27911198,0.3598618
2021_06_CIN_DET,1957,2.2054925,0.49284133
2021_06_CIN_DET,2029,-0.23074366,0.10889287
2021_06_CIN_DET,2191,0.55286556,0.28374076
2021_06_CIN_DET,2260,5.902577,0.56440836
2021_06_CIN_DET,2327,-0.0070314175,0.1981151
2021_06_CIN_DET,2351,0.09309396,0.12387467
2021_06_CIN_DET,2440,0.3603118,0.43910912
2021_06_CIN_DET,2586,1.9090132,0.07641614
2021_06_CIN_DET,2631,-0.6136535,0.2542183
2021_06_CIN_DET,2653,-1.0172613,0.3186629
2021_06_CIN_DET,2739,2.3580744,0.3263229
2021_06_CIN_DET,2787,-0.8341947,0.056866247
2021_06_CIN_DET,2809,-1.7079788,0.025271421
2021_06_CIN_DET,2903,1.2038236,0.5267594
2021_06_CIN_DET,2948,3.8541155,0.85934925
2021_06_CIN_DET,3031,1.2048724,0.055266798
2021_06_CIN_DET,3055,1.9299998,-0.03844825
2021_06_CIN_DET,3111,0.7191968,0.31103775
2021_06_CIN_DET,3145,0.027739327,0.120222844
2021_06_CIN_DET,3190,-0.09523829,0.06925487
2021_06_CIN_DET,3235,1.1396575,0.1720171
2021_06_CIN_DET,3259,-0.41936663,0.44480875
2021_06_CIN_DET,3281,0.21315844,0.17301758
2021_06_CIN_DET,3305,0.88271564,0.30432758
2021_06_CIN_DET,3350,-0.27084297,0.020250564
2021_06_CIN_DET,3391,-0.9353301,-0.27406135
2021_06_CIN_DET,3615,1.6770281,0.09161669
2021_06_CIN_DET,3673,0.27515575,-0.19633752
2021_06_CIN_DET,3697,0.6336362,0.03305883
2021_06_CIN_DET,3743,-0.51190996,0.08979445
2021_06_CIN_DET,3767,1.5101562,0.6701615
2021_06_CIN_DET,3791,-0.4792621,0.2022828
2021_06_CIN_DET,3813,0.22592768,0.584478
2021_06_CIN_DET,3837,1.3021086,0.22974372
2021_06_CIN_DET,3861,-0.13419311,0.39505458
2021_06_CIN_DET,3902,-0.501486,0.3689403
2021_06_CIN_DET,3928,-0.5403054,0.12108218
2021_06_CIN_DET,3950,3.5316594,-0.23094313
2021_06_CIN_DET,3996,1.053,0.29256746
2021_06_HOU_IND,111,-0.83890384,0.20414779
2021_06_HOU_IND,182,0.72021765,0.086770125
2021_06_HOU_IND,225,-0.9170089,-0.06717709
2021_06_HOU_IND,349,1.9375006,0.27457908
2021_06_HOU_IND,378,0.63650537,-0.039093986
2021_06_HOU_IND,449,1.9739165,0.32511753
2021_06_HOU_IND,561,0.07961168,0.1740852
2021_06_HOU_IND,644,1.6510553,0.23131144
2021_06_HOU_IND,718,-0.4887468,0.45860714
2021_06_HOU_IND,764,4.9710107,0.56708235
2021_06_HOU_IND,861,-0.56972015,0.28876883
2021_06_HOU_IND,988,3.9338937,0.08540527
2021_06_HOU_IND,1034,-0.6492273,0.3080913
2021_06_HOU_IND,1079,-1.5826194,-0.05590859
2021_06_HOU_IND,1135,1.0332932,0.51636887
2021_06_HOU_IND,1180,1.2593288,0.5643399
2021_06_HOU_IND,1204,0.824598,0.8224653
2021_06_HOU_IND,1228,-0.5797511,0.54373854
2021_06_HOU_IND,1250,0.76930577,0.19810288
2021_06_HOU_IND,1326,0.9090299,0.32314098
2021_06_HOU_IND,1401,-1.3921397,0.21582979
2021_06_HOU_IND,1511,1.155948,0.40512994
2021_06_HOU_IND,1563,1.3719089,0.4727665
2021_06_HOU_IND,1674,-1.5388659,0.27336356
2021_06_HOU_IND,1757,-0.07589542,0.73253256
2021_06_HOU_IND,1820,1.0769088,0.38208878
2021_06_HOU_IND,1911,0.45813438,0.3335008
2021_06_HOU_IND,2013,-0.26525602,0.14272088
2021_06_HOU_IND,2243,-5.185609,0.59073085
2021_06_HOU_IND,2290,2.9027233,0.07872114
2021_06_HOU_IND,2374,-0.7736237,0.49710858
2021_06_HOU_IND,2396,2.4161682,0.69849056
2021_06_HOU_IND,2465,-1.9066224,0.03055978
2021_06_HOU_IND,2673,0.8853342,0.1771297
2021_06_HOU_IND,2760,2.2227228,0.27728903
2021_06_HOU_IND,2813,0.8358141,0.15818247
2021_06_HOU_IND,2863,-0.42553562,0.28743345
2021_06_HOU_IND,2925,-1.0064377,0.21573497
2021_06_HOU_IND,2947,-3.4604685,0.3037573
2021_06_HOU_IND,3026,-1.5493442,0.4796586
2021_06_HOU_IND,3077,0.28502613,0.1646951
2021_06_HOU_IND,3106,-0.09631993,-0.09488214
2021_06_HOU_IND,3198,0.8263913,0.026250202
2021_06_HOU_IND,3233,0.2534261,-0.00021098922
2021_06_HOU_IND,3403,0.87621623,0.44989562
2021_06_HOU_IND,3533,0.12753639,-0.375271
2021_06_HOU_IND,3609,-0.61811435,-0.42310637
2021_06_HOU_IND,3631,1.8889563,-0.4561248
2021_06_HOU_IND,3655,-4.7551055,-0.38180155
2021_06_LA_NYG,123,3.1765625,0.042876504
2021_06_LA_NYG,152,0.4315435,0.01905108
2021_06_LA_NYG,259,1.5759816,0.28006217
2021_06_LA_NYG,404,-1.4087375,0.25307897
2021_06_LA_NYG,478,-0.60808045,0.117595814
2021_06_LA_NYG,512,2.6729856,0.2100078
2021_06_LA_NYG,562,1.6125902,0.20080812
2021_06_LA_NYG,586,-0.5809838,0.37819487
2021_06_LA_NYG,667,-0.44056568,0.301295
2021_06_LA_NYG,712,1.759629,0.58807385
2021_06_LA_NYG,760,-0.7804845,-0.009553638
2021_06_LA_NYG,819,-0.53376967,-0.18114926
2021_06_LA_NYG,841,-0.8027502,0.026539136
2021_06_LA_NYG,886,0.6498367,-0.06542291
2021_06_LA_NYG,936,-0.55492854,0.30747062
2021_06_LA_NYG,958,-0.016207483,0.424781
2021_06_LA_NYG,1094,0.58380735,0.21384086
2021_06_LA_NYG,1250,2.5107918,0.41351894
2021_06_LA_NYG,1286,0.63301176,0.09218976
2021_06_LA_NYG,1331,2.162037,0.39217368
2021_06_LA_NYG,1394,-0.51786476,0.37509498
2021_06_LA_NYG,1492,-0.4539672,-0.03997008
2021_06_LA_NYG,1523,0.99293935,0.27659503
2021_06_LA_NYG,1589,3.0583467,-0.07092678
2021_06_LA_NYG,1652,-0.47702423,0.32888103
2021_06_LA_NYG,1695,-0.871486,-0.040282935
2021_06_LA_NYG,1778,-0.6079876,0.50530124
2021_06_LA_NYG,1861,-4.490983,0.33445546
2021_06_LA_NYG,1908,0.11923867,0.27405095
2021_06_LA_NYG,2037,0.47515312,0.15977015
2021_06_LA_NYG,2082,-0.46306705,0.19456373
2021_06_LA_NYG,2104,-0.2169643,0.01568887
2021_06_LA_NYG,2145,-0.963424,0.19180194
2021_06_LA_NYG,2293,0.85765976,0.106900744
2021_06_LA_NYG,2346,1.5585499,0.19163966
2021_06_LA_NYG,2370,3.7082548,0.39894414
2021_06_LA_NYG,2436,-1.1933763,0.08470525
2021_06_LA_NYG,2472,-0.13743544,0.5297481
2021_06_LA_NYG,2513,-0.3154483,0.6170145
2021_06_LA_NYG,2601,0.23732916,0.022777585
2021_06_LA_NYG,2743,0.44684264,0.11149602
2021_06_LA_NYG,2930,0.7599456,0.09607157
2021_06_LA_NYG,2975,1.1555172,0.33408812
2021_06_LA_NYG,3063,3.6039333,-0.12114851
2021_06_LA_NYG,3087,-6.022527,0.14654592
2021_06_LA_NYG,3139,0.40665278,0.24064876
2021_06_LA_NYG,3308,2.1726007,0.8699751
2021_06_LA_NYG,3371,-0.5251141,-0.21043442
2021_06_LA_NYG,3412,-0.91242915,-0.58500034
2021_06_LA_NYG,3480,-0.7456425,0.13223352
2021_06_LA_NYG,3502,-2.8423746,0.9270833
2021_06_LA_NYG,3573,-0.44159782,0.018182598
2021_06_LA_NYG,3606,1.070278,-0.00747769
2021_06_LA_NYG,3633,-0.5308904,0.26520607
2021_06_LA_NYG,3672,-0.3816872,-0.16642077
2021_06_LA_NYG,3696,1.5024325,0.03368778
2021_06_LA_NYG,3720,-0.36481106,-0.2029715
2021_06_LA_NYG,3744,-0.6577168,-0.50617975
2021_06_LA_NYG,3766,-0.79910624,-0.5365676
2021_06_LA_NYG,4114,0.5525403,-0.09895493
2021_06_LA_NYG,4138,0.4291258,0.047152847
2021_06_LA_NYG,4162,0.51966673,-0.06609008
2021_06_LA_NYG,4186,0.45020288,-0.29963136
2021_06_LA_NYG,4227,0.41357747,-0.37116584
2021_06_LA_NYG,4251,0.22174932,-0.12222568
2021_06_LA_NYG,4275,-0.2905355,-0.32343245
2021_06_LA_NYG,4297,-0.23076351,-0.5919556
2021_06_LA_NYG,4321,-0.49825233,-0.35435548
2021_06_LA_NYG,4343,-2.2726521,-0.16266109
2021_06_KC_WAS,62,-0.58473384,0.28832868
2021_06_KC_WAS,105,-1.4801575,0.38790062
2021_06_KC_WAS,166,0.45363688,0.46953171
2021_06_KC_WAS,190,1.3674558,0.04097015
2021_06_KC_WAS,242,0.79417104,0.2729893
2021_06_KC_WAS,306,1.3455508,0.38764283
2021_06_KC_WAS,330,2.2636397,0.15631253
2021_06_KC_WAS,470,0.8328841,-0.07390902
2021_06_KC_WAS,520,-0.50935733,-0.49357194
2021_06_KC_WAS,563,2.0508192,0.2787006
2021_06_KC_WAS,615,-0.6198608,0.08198231
2021_06_KC_WAS,637,0.17430772,0.040522035
2021_06_KC_WAS,661,-1.6785039,0.3447275
2021_06_KC_WAS,759,4.213778,0.19805506
2021_06_KC_WAS,809,-0.31347206,0.13570057
2021_06_KC_WAS,833,1.0355791,0.1376104
2021_06_KC_WAS,881,-5.23534,-0.06841471
2021_06_KC_WAS,943,-0.298194,0.26478267
2021_06_KC_WAS,972,-1.4003615,0.009520503
2021_06_KC_WAS,1019,-0.52953315,0.40279344
2021_06_KC_WAS,1041,-0.8685542,0.21677494
2021_06_KC_WAS,1063,-0.62468576,0.0755337
2021_06_KC_WAS,1135,1.3865826,0.09486731
2021_06_KC_WAS,1173,0.64117885,0.4816406
2021_06_KC_WAS,1230,0.54447335,0.094043486
2021_06_KC_WAS,1277,-0.4131817,0.4258141
2021_06_KC_WAS,1320,-0.9155728,0.1958753
2021_06_KC_WAS,1405,-0.58521956,0.43995997
2021_06_KC_WAS,1495,-1.5568037,0.19282557
2021_06_KC_WAS,1536,-0.48302266,0.2863351
2021_06_KC_WAS,1627,-0.47870043,0.53781784
2021_06_KC_WAS,1719,-0.5008952,0.21567883
2021_06_KC_WAS,1741,-0.26352385,0.18472348
2021_06_KC_WAS,1765,1.2447914,0.20813419
2021_06_KC_WAS,1824,-0.36090976,-0.028718047
2021_06_KC_WAS,1853,-0.6347667,0.2193884
2021_06_KC_WAS,1937,4.013631,0.49892667
2021_06_KC_WAS,2013,1.0935545,0.041050334
2021_06_KC_WAS,2037,1.3369372,0.2553275
2021_06_KC_WAS,2066,0.87416095,0.19239679
2021_06_KC_WAS,2130,-0.28176197,0.2986448
2021_06_KC_WAS,2152,1.2631754,0.55677575
2021_06_KC_WAS,2181,-3.9302926,0.06784372
2021_06_KC_WAS,2209,-0.09377616,0.46963537
2021_06_KC_WAS,2362,1.1630521,0.2748508
2021_06_KC_WAS,2386,0.77888113,0.06122733
2021_06_KC_WAS,2466,-0.8956352,-0.023767702
2021_06_KC_WAS,2535,0.5758457,-0.12316173
2021_06_KC_WAS,2590,1.3492869,-0.16018428
2021_06_KC_WAS,2714,0.7817804,0.11155907
2021_06_KC_WAS,2799,0.058426257,0.37007275
2021_06_KC_WAS,2831,1.1270268,0.26066
2021_06_KC_WAS,2882,-0.61627036,0.428923
2021_06_KC_WAS,2938,1.7556006,-0.030038154
2021_06_KC_WAS,2994,1.1705477,0.23274037
2021_06_KC_WAS,3078,0.6015359,0.3110961
2021_06_KC_WAS,3107,-1.4423484,0.0989646
2021_06_KC_WAS,3244,0.71382046,0.06949172
2021_06_KC_WAS,3335,1.7265196,-0.23607425
2021_06_KC_WAS,3488,-0.51811695,0.24954732
2021_06_KC_WAS,3531,2.0436518,0.3760964
2021_06_KC_WAS,3555,-0.13450138,0.17249134
2021_06_KC_WAS,3608,-1.5318847,-0.23924372
2021_06_KC_WAS,3748,-0.69732606,0.55142635
2021_06_KC_WAS,3770,2.228041,0.41683188
2021_06_KC_WAS,3815,-0.74704367,0.29439145
2021_06_KC_WAS,3877,1.2825657,0.13076822
2021_06_KC_WAS,3960,1.4971002,0.2202306
2021_06_KC_WAS,4039,0.09127167,0.20335524
2021_06_KC_WAS,4080,4.025384,0.22359644
2021_06_KC_WAS,4147,0.34418064,0.29269612
2021_06_KC_WAS,4171,-4.7994967,-0.05523051
2021_06_ARI_CLE,56,-0.70039105,0.14313789
2021_06_ARI_CLE,137,-1.2257148,0.3402342
2021_06_ARI_CLE,198,-0.5429448,0.12340162
2021_06_ARI_CLE,262,-0.49743742,0.06743945
2021_06_ARI_CLE,307,1.8994017,0.4762861
2021_06_ARI_CLE,384,4.0976667,0.45495242
2021_06_ARI_CLE,500,-0.5705415,0.2559866
2021_06_ARI_CLE,522,2.1830637,-0.68231034
2021_06_ARI_CLE,631,2.9737692,0.09399211
2021_06_ARI_CLE,666,-0.4688837,0.034857877
2021_06_ARI_CLE,824,0.7643493,0.33088407
2021_06_ARI_CLE,902,-0.8202213,0.24984047
2021_06_ARI_CLE,1178,-0.042195275,-0.020992996
2021_06_ARI_CLE,1221,-0.712589,-0.042762734
2021_06_ARI_CLE,1367,-0.45857966,0.019128036
2021_06_ARI_CLE,1500,-0.1522908,0.09785042
2021_06_ARI_CLE,1545,-4.294807,0.20955896
2021_06_ARI_CLE,1703,0.77912766,0.13017783
2021_06_ARI_CLE,1835,-0.119261585,0.14309484
2021_06_ARI_CLE,1865,3.0460098,0.035016075
2021_06_ARI_CLE,1964,-0.6441189,0.019393655
2021_06_ARI_CLE,1988,1.51328,0.31003937
2021_06_ARI_CLE,2038,2.4812334,0.37610453
2021_06_ARI_CLE,2196,-0.40148595,0.36873254
2021_06_ARI_CLE,2319,-0.09694482,0.06118089
2021_06_ARI_CLE,2341,-0.16816995,0.26544985
2021_06_ARI_CLE,2365,-0.013245248,0.38037226
2021_06_ARI_CLE,2413,6.814526,-0.08671836
2021_06_ARI_CLE,2519,0.7986241,0.31311372
2021_06_ARI_CLE,2543,-1.3368036,0.24204654
2021_06_ARI_CLE,2737,-0.83733827,0.515558
2021_06_ARI_CLE,2759,-1.3750656,0.157546
2021_06_ARI_CLE,2844,2.2127962,-0.047096997
2021_06_ARI_CLE,2894,1.4408816,-0.014612864
2021_06_ARI_CLE,3027,-0.91437966,0.18570562
2021_06_ARI_CLE,3049,3.6646283,0.2426713
2021_06_ARI_CLE,3094,0.70835125,0.22651781
2021_06_ARI_CLE,3160,2.446278,0.44533986
2021_06_ARI_CLE,3238,-0.50830996,0.09627884
2021_06_ARI_CLE,3260,-0.63647586,0.07519085
2021_06_ARI_CLE,3284,-0.52716565,0.3929385
2021_06_ARI_CLE,3308,2.3320353,-0.03080206
2021_06_ARI_CLE,3570,-1.5040976,-0.027498348
2021_06_ARI_CLE,3592,-2.7392895,-0.0068658628
2021_06_ARI_CLE,3656,1.7675751,0.4855291
2021_06_ARI_CLE,3838,1.223691,0.41203737
2021_06_ARI_CLE,4059,0.33672073,-0.31534255
2021_06_ARI_CLE,4083,-1.4753714,-0.7959783
2021_06_ARI_CLE,4122,-2.7871375,-0.5999803
2021_06_LV_DEN,55,0.8814499,0.19518286
2021_06_LV_DEN,213,5.079704,0.013637484
2021_06_LV_DEN,278,0.19515933,-0.3374606
2021_06_LV_DEN,374,2.6456628,-0.031873453
2021_06_LV_DEN,485,2.268764,0.14882569
2021_06_LV_DEN,541,-0.4705285,0.2615989
2021_06_LV_DEN,586,0.93315357,0.10131243
2021_06_LV_DEN,620,1.6752175,0.13624896
2021_06_LV_DEN,703,-1.9724708,-0.14591505
2021_06_LV_DEN,813,-0.81570023,0.099919416
2021_06_LV_DEN,835,-0.82790893,0.33741665
2021_06_LV_DEN,859,-2.2916024,-0.14219312
2021_06_LV_DEN,885,0.6491172,0.19343892
2021_06_LV_DEN,998,-0.57585704,0.6183483
2021_06_LV_DEN,1068,-0.49355218,-0.011193847
2021_06_LV_DEN,1113,-1.366677,0.34834236
2021_06_LV_DEN,1153,1.0028954,0.6455916
2021_06_LV_DEN,1228,-1.1752131,0.23991662
2021_06_LV_DEN,1332,0.8535038,0.09080506
2021_06_LV_DEN,1356,0.3597748,0.26623496
2021_06_LV_DEN,1422,-0.48566976,-0.49115005
2021_06_LV_DEN,1544,-0.08971857,0.33632126
2021_06_LV_DEN,1568,-0.5708762,-0.4159846
2021_06_LV_DEN,1590,-0.11499475,0.18224384
2021_06_LV_DEN,1631,0.23131233,0.26984787
2021_06_LV_DEN,1655,0.4149824,0.025912726
2021_06_LV_DEN,1733,0.27579728,0.16850765
2021_06_LV_DEN,1757,-0.52307856,0.35794213
2021_06_LV_DEN,1826,-0.14721408,-0.013932893
2021_06_LV_DEN,1886,0.13146551,0.2766753
2021_06_LV_DEN,1924,0.25149104,0.14892872
2021_06_LV_DEN,1953,-0.15079461,0.34060118
2021_06_LV_DEN,1975,2.4740813,0.4011454
2021_06_LV_DEN,2016,3.8845363,0.66148573
2021_06_LV_DEN,2241,-0.804904,0.3958472
2021_06_LV_DEN,2263,-1.3232423,0.60864425
2021_06_LV_DEN,2349,-0.20775093,0.22251391
2021_06_LV_DEN,2454,1.7922599,-0.0037970701
2021_06_LV_DEN,2502,1.3295279,0.48892775
2021_06_LV_DEN,2600,-1.2070013,0.25941485
2021_06_LV_DEN,2715,-1.6869203,0.06907695
2021_06_LV_DEN,2756,-0.58740854,0.8779222
2021_06_LV_DEN,2778,1.200025,0.1451087
2021_06_LV_DEN,2823,0.34723696,0.15200493
2021_06_LV_DEN,2942,-0.74637234,0.18398999
2021_06_LV_DEN,2964,4.4548616,-0.051759697
2021_06_LV_DEN,3091,0.59137094,0.043064807
2021_06_LV_DEN,3134,-0.00019395282,-0.26327017
2021_06_LV_DEN,3179,1.4763105,0.11867807
2021_06_LV_DEN,3203,1.6422135,-0.056021392
2021_06_LV_DEN,3248,-1.2243993,0.012007298
2021_06_LV_DEN,3283,-0.73579144,0.20069161
2021_06_LV_DEN,3305,0.6168269,-0.13595441
2021_06_LV_DEN,3329,2.5616477,-0.106765635
2021_06_LV_DEN,3411,-0.4325484,0.18904322
2021_06_LV_DEN,3433,2.4944744,0.25639477
2021_06_LV_DEN,3562,3.9198666,0.5578833
2021_06_LV_DEN,3633,-1.6104342,-0.23734587
2021_06_LV_DEN,3689,0.7325648,0.21606752
2021_06_LV_DEN,3739,-0.69176155,0.1864784
2021_06_LV_DEN,3761,-3.4604902,0.123842336
2021_06_LV_DEN,3906,1.4304099,0.28757852
2021_06_LV_DEN,3930,0.25077197,0.17148636
2021_06_LV_DEN,4001,1.2422143,0.3035646
2021_06_LV_DEN,4063,0.42479092,-0.04170886
2021_06_LV_DEN,4087,0.23244786,0.11636322
2021_06_LV_DEN,4111,1.7469243,0.07575026
2021_06_LV_DEN,4168,-0.38874337,0.036259368
2021_06_LV_DEN,4233,-0.29281822,-0.1400272
2021_06_LV_DEN,4257,-1.2143943,0.0027654096
2021_06_DAL_NE,94,1.5060757,0.1096146
2021_06_DAL_NE,179,1.6127964,0.3614707
2021_06_DAL_NE,373,0.759074,0.25734973
2021_06_DAL_NE,399,1.3017167,-0.25793967
2021_06_DAL_NE,444,1.9455988,-0.074913576
2021_06_DAL_NE,497,2.516592,0.29163098
2021_06_DAL_NE,521,0.64947927,0.113695405
2021_06_DAL_NE,583,0.8914049,0.20835721
2021_06_DAL_NE,607,1.2194225,0.41506162
2021_06_DAL_NE,663,2.1230102,0.45383358
2021_06_DAL_NE,719,0.8489898,0.29074156
2021_06_DAL_NE,775,-0.14227708,0.35840625
2021_06_DAL_NE,799,-0.879077,-0.43323687
2021_06_DAL_NE,825,0.5109796,0.37658024
2021_06_DAL_NE,926,1.8063555,-0.25650308
2021_06_DAL_NE,971,1.6009231,0.47355163
2021_06_DAL_NE,1081,-0.7031183,0.23656222
2021_06_DAL_NE,1120,-5.0485106,0.41276503
2021_06_DAL_NE,1202,1.6407467,0.26956993
2021_06_DAL_NE,1312,-0.36269283,0.25498495
2021_06_DAL_NE,1379,1.195921,0.12076363
2021_06_DAL_NE,1501,-0.47573793,0.24573527
2021_06_DAL_NE,1604,-0.88664395,0.34778756
2021_06_DAL_NE,1645,-0.1309165,0.40209636
2021_06_DAL_NE,1717,-0.12759906,0.41681343
2021_06_DAL_NE,1746,2.6709485,0.589922
2021_06_DAL_NE,2113,0.43733963,0.117325835
2021_06_DAL_NE,2211,-0.7694359,0.31391105
2021_06_DAL_NE,2235,-1.285187,0.4765878
2021_06_DAL_NE,2331,-0.14755803,0.07037183
2021_06_DAL_NE,2449,1.5380958,-0.22314775
2021_06_DAL_NE,2499,2.6762362,-0.279771
2021_06_DAL_NE,2540,1.2380359,0.19555213
2021_06_DAL_NE,2782,-0.09814046,0.29490268
2021_06_DAL_NE,2806,-1.6502569,0.09453601
2021_06_DAL_NE,2890,1.2498128,0.41389614
2021_06_DAL_NE,2919,0.68915385,0.20285532
2021_06_DAL_NE,3006,2.8269823,0.30780068
2021_06_DAL_NE,3052,-0.6352893,0.32770467
2021_06_DAL_NE,3074,-1.2324133,0.31894574
2021_06_DAL_NE,3167,0.36491176,0.5063363
2021_06_DAL_NE,3276,-0.53947467,0.2856401
2021_06_DAL_NE,3319,2.0456746,0.18429159
2021_06_DAL_NE,3549,-0.47646874,0.27400658
2021_06_DAL_NE,3673,-0.6362092,0.42343017
2021_06_DAL_NE,3807,-8.059636,0.09581027
2021_06_DAL_NE,3874,5.8305936,0.12760247
2021_06_DAL_NE,3899,1.053,0.26991522
2021_06_DAL_NE,3935,-0.32436004,0.06886906
2021_06_DAL_NE,3957,-0.40511212,0.10076456
2021_06_DAL_NE,3998,-0.19272475,0.14678217
2021_06_DAL_NE,4022,1.7125956,-0.14903219
2021_06_DAL_NE,4046,0.516081,0.22048101
2021_06_DAL_NE,4070,-0.23462105,0.24896581
2021_06_DAL_NE,4092,-1.4359751,0.35350704
2021_06_DAL_NE,4136,1.3473161,0.05421472
2021_06_DAL_NE,4271,-0.49978915,0.2615453
2021_06_DAL_NE,4293,1.2450963,0.22957581
2021_06_DAL_NE,4363,-1.5657028,0.12575553
2021_06_DAL_NE,4429,1.6050158,0.28496915
2021_06_DAL_NE,4470,0.080595,0.18264128
2021_06_DAL_NE,4494,0.79670167,0.23418267
2021_06_DAL_NE,4563,3.7186663,0.1986324
2021_06_SEA_PIT,126,-0.79393536,0.12958117
2021_06_SEA_PIT,231,-1.1305857,-0.165896
2021_06_SEA_PIT,280,0.8471429,0.15259282
2021_06_SEA_PIT,328,-0.47994927,0.39973015
2021_06_SEA_PIT,378,-0.8777732,-0.10185914
2021_06_SEA_PIT,471,-0.76222384,0.116666295
2021_06_SEA_PIT,493,3.2131126,0.4059366
2021_06_SEA_PIT,517,0.8185944,-0.22608449
2021_06_SEA_PIT,594,-1.9538085,0.5470158
2021_06_SEA_PIT,660,0.9759949,0.024249438
2021_06_SEA_PIT,747,2.4881194,0.37421036
2021_06_SEA_PIT,792,-0.1762949,0.046600573
2021_06_SEA_PIT,816,-1.3951632,0.12053939
2021_06_SEA_PIT,921,1.3394328,0.057489883
2021_06_SEA_PIT,945,-1.5146378,0.4130175
2021_06_SEA_PIT,1032,0.9379419,0.1268272
2021_06_SEA_PIT,1103,0.930098,0.6565201
2021_06_SEA_PIT,1127,-0.5195992,0.3476958
2021_06_SEA_PIT,1166,1.768115,0.32423422
2021_06_SEA_PIT,1229,0.9458458,0.37393686
2021_06_SEA_PIT,1294,-0.81798977,0.4662569
2021_06_SEA_PIT,1320,-0.7490488,-0.02243411
2021_06_SEA_PIT,1428,0.7009181,0.35813966
2021_06_SEA_PIT,1473,1.1498102,0.676692
2021_06_SEA_PIT,1529,0.2922323,0.08625495
2021_06_SEA_PIT,1693,0.6060856,0.44200617
2021_06_SEA_PIT,1846,-0.12519152,0.19756651
2021_06_SEA_PIT,1868,-0.22069904,-0.17574753
2021_06_SEA_PIT,1949,-0.21629341,0.20670675
2021_06_SEA_PIT,1978,-0.22532438,0.2683993
2021_06_SEA_PIT,2000,-0.32308125,0.3254292
2021_06_SEA_PIT,2436,1.8193105,0.07757864
2021_06_SEA_PIT,2464,1.416155,0.009556418
2021_06_SEA_PIT,2555,-0.20925426,0.27997583
2021_06_SEA_PIT,2579,-0.29615667,0.43346775
2021_06_SEA_PIT,2739,3.8151205,0.6293781
2021_06_SEA_PIT,2879,-0.039681025,0.17082763
2021_06_SEA_PIT,2903,-1.4288768,0.38040635
2021_06_SEA_PIT,2985,-0.85687244,-0.08844109
2021_06_SEA_PIT,3424,1.3319166,0.26571113
2021_06_SEA_PIT,3472,-0.6402907,0.45226857
2021_06_SEA_PIT,3494,-1.3927739,0.38494775
2021_06_SEA_PIT,3653,0.7194595,0.21494168
2021_06_SEA_PIT,3814,-0.604116,0.09465702
2021_06_SEA_PIT,3836,-0.15450665,0.711668
2021_06_SEA_PIT,3917,0.1239892,-0.01778676
2021_06_SEA_PIT,3967,0.14975625,0.38085437
2021_06_SEA_PIT,4008,-0.37246114,0.33294892
2021_06_SEA_PIT,4032,0.6318826,0.2677642
2021_06_SEA_PIT,4056,0.28819996,0.39262027
2021_06_SEA_PIT,4131,0.052849203,0.07359996
2021_06_SEA_PIT,4327,1.9190736,0.3144721
2021_06_SEA_PIT,4372,0.6054315,0.4446031
2021_06_SEA_PIT,4461,-0.33409142,0.1970877
2021_06_SEA_PIT,4485,-0.5244042,-0.2769038
2021_06_BUF_TEN,73,-0.5912075,0.059137065
2021_06_BUF_TEN,161,-0.8123184,0.6261183
2021_06_BUF_TEN,183,-1.4388721,0.16187683
2021_06_BUF_TEN,275,0.8495047,0.38746005
2021_06_BUF_TEN,462,-0.095198505,0.309006
2021_06_BUF_TEN,511,-1.5577002,-1.21251
2021_06_BUF_TEN,628,-1.5047228,-0.54042137
2021_06_BUF_TEN,691,-0.32015654,0.3509207
2021_06_BUF_TEN,873,0.04224567,0.27948806
2021_06_BUF_TEN,897,-4.360043,0.15369742
2021_06_BUF_TEN,923,0.7807235,0.21449067
2021_06_BUF_TEN,987,0.5514363,0.14384127
2021_06_BUF_TEN,1011,-0.40719607,0.5439105
2021_06_BUF_TEN,1054,1.2636604,0.0051155617
2021_06_BUF_TEN,1194,-0.8784329,0.77723205
2021_06_BUF_TEN,1368,-0.24480699,0.07934864
2021_06_BUF_TEN,1397,1.7952167,0.48404464
2021_06_BUF_TEN,1421,1.1848953,0.4907972
2021_06_BUF_TEN,1449,-0.35147303,0.06176228
2021_06_BUF_TEN,1557,-0.64667654,-0.08579382
2021_06_BUF_TEN,1590,4.1940546,0.03449988
2021_06_BUF_TEN,1692,-1.0981055,0.63968796
2021_06_BUF_TEN,1757,-5.835123,0.8529781
2021_06_BUF_TEN,1902,-0.47605345,0.5111086
2021_06_BUF_TEN,1948,1.7269976,0.6779806
2021_06_BUF_TEN,2010,1.0559592,0.62736046
2021_06_BUF_TEN,2072,-0.34053466,0.49766198
2021_06_BUF_TEN,2117,4.427167,0.05394678
2021_06_BUF_TEN,2269,-0.06758669,0.51578856
2021_06_BUF_TEN,2293,1.7871977,0.35478824
2021_06_BUF_TEN,2322,0.72969,0.6837276
2021_06_BUF_TEN,2346,1.2585461,0.8639473
2021_06_BUF_TEN,2412,-1.3060639,0.15865548
2021_06_BUF_TEN,2486,0.51286566,0.9714736
2021_06_BUF_TEN,2531,-0.49199617,-0.047249302
2021_06_BUF_TEN,2620,-0.5465574,0.07822609
2021_06_BUF_TEN,2663,-0.28840315,0.54048383
2021_06_BUF_TEN,2687,3.0292454,0.32646158
2021_06_BUF_TEN,2732,1.3230053,0.16115075
2021_06_BUF_TEN,2761,-0.3858212,0.34060287
2021_06_BUF_TEN,2901,1.6086158,0.32246682
2021_06_BUF_TEN,2925,1.1066601,0.54731095
2021_06_BUF_TEN,2954,-0.50981843,0.5919907
2021_06_BUF_TEN,2976,-0.683281,0.30897397
2021_06_BUF_TEN,3082,1.319124,0.08313337
2021_06_BUF_TEN,3207,1.9264802,0.42055452
2021_06_BUF_TEN,3252,1.822443,0.60321474
2021_06_BUF_TEN,3337,0.019340672,0.27547187
2021_06_BUF_TEN,3361,-0.43091297,0.21214797
2021_06_BUF_TEN,3419,0.048129484,0.27869582
2021_06_BUF_TEN,3470,1.304067,0.5056105
2021_06_BUF_TEN,3524,-0.7344706,0.19154282
2021_06_BUF_TEN,3550,-0.880234,0.40686008
2021_06_BUF_TEN,3612,1.3022745,0.25219005
2021_06_BUF_TEN,3636,1.2508932,0.63474095
2021_06_BUF_TEN,3681,0.052650496,0.76494765
2021_06_BUF_TEN,3705,1.4363166,0.45695782
2021_06_BUF_TEN,3825,1.7204472,0.32841462
2021_06_BUF_TEN,3849,0.7168819,0.34644625
2021_06_BUF_TEN,3890,0.4414664,-0.0051428373
2021_06_BUF_TEN,3914,1.3046179,0.1406262
2021_06_BUF_TEN,3976,-0.68010557,0.6371497
2021_07_DEN_CLE,56,0.43255955,0.06822709
2021_07_DEN_CLE,267,-0.28768432,-0.009870821
2021_07_DEN_CLE,401,0.3551094,-0.0032518813
2021_07_DEN_CLE,435,0.06669367,0.07792311
2021_07_DEN_CLE,486,1.8229095,0.017294858
2021_07_DEN_CLE,535,-0.5982339,-0.11064563
2021_07_DEN_CLE,631,-0.10537998,-0.02685369
2021_07_DEN_CLE,802,2.2126918,0.061099917
2021_07_DEN_CLE,890,-3.400638,0.3914791
2021_07_DEN_CLE,1048,-0.9555947,0.27838236
2021_07_DEN_CLE,1070,-1.3339697,0.35825756
2021_07_DEN_CLE,1205,-0.49436933,0.15923463
2021_07_DEN_CLE,1292,0.54295355,0.4087526
2021_07_DEN_CLE,1337,-0.4563464,0.519609
2021_07_DEN_CLE,1383,1.2327678,0.34238043
2021_07_DEN_CLE,1439,-0.4996951,-0.05597923
2021_07_DEN_CLE,1587,-0.63328826,0.32023978
2021_07_DEN_CLE,1673,-0.42151442,-0.43045285
2021_07_DEN_CLE,1695,-0.6004634,-0.48020715
2021_07_DEN_CLE,1753,-0.5143174,0.04953435
2021_07_DEN_CLE,1794,-0.17583525,0.30217934
2021_07_DEN_CLE,1820,-0.27817333,0.045795996
2021_07_DEN_CLE,1966,1.0176095,-0.22518803
2021_07_DEN_CLE,2011,0.80902016,0.19633403
2021_07_DEN_CLE,2035,0.87759733,0.04998509
2021_07_DEN_CLE,2106,1.0587751,-0.37408918
2021_07_DEN_CLE,2130,0.70211756,0.3419584
2021_07_DEN_CLE,2175,1.0832509,0.51314765
2021_07_DEN_CLE,2199,-0.59157217,0.12501515
2021_07_DEN_CLE,2248,3.064353,0.5229337
2021_07_DEN_CLE,2357,0.26623368,0.1884051
2021_07_DEN_CLE,2381,1.7385715,0.5334639
2021_07_DEN_CLE,2405,0.9799946,0.4396462
2021_07_DEN_CLE,2450,1.6971052,0.6031794
2021_07_DEN_CLE,2484,-0.41368365,0.29854485
2021_07_DEN_CLE,2590,-1.6835741,0.1741317
2021_07_DEN_CLE,2655,0.5136322,0.4252917
2021_07_DEN_CLE,2733,-0.5637906,0.20159882
2021_07_DEN_CLE,2755,0.370441,0.03746455
2021_07_DEN_CLE,2990,-1.42091,0.3610201
2021_07_DEN_CLE,3103,-0.54053307,0.28544554
2021_07_DEN_CLE,3125,1.808373,0.15278907
2021_07_DEN_CLE,3182,-0.17386483,0.21542963
2021_07_DEN_CLE,3233,-0.46916187,0.71540475
2021_07_DEN_CLE,3255,0.6714222,0.13106991
2021_07_DEN_CLE,3304,0.97031254,0.54017454
2021_07_DEN_CLE,3329,-0.016103758,0.15392028
2021_07_DEN_CLE,3394,-0.45191485,0.30311152
2021_07_DEN_CLE,3416,-0.647226,0.2180772
2021_07_DEN_CLE,3438,0.19156738,0.24747626
2021_07_DEN_CLE,3539,-0.43651083,0.44942158
2021_07_DEN_CLE,3673,0.5603048,0.13071871
2021_07_DEN_CLE,3756,0.5333213,0.6140579
2021_07_CIN_BAL,56,-0.68121356,-0.11659459
2021_07_CIN_BAL,78,1.4783312,0.18893522
2021_07_CIN_BAL,123,-0.8510413,0.07221547
2021_07_CIN_BAL,145,3.0632703,-0.3173098
2021_07_CIN_BAL,169,-0.59275424,0.1490356
2021_07_CIN_BAL,200,-1.2147138,0.40069708
2021_07_CIN_BAL,239,-1.9549332,0.21911088
2021_07_CIN_BAL,299,-0.7869008,0.22257996
2021_07_CIN_BAL,342,-0.5271843,0.16460887
2021_07_CIN_BAL,471,-1.7890973,0.4167154
2021_07_CIN_BAL,493,2.930705,0.049752615
2021_07_CIN_BAL,540,0.14861211,-0.29002327
2021_07_CIN_BAL,564,-0.99731356,0.6416483
2021_07_CIN_BAL,641,-0.7835572,0.1764634
2021_07_CIN_BAL,663,-1.4873315,0.53270584
2021_07_CIN_BAL,731,-0.020746488,0.1707492
2021_07_CIN_BAL,755,-1.227698,0.031469833
2021_07_CIN_BAL,802,1.6261386,0.059329104
2021_07_CIN_BAL,851,-0.23990619,0.26115814
2021_07_CIN_BAL,875,2.5971642,0.3580118
2021_07_CIN_BAL,924,-0.4458951,0.36572787
2021_07_CIN_BAL,973,-1.0948948,0.12453662
2021_07_CIN_BAL,1167,1.4684514,0.81693596
2021_07_CIN_BAL,1305,1.4690534,0.36601934
2021_07_CIN_BAL,1340,4.9982295,0.5210517
2021_07_CIN_BAL,1420,-0.4778247,0.32095215
2021_07_CIN_BAL,1484,1.010342,0.14935216
2021_07_CIN_BAL,1684,0.44738713,0.12043275
2021_07_CIN_BAL,1708,0.017412879,0.05526815
2021_07_CIN_BAL,1732,0.055732206,0.25945264
2021_07_CIN_BAL,1756,0.7852747,0.44955674
2021_07_CIN_BAL,1780,-0.554629,0.5508473
2021_07_CIN_BAL,1825,2.1020267,0.60861903
2021_07_CIN_BAL,1849,-0.4636706,0.45181602
2021_07_CIN_BAL,1918,-0.32178342,0.45465103
2021_07_CIN_BAL,2055,2.8578637,0.08608612
2021_07_CIN_BAL,2079,3.2232854,0.30467713
2021_07_CIN_BAL,2134,1.0862337,0.5189598
2021_07_CIN_BAL,2179,1.6296247,0.18236451
2021_07_CIN_BAL,2210,3.2394884,0.20872056
2021_07_CIN_BAL,2273,1.6124908,0.38132003
2021_07_CIN_BAL,2297,-0.5297363,0.4184379
2021_07_CIN_BAL,2388,-0.72409195,0.41521847
2021_07_CIN_BAL,2477,0.39030987,0.14815329
2021_07_CIN_BAL,2522,7.09693,0.12702562
2021_07_CIN_BAL,2599,-0.52866167,0.2008292
2021_07_CIN_BAL,2641,-0.841172,0.60953206
2021_07_CIN_BAL,2690,1.6660688,0.29181474
2021_07_CIN_BAL,2714,-0.504863,0.131667
2021_07_CIN_BAL,2760,2.0780542,0.40958342
2021_07_CIN_BAL,2810,-0.8493195,0.03710998
2021_07_CIN_BAL,2832,2.074219,0.09663182
2021_07_CIN_BAL,2872,1.5179315,0.36849883
2021_07_CIN_BAL,2979,-0.6796841,0.2537121
2021_07_CIN_BAL,3001,-3.823,-0.19739196
2021_07_CIN_BAL,3070,-1.6452048,0.6759935
2021_07_CIN_BAL,3152,0.57063884,0.31203842
2021_07_CIN_BAL,3176,-0.77346855,0.17952208
2021_07_CIN_BAL,3198,-1.3372577,0.1979868
2021_07_CIN_BAL,3220,-2.8021464,0.019456891
2021_07_CIN_BAL,3368,0.7669801,-0.1905323
2021_07_CIN_BAL,3392,-0.53610474,-0.21303909
2021_07_CIN_BAL,3414,-0.7562044,0.10225369
2021_07_CIN_BAL,3526,-2.110149,0.2602687
2021_07_CIN_BAL,3649,-0.93344307,-0.4493842
2021_07_CIN_BAL,3683,-0.62249815,0.20695505
2021_07_CIN_BAL,3705,-0.70163465,-0.012925429
2021_07_CIN_BAL,3843,0.49562082,0.12637995
2021_07_CIN_BAL,3873,0.6593313,0.09065803
2021_07_CIN_BAL,3897,0.16270569,0.3563565
2021_07_CIN_BAL,3925,0.78244555,-0.017199123
2021_07_CIN_BAL,3949,-0.41460702,0.1294106
2021_07_CIN_BAL,3971,-0.43457147,-0.27177864
2021_07_CIN_BAL,3993,-1.2748523,0.14597294
2021_07_CIN_BAL,4015,-1.9373631,-0.7429059
2021_07_WAS_GB,55,0.9602301,-0.8257902
2021_07_WAS_GB,124,1.1739902,0.07354766
2021_07_WAS_GB,148,-0.5178278,0.35935795
2021_07_WAS_GB,170,1.2088064,-0.5459486
2021_07_WAS_GB,300,-1.4986289,0.27247193
2021_07_WAS_GB,324,4.200414,-0.036190566
2021_07_WAS_GB,425,0.63192314,0.2561006
2021_07_WAS_GB,538,0.8038839,0.17197052
2021_07_WAS_GB,562,3.7838216,0.42990008
2021_07_WAS_GB,827,0.11497804,0.5762582
2021_07_WAS_GB,914,-1.3566661,0.5697082
2021_07_WAS_GB,959,0.6605883,0.14827867
2021_07_WAS_GB,983,-0.5074028,-0.06080652
2021_07_WAS_GB,1007,1.0810645,0.19316123
2021_07_WAS_GB,1055,1.4043381,0.57708627
2021_07_WAS_GB,1140,-0.5346863,0.15573192
2021_07_WAS_GB,1268,-1.2619017,0.2883046
2021_07_WAS_GB,1290,-2.878961,0.5922817
2021_07_WAS_GB,1312,0.70265627,0.39354607
2021_07_WAS_GB,1383,0.319532,0.19478385
2021_07_WAS_GB,1407,0.93664396,0.3247376
2021_07_WAS_GB,1513,0.06860165,0.73748416
2021_07_WAS_GB,1537,-0.54307896,0.27429914
2021_07_WAS_GB,1578,3.3397965,0.33742642
2021_07_WAS_GB,1836,2.7836754,0.52867055
2021_07_WAS_GB,1899,1.0677882,0.035787035
2021_07_WAS_GB,1955,-0.41739473,0.023669446
2021_07_WAS_GB,1984,2.0962975,-0.111497104
2021_07_WAS_GB,2029,2.2862566,-0.020737262
2021_07_WAS_GB,2074,0.8837921,0.5546797
2021_07_WAS_GB,2381,-0.7113303,-0.46530795
2021_07_WAS_GB,2403,-1.2092966,0.55865556
2021_07_WAS_GB,2635,-1.7825333,-0.87178963
2021_07_WAS_GB,2657,-3.3691638,-0.014962011
2021_07_WAS_GB,2744,2.2076352,-0.22181761
2021_07_WAS_GB,2837,2.3450456,0.050314564
2021_07_WAS_GB,2915,-0.834046,0.24376312
2021_07_WAS_GB,2989,-0.5518055,-0.95318514
2021_07_WAS_GB,3052,-0.5269939,-0.093659386
2021_07_WAS_GB,3074,1.1901407,-0.09855765
2021_07_WAS_GB,3098,0.15150052,0.32455224
2021_07_WAS_GB,3122,0.802245,-0.018685477
2021_07_WAS_GB,3178,-0.6927941,0.38412842
2021_07_WAS_GB,3221,0.6066557,0.2617644
2021_07_WAS_GB,3245,-0.22409967,0.2974837
2021_07_WAS_GB,3298,-0.4183216,0.35804144
2021_07_WAS_GB,3320,-0.7728956,0.34188768
2021_07_WAS_GB,3344,-4.271876,0.2788286
2021_07_WAS_GB,3371,0.91812617,0.04521025
2021_07_WAS_GB,3432,1.1034733,0.22815478
2021_07_WAS_GB,3456,0.52737874,0.18162219
2021_07_WAS_GB,3504,-0.32383296,0.07393212
2021_07_WAS_GB,3743,0.14803861,0.13214257
2021_07_WAS_GB,3788,-0.31840026,0.30257794
2021_07_WAS_GB,3810,0.67183435,0.25480393
2021_07_WAS_GB,3839,-0.1748848,0.17709273
2021_07_WAS_GB,3861,-0.33092377,0.019783089
2021_07_WAS_GB,3951,0.04892899,-0.06138731
2021_07_ATL_MIA,100,1.9746503,-0.3839885
2021_07_ATL_MIA,181,2.0254729,0.20070803
2021_07_ATL_MIA,263,0.22991998,0.47342876
2021_07_ATL_MIA,287,-0.4197029,0.3000082
2021_07_ATL_MIA,382,2.988797,0.24423283
2021_07_ATL_MIA,459,-1.3775551,-0.03799738
2021_07_ATL_MIA,483,-1.0612118,-0.28613093
2021_07_ATL_MIA,535,-0.567203,0.21260852
2021_07_ATL_MIA,557,-0.76727927,0.15507394
2021_07_ATL_MIA,581,-0.69453657,0.26119897
2021_07_ATL_MIA,624,1.4842663,0.1289957
2021_07_ATL_MIA,648,0.78655624,-0.35779154
2021_07_ATL_MIA,741,0.44039825,0.33121237
2021_07_ATL_MIA,852,0.2047296,-0.103146225
2021_07_ATL_MIA,910,-0.44850543,0.4319969
2021_07_ATL_MIA,1000,1.049913,0.17747451
2021_07_ATL_MIA,1048,-0.6441333,0.4122442
2021_07_ATL_MIA,1145,-0.6950665,0.1708017
2021_07_ATL_MIA,1167,1.9760659,0.47415698
2021_07_ATL_MIA,1191,0.3711311,0.10232705
2021_07_ATL_MIA,1215,0.9088895,0.4825445
2021_07_ATL_MIA,1260,1.3557513,0.69358647
2021_07_ATL_MIA,1284,-0.42941016,0.10690202
2021_07_ATL_MIA,1327,2.5800087,0.01571173
2021_07_ATL_MIA,1511,1.7940204,0.46460012
2021_07_ATL_MIA,1601,1.0959066,0.58642095
2021_07_ATL_MIA,1646,-4.5188727,0.84116775
2021_07_ATL_MIA,1673,1.9473412,0.40565485
2021_07_ATL_MIA,1713,0.53567445,0.5203581
2021_07_ATL_MIA,1754,-0.43955663,0.54128623
2021_07_ATL_MIA,1795,0.24731301,0.41869012
2021_07_ATL_MIA,1824,0.24630897,0.5909526
2021_07_ATL_MIA,1949,1.935198,0.389962
2021_07_ATL_MIA,2002,5.0159574,0.5901104
2021_07_ATL_MIA,2140,-0.46890038,0.0029130236
2021_07_ATL_MIA,2237,-0.7671055,0.13585125
2021_07_ATL_MIA,2259,-0.9152723,0.42461118
2021_07_ATL_MIA,2308,0.1055597,0.26530224
2021_07_ATL_MIA,2375,1.4817051,0.38515976
2021_07_ATL_MIA,2425,0.44665444,0.26680434
2021_07_ATL_MIA,2538,1.7345217,0.22218467
2021_07_ATL_MIA,2594,-0.5876659,-0.06219836
2021_07_ATL_MIA,2616,-0.74992985,0.19086167
2021_07_ATL_MIA,2638,2.07142,0.442956
2021_07_ATL_MIA,2683,1.4312803,0.313592
2021_07_ATL_MIA,2707,-0.5217671,0.38669276
2021_07_ATL_MIA,2733,-0.88603616,0.29422393
2021_07_ATL_MIA,2755,-1.639817,0.39131814
2021_07_ATL_MIA,2811,0.7116087,0.4095669
2021_07_ATL_MIA,2986,-0.7095355,0.3110441
2021_07_ATL_MIA,3008,-3.2750514,0.23952053
2021_07_ATL_MIA,3034,-8.792119,0.4186126
2021_07_ATL_MIA,3081,1.6171106,0.5739217
2021_07_ATL_MIA,3220,1.6337824,0.22618313
2021_07_ATL_MIA,3244,0.71757567,0.33982608
2021_07_ATL_MIA,3289,0.7082179,0.37803838
2021_07_ATL_MIA,3344,-0.7083477,0.025300952
2021_07_ATL_MIA,3392,1.5902421,0.17797866
2021_07_ATL_MIA,3490,-0.61938214,0.52419204
2021_07_ATL_MIA,3512,1.9687524,0.6568417
2021_07_ATL_MIA,3578,-0.87350017,0.21252897
2021_07_ATL_MIA,3842,-0.5089275,0.22213426
2021_07_ATL_MIA,3870,2.4502907,0.42380652
2021_07_ATL_MIA,3922,1.6180543,0.21878928
2021_07_ATL_MIA,3993,1.2889014,0.64155
2021_07_ATL_MIA,4035,1.66835,0.20662035
2021_07_NYJ_NE,351,-0.55565923,0.44063
2021_07_NYJ_NE,515,-0.57542324,-0.38459855
2021_07_NYJ_NE,537,-0.7505676,0.20770505
2021_07_NYJ_NE,559,2.0927749,-0.07682319
2021_07_NYJ_NE,681,1.5476358,0.15782389
2021_07_NYJ_NE,755,-1.147708,0.15335591
2021_07_NYJ_NE,797,-0.49498048,-0.09353297
2021_07_NYJ_NE,819,1.9665815,-0.003775666
2021_07_NYJ_NE,948,-0.45785558,0.26754168
2021_07_NYJ_NE,970,-0.27663618,0.1168124
2021_07_NYJ_NE,994,-1.2659953,-0.09206106
2021_07_NYJ_NE,1066,0.32107148,0.014914171
2021_07_NYJ_NE,1090,-0.81152576,-0.7651129
2021_07_NYJ_NE,1112,1.8515486,0.0024232613
2021_07_NYJ_NE,1268,2.3696437,0.32858095
2021_07_NYJ_NE,1347,-0.54341155,0.38044205
2021_07_NYJ_NE,1369,-0.75091606,0.24331078
2021_07_NYJ_NE,1391,2.4481025,0.7111648
2021_07_NYJ_NE,1436,-0.20107731,0.48519364
2021_07_NYJ_NE,1481,-0.38698727,0.31840247
2021_07_NYJ_NE,1573,-0.6999163,0.18038034
2021_07_NYJ_NE,1712,0.4563013,-0.0059979856
2021_07_NYJ_NE,1741,1.4091707,0.094309404
2021_07_NYJ_NE,1791,0.2740477,0.21876128
2021_07_NYJ_NE,1874,1.6698444,-0.08223569
2021_07_NYJ_NE,1898,-0.3524133,-0.060181696
2021_07_NYJ_NE,1920,0.5625049,0.13545957
2021_07_NYJ_NE,2074,0.64858824,0.053291693
2021_07_NYJ_NE,2141,-0.017208971,0.08570531
2021_07_NYJ_NE,2203,0.77541703,-0.24832958
2021_07_NYJ_NE,2271,-0.03712197,0.18022056
2021_07_NYJ_NE,2357,-0.60256255,0.0327536
2021_07_NYJ_NE,2405,2.1337807,-0.056784585
2021_07_NYJ_NE,2429,1.4354137,-0.19092591
2021_07_NYJ_NE,2453,0.55361503,0.06125
2021_07_NYJ_NE,2598,0.8190304,0.00808795
2021_07_NYJ_NE,2650,2.0234718,-0.11239136
2021_07_NYJ_NE,2679,-0.17600887,0.20990187
2021_07_NYJ_NE,2839,0.42323563,0.3421165
2021_07_NYJ_NE,2863,-0.7823272,0.11583407
2021_07_NYJ_NE,2885,2.24344,-0.17459777
2021_07_NYJ_NE,2909,0.39223513,-0.50686353
2021_07_NYJ_NE,2959,-4.1008425,0.36491725
2021_07_NYJ_NE,3062,-1.6446218,0.55478835
2021_07_NYJ_NE,3125,0.5812656,-0.4354204
2021_07_NYJ_NE,3185,-0.83079714,-0.042487778
2021_07_NYJ_NE,3207,-2.9510021,0.17339848
2021_07_NYJ_NE,3308,-0.2527744,0.7472236
2021_07_NYJ_NE,3332,2.2709742,1.1883831
2021_07_NYJ_NE,3418,0.83686155,0.036628626
2021_07_NYJ_NE,3452,-0.517207,-0.8628753
2021_07_NYJ_NE,3474,-0.73249245,-0.00095131004
2021_07_NYJ_NE,3496,2.1998553,0.25930128
2021_07_NYJ_NE,3525,-0.5034194,-0.02559694
2021_07_NYJ_NE,3559,-0.07513391,-0.57081276
2021_07_NYJ_NE,3588,-1.65902,-0.8018144
2021_07_NYJ_NE,3610,-2.7666528,-1.2200669
2021_07_NYJ_NE,3653,0.30080557,0.16831079
2021_07_NYJ_NE,3682,4.588577,0.4294273
2021_07_NYJ_NE,3777,0.38497075,-0.008330422
2021_07_NYJ_NE,3822,-0.064673565,-0.048138656
2021_07_NYJ_NE,3846,-0.62375915,-0.021256369
2021_07_NYJ_NE,3868,-1.1203978,0.08564832
2021_07_NYJ_NE,3922,-0.46234873,0.6131241
2021_07_NYJ_NE,3971,2.3729885,1.0404125
2021_07_NYJ_NE,4039,2.718425,0.31334454
2021_07_NYJ_NE,4198,0.26645538,-1.1392577
2021_07_NYJ_NE,4222,0.38112405,0.014078889
2021_07_CAR_NYG,108,-1.0609809,-1.2600207
2021_07_CAR_NYG,242,1.8841778,0.14523882
2021_07_CAR_NYG,266,-0.45133793,0.33120343
2021_07_CAR_NYG,328,-1.0221503,0.04360045
2021_07_CAR_NYG,417,0.9059062,0.23037845
2021_07_CAR_NYG,573,-0.2306688,0.358632
2021_07_CAR_NYG,597,-1.1807319,0.28263202
2021_07_CAR_NYG,650,1.1743239,0.3515894
2021_07_CAR_NYG,742,1.1474988,0.40330958
2021_07_CAR_NYG,782,-0.09956796,0.29237136
2021_07_CAR_NYG,858,-1.07944,-0.39145294
2021_07_CAR_NYG,964,-0.60141635,0.17844757
2021_07_CAR_NYG,986,-0.42854849,-0.06749931
2021_07_CAR_NYG,1065,2.2359712,0.22074726
2021_07_CAR_NYG,1148,-0.6873518,0.29372725
2021_07_CAR_NYG,1170,-1.5032225,0.66159797
2021_07_CAR_NYG,1278,-1.4308312,0.25940454
2021_07_CAR_NYG,1325,0.891506,0.60214317
2021_07_CAR_NYG,1415,0.103931844,0.1309644
2021_07_CAR_NYG,1515,0.07826492,-0.14387786
2021_07_CAR_NYG,1560,0.9483265,0.06395089
2021_07_CAR_NYG,1584,1.2582345,0.43632284
2021_07_CAR_NYG,1653,0.6444819,0.2748263
2021_07_CAR_NYG,1731,-3.5135615,0.2706805
2021_07_CAR_NYG,1799,1.3499771,0.37636328
2021_07_CAR_NYG,1856,0.8548018,0.514778
2021_07_CAR_NYG,1897,-0.41497022,0.03231348
2021_07_CAR_NYG,1921,-1.1872754,-0.069682606
2021_07_CAR_NYG,2071,0.15469687,0.29955277
2021_07_CAR_NYG,2095,-0.13999428,0.5220536
2021_07_CAR_NYG,2208,-0.6785646,0.7294679
2021_07_CAR_NYG,2321,1.4500782,0.2588348
2021_07_CAR_NYG,2345,0.2464089,0.18159997
2021_07_CAR_NYG,2470,-0.7998941,0.18058646
2021_07_CAR_NYG,2557,0.045182098,0.3900495
2021_07_CAR_NYG,2602,-1.7403798,0.29853565
2021_07_CAR_NYG,2652,0.9345004,-0.07469934
2021_07_CAR_NYG,2705,-0.793309,0.17641972
2021_07_CAR_NYG,2729,2.5379577,0.43539193
2021_07_CAR_NYG,2888,2.2991793,-0.007667004
2021_07_CAR_NYG,2980,-0.59981984,0.29852942
2021_07_CAR_NYG,3102,0.4720589,0.17082366
2021_07_CAR_NYG,3147,-0.49086562,-0.15316412
2021_07_CAR_NYG,3173,-1.0311346,0.36165938
2021_07_CAR_NYG,3212,-0.61423403,0.47794482
2021_07_CAR_NYG,3344,-0.7312213,0.0041386485
2021_07_CAR_NYG,3529,-0.4644863,-0.18249406
2021_07_CAR_NYG,3572,2.062379,0.34252566
2021_07_CAR_NYG,3617,-0.6626311,0.6818577
2021_07_CAR_NYG,3694,-0.4830926,0.11764312
2021_07_CAR_NYG,3716,-0.6011099,0.2474685
2021_07_CAR_NYG,3757,-2.9628706,1.2442883
2021_07_CAR_NYG,3856,0.3536212,-0.03045317
2021_07_CAR_NYG,3880,-0.43609485,0.294542
2021_07_CAR_NYG,3902,-0.583006,0.15185776
2021_07_CAR_NYG,3924,-1.2590064,0.5075978
2021_07_CAR_NYG,3967,1.2134799,0.031663872
2021_07_CAR_NYG,3996,-0.49023893,-0.110846736
2021_07_CAR_NYG,4018,-0.5037665,0.4742382
2021_07_CAR_NYG,4040,-1.0477785,-0.045976292
2021_07_KC_TEN,64,0.60156035,0.21315151
2021_07_KC_TEN,109,1.5110706,0.5840859
2021_07_KC_TEN,192,-0.2708191,-0.2542739
2021_07_KC_TEN,360,0.6642165,-0.07205612
2021_07_KC_TEN,389,0.6668406,0.09366353
2021_07_KC_TEN,457,0.19558656,0.19726664
2021_07_KC_TEN,661,3.059543,0.1948047
2021_07_KC_TEN,826,3.3485165,0.27176252
2021_07_KC_TEN,903,-0.5217566,-0.06644318
2021_07_KC_TEN,965,-1.0650303,-0.14869186
2021_07_KC_TEN,1050,0.6326982,-0.059638973
2021_07_KC_TEN,1182,1.919045,0.07232398
2021_07_KC_TEN,1234,-0.43749037,0.12848167
2021_07_KC_TEN,1277,-0.9386991,0.2631756
2021_07_KC_TEN,1333,-3.9017339,0.18203369
2021_07_KC_TEN,1380,-0.6519427,-0.07756986
2021_07_KC_TEN,1479,1.9607532,0.035402235
2021_07_KC_TEN,1503,0.7955587,-0.06663175
2021_07_KC_TEN,1665,1.2629228,0.06518885
2021_07_KC_TEN,1721,-0.42650336,-0.19592479
2021_07_KC_TEN,1801,0.9249032,0.78184164
2021_07_KC_TEN,1850,0.57412183,0.53871095
2021_07_KC_TEN,1874,-0.1315955,0.8352604
2021_07_KC_TEN,2070,0.60058254,-0.26471892
2021_07_KC_TEN,2191,2.4302933,-0.26544148
2021_07_KC_TEN,2215,0.5666728,0.20882468
2021_07_KC_TEN,2271,-0.56939894,-0.17346959
2021_07_KC_TEN,2293,-1.1511837,0.17039311
2021_07_KC_TEN,2391,0.69840366,-1.6240692
2021_07_KC_TEN,2507,1.2299048,0.6608198
2021_07_KC_TEN,2531,0.58598703,0.88885087
2021_07_KC_TEN,2580,1.4454168,0.9692391
2021_07_KC_TEN,2625,-0.5841913,0.8797443
2021_07_KC_TEN,2647,-4.7598753,0.9371162
2021_07_KC_TEN,2732,-0.52310574,-0.3448032
2021_07_KC_TEN,2754,2.1435978,-0.31178868
2021_07_KC_TEN,2778,0.82576495,-0.17906518
2021_07_KC_TEN,2881,-0.63842493,-0.5398075
2021_07_KC_TEN,3068,-0.5317428,-0.03581589
2021_07_KC_TEN,3090,-0.04264651,0.45402625
2021_07_KC_TEN,3114,1.066966,-0.05953829
2021_07_KC_TEN,3138,0.81809294,-0.062088042
2021_07_KC_TEN,3162,0.53146845,-0.5258847
2021_07_KC_TEN,3186,-0.08068105,-0.055271823
2021_07_KC_TEN,3210,-0.7922262,-0.03573429
2021_07_KC_TEN,3258,-0.49640736,-0.060636275
2021_07_KC_TEN,3312,-0.4813933,-0.091913976
2021_07_KC_TEN,3334,-0.76689315,0.20589907
2021_07_KC_TEN,3358,-1.66538,-0.04723475
2021_07_KC_TEN,3380,4.9305787,0.33617958
2021_07_KC_TEN,3421,-0.4302915,0.05550309
2021_07_KC_TEN,3462,-0.515812,0.020968327
2021_07_KC_TEN,3666,0.055329606,0.10012049
2021_07_KC_TEN,3690,0.45703837,0.14512911
2021_07_KC_TEN,3714,-0.38908818,0.027535243
2021_07_KC_TEN,3736,-0.12288992,0.34416336
2021_07_KC_TEN,3760,-0.7492529,-0.1590388
2021_07_KC_TEN,3782,2.1565444,-0.019332735
2021_07_KC_TEN,3806,-0.34672576,-0.1003483
2021_07_KC_TEN,3845,0.25288725,0.21610264
2021_07_KC_TEN,3922,0.38941056,-0.03834653
2021_07_KC_TEN,3996,-0.29917437,0.15087599
2021_07_KC_TEN,4027,0.76595306,-0.08296303
2021_07_KC_TEN,4077,0.6053501,0.19116844
2021_07_KC_TEN,4177,0.2495066,0.1030782
2021_07_KC_TEN,4201,-3.0620308,0.32930264
2021_07_DET_LA,96,1.2237684,0.19750528
2021_07_DET_LA,120,-0.5752441,-0.02303815
2021_07_DET_LA,325,-1.7218584,-0.04795477
2021_07_DET_LA,460,-1.0182513,0.25404027
2021_07_DET_LA,523,1.0487671,0.03945451
2021_07_DET_LA,573,2.1062174,0.41553026
2021_07_DET_LA,652,1.0991507,0.41698247
2021_07_DET_LA,681,-0.5064871,0.551429
2021_07_DET_LA,705,0.0060349093,0.100200966
2021_07_DET_LA,740,-1.6637727,0.28085318
2021_07_DET_LA,825,1.9898638,0.2276786
2021_07_DET_LA,990,-0.954148,0.13633516
2021_07_DET_LA,1094,-0.61470205,0.24146874
2021_07_DET_LA,1116,-0.30076677,0.21236248
2021_07_DET_LA,1194,-0.7991403,0.48948893
2021_07_DET_LA,1239,-0.4460749,0.4878039
2021_07_DET_LA,1305,1.0818683,0.49141207
2021_07_DET_LA,1355,-0.74965465,0.80458045
2021_07_DET_LA,1377,2.9999373,0.33198565
2021_07_DET_LA,1587,-0.5200679,0.18266438
2021_07_DET_LA,1609,2.0867732,0.37295628
2021_07_DET_LA,1693,2.391455,0.6290132
2021_07_DET_LA,1783,0.7055951,0.31940776
2021_07_DET_LA,1848,-0.4711756,0.38155353
2021_07_DET_LA,1870,0.8249866,0.31617987
2021_07_DET_LA,1973,0.69818556,0.16426453
2021_07_DET_LA,1997,0.043955646,0.33694884
2021_07_DET_LA,2021,1.3374994,0.21254781
2021_07_DET_LA,2062,0.48423386,0.5591362
2021_07_DET_LA,2143,-0.19812162,0.39055645
2021_07_DET_LA,2165,-0.086183265,-0.065792754
2021_07_DET_LA,2304,-0.8221156,0.5976559
2021_07_DET_LA,2359,1.5571219,0.17983241
2021_07_DET_LA,2383,0.6975648,0.18309914
2021_07_DET_LA,2412,-0.52128327,0.20312722
2021_07_DET_LA,2494,-0.9116338,0.12068608
2021_07_DET_LA,2679,1.1557201,0.6683705
2021_07_DET_LA,2724,0.37713918,0.4103589
2021_07_DET_LA,2790,1.2731707,0.23166631
2021_07_DET_LA,2931,0.25063443,0.08008063
2021_07_DET_LA,2981,-3.7481563,0.21527132
2021_07_DET_LA,3025,3.2651365,0.5554079
2021_07_DET_LA,3075,-0.77351165,-0.20651871
2021_07_DET_LA,3108,-1.0789769,0.314212
2021_07_DET_LA,3187,0.63046265,0.23681329
2021_07_DET_LA,3246,-0.83520395,0.07838518
2021_07_DET_LA,3268,5.261936,0.4275886
2021_07_DET_LA,3316,-0.4886356,0.46530023
2021_07_DET_LA,3350,-0.7021057,-0.4457377
2021_07_DET_LA,3383,2.20553,0.51842177
2021_07_DET_LA,3407,1.0842865,0.25769916
2021_07_DET_LA,3462,0.16318268,0.49885195
2021_07_DET_LA,3507,1.1181638,0.38040513
2021_07_DET_LA,3553,0.11133777,0.21912181
2021_07_DET_LA,3577,0.089213304,0.41361344
2021_07_DET_LA,3659,-0.4240535,-0.22219455
2021_07_DET_LA,3688,-0.4060368,0.2791746
2021_07_DET_LA,3792,0.34458157,0.21683362
2021_07_DET_LA,3858,-5.4770713,-0.006500305
2021_07_DET_LA,3939,1.3645425,0.28596362
2021_07_DET_LA,4060,-0.9059905,0.424558
2021_07_DET_LA,4180,0.35753646,0.17400207
2021_07_DET_LA,4226,-0.15892552,0.11517612
2021_07_DET_LA,4255,-2.2902977,0.3509332
2021_07_PHI_LV,61,-0.5654878,0.067174464
2021_07_PHI_LV,136,1.9500229,0.67622083
2021_07_PHI_LV,223,2.3419216,0.4870837
2021_07_PHI_LV,319,-0.18627264,0.40306887
2021_07_PHI_LV,462,4.522621,0.41735187
2021_07_PHI_LV,545,0.9854305,0.41345158
2021_07_PHI_LV,569,-4.3413324,0.018640485
2021_07_PHI_LV,617,0.36241487,-0.17464772
2021_07_PHI_LV,728,-0.80073845,-0.006363915
2021_07_PHI_LV,801,-0.46955368,0.14600499
2021_07_PHI_LV,825,1.0225592,0.31799382
2021_07_PHI_LV,868,0.70481795,0.40149045
2021_07_PHI_LV,979,0.22840942,0.116332345
2021_07_PHI_LV,1003,2.1518292,0.14071405
2021_07_PHI_LV,1177,1.7449315,0.023615496
2021_07_PHI_LV,1304,0.8317013,0.14115834
2021_07_PHI_LV,1349,1.1115267,0.019720728
2021_07_PHI_LV,1448,1.0116286,0.41884995
2021_07_PHI_LV,1489,0.14549512,0.29122657
2021_07_PHI_LV,1644,0.5563003,0.504722
2021_07_PHI_LV,1706,0.77310526,0.21914706
2021_07_PHI_LV,1730,-0.17239507,0.4981542
2021_07_PHI_LV,1771,-0.050812177,0.30691612
2021_07_PHI_LV,1795,-0.58769304,0.42668474
2021_07_PHI_LV,1967,2.3585217,0.32373402
2021_07_PHI_LV,1991,0.2392465,0.19609517
2021_07_PHI_LV,2227,-2.4670405,0.06895684
2021_07_PHI_LV,2288,0.70166725,-0.0024713066
2021_07_PHI_LV,2339,1.5428648,0.27814788
2021_07_PHI_LV,2406,0.5753911,-0.0018697738
2021_07_PHI_LV,2482,1.6512734,0.04242947
2021_07_PHI_LV,2570,-0.66682327,0.11255166
2021_07_PHI_LV,2592,-1.3199819,-0.21027344
2021_07_PHI_LV,2614,3.731363,-0.42985034
2021_07_PHI_LV,2890,1.6070778,0.22944212
2021_07_PHI_LV,3074,2.214321,0.14736438
2021_07_PHI_LV,3161,-0.060521923,-0.117168196
2021_07_PHI_LV,3279,-0.59631485,-0.0020143127
2021_07_PHI_LV,3301,1.4085474,0.15564577
2021_07_PHI_LV,3325,1.1996615,-0.12280799
2021_07_PHI_LV,3354,-0.47557124,0.25814348
2021_07_PHI_LV,3376,0.17622621,0.38360286
2021_07_PHI_LV,3421,-0.39167607,0.2007972
2021_07_PHI_LV,3443,-0.098796315,0.40517887
2021_07_PHI_LV,3467,1.1648481,-0.048628274
2021_07_PHI_LV,3491,-0.44288665,0.05821174
2021_07_PHI_LV,3513,-0.7272471,0.0015606938
2021_07_PHI_LV,3535,3.3652453,-0.6069597
2021_07_PHI_LV,3558,1.053,-0.32128224
2021_07_PHI_LV,3719,0.14054556,0.15763392
2021_07_PHI_LV,3760,0.27069464,0.20396702
2021_07_PHI_LV,3784,-0.3943608,0.31529784
2021_07_PHI_LV,3806,0.6700613,-0.042115066
2021_07_PHI_LV,3830,-0.67663723,-0.055878323
2021_07_PHI_LV,3852,0.15223062,-0.19828212
2021_07_PHI_LV,3900,-2.3059487,0.13373876
2021_07_HOU_ARI,85,0.6295844,0.44768927
2021_07_HOU_ARI,199,-0.3039688,0.14522606
2021_07_HOU_ARI,223,-1.064428,0.12310144
2021_07_HOU_ARI,439,1.1460991,0.2546277
2021_07_HOU_ARI,484,1.3735443,0.20351812
2021_07_HOU_ARI,679,1.6167182,0.5281656
2021_07_HOU_ARI,761,-0.45614183,0.19028454
2021_07_HOU_ARI,785,0.021112205,0.045548495
2021_07_HOU_ARI,900,-0.7620504,0.5216058
2021_07_HOU_ARI,922,1.5935811,0.18156399
2021_07_HOU_ARI,967,0.80375284,0.4129239
2021_07_HOU_ARI,1083,-1.3074987,0.37459588
2021_07_HOU_ARI,1105,2.3789499,0.55270016
2021_07_HOU_ARI,1385,1.6892184,0.17172027
2021_07_HOU_ARI,1521,-0.71044445,0.20803589
2021_07_HOU_ARI,1566,4.67487,0.07038848
2021_07_HOU_ARI,1616,1.728806,0.37786272
2021_07_HOU_ARI,1749,-0.5384985,-0.076958515
2021_07_HOU_ARI,1848,1.1422492,0.2656382
2021_07_HOU_ARI,2075,-0.4851824,0.5004043
2021_07_HOU_ARI,2172,-0.6796087,0.057358947
2021_07_HOU_ARI,2215,1.9403589,0.24688709
2021_07_HOU_ARI,2293,-0.47927678,-0.094827
2021_07_HOU_ARI,2317,-0.7907742,0.25675103
2021_07_HOU_ARI,2406,1.4809977,0.2887148
2021_07_HOU_ARI,2451,1.0571134,0.32259294
2021_07_HOU_ARI,2496,1.5569904,0.22826833
2021_07_HOU_ARI,2520,3.768244,0.26737195
2021_07_HOU_ARI,2576,-0.52987075,-0.007945465
2021_07_HOU_ARI,2621,-1.7462114,-0.06701625
2021_07_HOU_ARI,2683,-0.8025563,-0.09328908
2021_07_HOU_ARI,2781,-4.4662166,-0.16229871
2021_07_HOU_ARI,2831,0.2870035,0.31437898
2021_07_HOU_ARI,2969,-1.1381235,-0.17957258
2021_07_HOU_ARI,3037,-0.76345265,0.17951092
2021_07_HOU_ARI,3101,-2.7370343,0.04508964
2021_07_HOU_ARI,3313,-0.4902866,-0.0808235
2021_07_HOU_ARI,3358,-1.2139572,0.23513822
2021_07_HOU_ARI,3585,0.37546244,-0.022823507
2021_07_HOU_ARI,3614,0.5749179,0.12106062
2021_07_HOU_ARI,3626,1.1031864,0.056325134
2021_07_HOU_ARI,3698,-0.69163555,0.24562573
2021_07_HOU_ARI,3720,-0.043411687,-0.20927411
2021_07_HOU_ARI,3744,-1.5629234,-0.098165415
2021_07_HOU_ARI,3766,-2.4718792,-0.1338132
2021_07_CHI_TB,104,-0.48185292,-0.025510492
2021_07_CHI_TB,330,-1.7633637,0.30147874
2021_07_CHI_TB,403,-0.8029507,0.11736362
2021_07_CHI_TB,474,0.15072243,0.28154096
2021_07_CHI_TB,498,-0.8634139,0.3052694
2021_07_CHI_TB,520,-4.309676,0.514396
2021_07_CHI_TB,551,0.08983264,0.34543014
2021_07_CHI_TB,604,1.2099117,0.42589754
2021_07_CHI_TB,628,-0.5559691,0.3112682
2021_07_CHI_TB,671,2.3014836,0.19117358
2021_07_CHI_TB,769,0.15577093,0.041827884
2021_07_CHI_TB,843,0.8336188,0.13078368
2021_07_CHI_TB,909,-0.7570787,-0.26894978
2021_07_CHI_TB,931,2.9029608,-0.16180697
2021_07_CHI_TB,1035,-0.2034505,-0.11476004
2021_07_CHI_TB,1064,-1.5957701,0.17890412
2021_07_CHI_TB,1154,-0.48075798,0.4326316
2021_07_CHI_TB,1176,-0.82682455,0.43745214
2021_07_CHI_TB,1198,-1.4410187,-0.13450551
2021_07_CHI_TB,1266,0.59514606,-0.23833793
2021_07_CHI_TB,1290,-0.23135704,0.07012902
2021_07_CHI_TB,1365,-0.4274014,0.46110055
2021_07_CHI_TB,1387,-0.6250014,0.6652956
2021_07_CHI_TB,1409,-1.151179,0.7914348
2021_07_CHI_TB,1451,1.062564,0.09299547
2021_07_CHI_TB,1559,0.04849964,0.18160348
2021_07_CHI_TB,1625,-0.74476147,-0.041524153
2021_07_CHI_TB,1659,-0.7284199,0.029512381
2021_07_CHI_TB,1757,0.7235865,-0.21548544
2021_07_CHI_TB,1781,3.6479173,-0.24202669
2021_07_CHI_TB,1882,0.6679601,0.08416138
2021_07_CHI_TB,1932,-0.5249003,-0.058708917
2021_07_CHI_TB,2016,-0.3903081,-0.100516595
2021_07_CHI_TB,2038,0.46072558,-0.39249256
2021_07_CHI_TB,2199,-0.25594378,0.6911784
2021_07_CHI_TB,2261,-0.67479,0.7830557
2021_07_CHI_TB,2283,-0.5103341,0.60209227
2021_07_CHI_TB,2305,3.601306,0.57755303
2021_07_CHI_TB,2423,1.0086619,0.7678792
2021_07_CHI_TB,2515,0.5604149,0.6660284
2021_07_CHI_TB,2627,1.6203812,-0.10209771
2021_07_CHI_TB,2656,1.4971374,0.09129816
2021_07_CHI_TB,2741,0.33414266,-0.72250634
2021_07_CHI_TB,2804,-4.793912,0.08325036
2021_07_CHI_TB,2851,1.3949815,0.6508952
2021_07_CHI_TB,3205,-2.0107098,0.11044189
2021_07_CHI_TB,3269,3.418601,0.90355116
2021_07_CHI_TB,3314,-1.0002215,0.5164067
2021_07_CHI_TB,3336,-1.5622193,0.5742199
2021_07_CHI_TB,3413,1.7074449,0.038105953
2021_07_CHI_TB,3458,1.4602045,-0.1330154
2021_07_CHI_TB,3507,-1.3480959,0.13011253
2021_07_CHI_TB,3701,-0.6058657,0.08018465
2021_07_CHI_TB,3725,-1.3015869,-0.37938192
2021_07_CHI_TB,3908,-0.23661673,-0.039747316
2021_07_CHI_TB,3956,0.39396727,-0.24048658
2021_07_CHI_TB,3997,-0.6772607,0.63504773
2021_07_IND_SF,62,1.1581587,0.17748635
2021_07_IND_SF,141,0.8086597,0.16161157
2021_07_IND_SF,371,-0.76271665,-0.6574763
2021_07_IND_SF,397,-1.1469864,-0.2008157
2021_07_IND_SF,477,-0.75772446,0.053456772
2021_07_IND_SF,503,5.488604,0.14938307
2021_07_IND_SF,679,1.8292983,0.8927614
2021_07_IND_SF,754,-2.2320244,0.7922423
2021_07_IND_SF,810,-0.5719497,0.43466616
2021_07_IND_SF,969,-6.1322165,-0.034329243
2021_07_IND_SF,995,-0.5751968,-0.06947339
2021_07_IND_SF,1038,-1.5523448,0.12490953
2021_07_IND_SF,1127,-0.52328545,0.2935448
2021_07_IND_SF,1177,-1.51539,-0.23628394
2021_07_IND_SF,1345,-1.2010962,0.1538427
2021_07_IND_SF,1437,-1.1509157,0.1895837
2021_07_IND_SF,1524,-1.3513976,0.14201587
2021_07_IND_SF,1635,-2.7989845,0.32772595
2021_07_IND_SF,1800,-0.29964793,0.33318546
2021_07_IND_SF,2126,-0.15148388,0.22677976
2021_07_IND_SF,2150,-0.16891536,0.33818564
2021_07_IND_SF,2368,0.6646307,0.2515847
2021_07_IND_SF,2461,2.598359,0.5458054
2021_07_IND_SF,2485,-0.5450068,0.42669424
2021_07_IND_SF,2811,-0.13518554,0.33644706
2021_07_IND_SF,3041,1.9150921,0.17568761
2021_07_IND_SF,3080,1.8397436,0.10387517
2021_07_IND_SF,3108,2.0255406,0.59262526
2021_07_IND_SF,3137,-0.947,0.6174705
2021_07_IND_SF,3226,1.7956568,0.42048463
2021_07_IND_SF,3287,-0.52665895,0.32943726
2021_07_IND_SF,3374,0.6508182,0.28641608
2021_07_IND_SF,3434,-0.48211,0.4922166
2021_07_IND_SF,3520,-0.2537441,0.23965125
2021_07_IND_SF,3548,-4.2141623,-0.017339127
2021_07_IND_SF,3621,0.8511205,0.35682774
2021_07_IND_SF,3692,-0.5182471,0.19970787
2021_07_IND_SF,3714,4.542514,0.34354866
2021_07_IND_SF,3781,0.5333185,0.16658583
2021_07_IND_SF,3805,0.24003492,0.06296355
2021_07_IND_SF,3882,-2.6268587,0.40824035
2021_07_NO_SEA,253,-1.307809,0.24869063
2021_07_NO_SEA,326,6.8681006,0.4354535
2021_07_NO_SEA,450,0.94762486,0.20939775
2021_07_NO_SEA,474,-0.52447945,0.104480036
2021_07_NO_SEA,598,-0.16248196,0.05962853
2021_07_NO_SEA,694,-0.5946133,0.085970275
2021_07_NO_SEA,894,-1.0456204,0.1630866
2021_07_NO_SEA,933,-1.6491697,-0.4822978
2021_07_NO_SEA,1024,-0.4808332,0.20500895
2021_07_NO_SEA,1104,0.32510933,0.49995127
2021_07_NO_SEA,1240,0.6687984,0.4635959
2021_07_NO_SEA,1264,0.31675136,0.29466513
2021_07_NO_SEA,1347,0.6847356,0.20310086
2021_07_NO_SEA,1478,-1.7747269,0.48311332
2021_07_NO_SEA,1562,1.779431,0.2404899
2021_07_NO_SEA,1597,-0.44575575,0.2954438
2021_07_NO_SEA,1619,0.33690608,0.1614331
2021_07_NO_SEA,1701,-0.20888458,0.31320935
2021_07_NO_SEA,1751,-0.61189836,0.13437554
2021_07_NO_SEA,1792,0.43599397,0.30809435
2021_07_NO_SEA,1816,-0.40346667,0.485179
2021_07_NO_SEA,1855,-0.103979394,0.5335237
2021_07_NO_SEA,1900,1.3699363,0.5040466
2021_07_NO_SEA,1924,1.5440419,0.4590869
2021_07_NO_SEA,1953,3.1958497,0.20329396
2021_07_NO_SEA,2214,0.30209002,0.3267007
2021_07_NO_SEA,2243,-1.877552,0.13804208
2021_07_NO_SEA,2293,-0.6249404,-0.2838753
2021_07_NO_SEA,2348,2.6194134,0.39538568
2021_07_NO_SEA,2553,0.78743553,0.14896718
2021_07_NO_SEA,2603,-0.9504771,0.5750487
2021_07_NO_SEA,2625,-1.228482,0.27880844
2021_07_NO_SEA,2835,-5.212582,0.39836755
2021_07_NO_SEA,2934,-1.4359303,0.5831924
2021_07_NO_SEA,3165,-0.9067601,0.4149313
2021_07_NO_SEA,3238,-0.7792021,0.46449584
2021_07_NO_SEA,3260,1.860776,0.31058928
2021_07_NO_SEA,3305,0.8905743,0.37072483
2021_07_NO_SEA,3350,2.3159232,0.26877883
2021_07_NO_SEA,3395,-0.5451852,0.1551588
2021_07_NO_SEA,3484,-0.68217134,0.16094391
2021_07_NO_SEA,3536,-0.42663738,0.36947984
2021_07_NO_SEA,3660,0.6634791,0.3431693
2021_07_NO_SEA,3684,-0.91127247,0.2851896
2021_07_NO_SEA,3735,1.1781187,0.42072985
2021_07_NO_SEA,3787,-0.71584064,-0.15671054
2021_07_NO_SEA,3904,-0.30763128,0.427402
2021_07_NO_SEA,3998,-4.072234,-0.29309392
2021_08_GB_ARI,271,-1.5905334,-0.9551092
2021_08_GB_ARI,334,-0.61491036,0.17773555
2021_08_GB_ARI,368,0.349433,0.10056481
2021_08_GB_ARI,392,-1.6257995,0.3127927
2021_08_GB_ARI,471,-0.39861816,-0.09923163
2021_08_GB_ARI,495,0.038941026,0.29523396
2021_08_GB_ARI,519,3.904329,0.33705658
2021_08_GB_ARI,784,-0.51187354,0.0949476
2021_08_GB_ARI,850,0.9451628,0.033603698
2021_08_GB_ARI,874,-0.46412438,-0.004432192
2021_08_GB_ARI,917,-0.28247648,0.050282225
2021_08_GB_ARI,1133,-0.8131465,0.15718511
2021_08_GB_ARI,1261,1.7334794,0.2796267
2021_08_GB_ARI,1454,-0.39714143,0.673334
2021_08_GB_ARI,1489,-0.97941583,0.4714332
2021_08_GB_ARI,1511,-1.7087948,0.09435525
2021_08_GB_ARI,1651,-0.68766594,0.20411076
2021_08_GB_ARI,1673,-1.2265553,0.34862223
2021_08_GB_ARI,1735,0.92349076,0.28201142
2021_08_GB_ARI,1860,-0.31154725,0.16981345
2021_08_GB_ARI,1903,-0.5064621,0.24011697
2021_08_GB_ARI,1942,-0.17477416,0.18393698
2021_08_GB_ARI,2171,3.3359077,0.005749596
2021_08_GB_ARI,2269,0.8875766,0.2244725
2021_08_GB_ARI,2319,0.58082986,0.43153912
2021_08_GB_ARI,2367,-0.48481914,0.10029969
2021_08_GB_ARI,2389,-0.084409244,0.10904085
2021_08_GB_ARI,2413,-1.7483227,-0.05578787
2021_08_GB_ARI,2435,3.0703182,-0.37228715
2021_08_GB_ARI,2506,0.7985269,0.113838114
2021_08_GB_ARI,2641,-0.67763144,-0.018646259
2021_08_GB_ARI,2755,2.7235806,0.66482455
2021_08_GB_ARI,2897,2.6552515,0.5271162
2021_08_GB_ARI,3052,-0.4947841,0.05095976
2021_08_GB_ARI,3074,-0.8527358,0.32863927
2021_08_GB_ARI,3096,-0.16491225,-0.012099898
2021_08_GB_ARI,3125,2.5684347,-0.13871667
2021_08_GB_ARI,3202,0.6384931,0.44385943
2021_08_GB_ARI,3298,0.64383376,0.17664087
2021_08_GB_ARI,3346,0.674886,0.18301827
2021_08_GB_ARI,3708,-4.5432067,1.2453618
2021_08_GB_ARI,3751,-0.62305135,-0.28886893
2021_08_GB_ARI,3773,1.8403823,0.11736251
2021_08_GB_ARI,3797,0.86497134,0.32698515
2021_08_GB_ARI,3862,0.4524454,0.16609752
2021_08_GB_ARI,3917,2.1391914,0.29495934
2021_08_GB_ARI,4039,-4.106795,0.36829302
2021_08_CAR_ATL,132,-1.2086705,-0.09985377
2021_08_CAR_ATL,230,1.1650254,0.063180596
2021_08_CAR_ATL,422,1.8428184,0.38693005
2021_08_CAR_ATL,467,-0.7526165,0.6729053
2021_08_CAR_ATL,587,-0.2722479,0.25461942
2021_08_CAR_ATL,637,-1.849188,0.08374289
2021_08_CAR_ATL,722,-0.7507354,0.14587788
2021_08_CAR_ATL,744,-0.17749767,0.12649544
2021_08_CAR_ATL,798,0.69892126,0.43014735
2021_08_CAR_ATL,923,0.29250866,0.11708973
2021_08_CAR_ATL,947,1.3961442,0.13994391
2021_08_CAR_ATL,1032,2.445814,0.35601285
2021_08_CAR_ATL,1151,1.5323675,0.5129722
2021_08_CAR_ATL,1307,0.6204248,0.43932903
2021_08_CAR_ATL,1352,-0.6530551,0.19880842
2021_08_CAR_ATL,1456,-0.861424,0.45553935
2021_08_CAR_ATL,1480,1.6449254,0.013056068
2021_08_CAR_ATL,1550,-4.648284,0.4117385
2021_08_CAR_ATL,1602,-0.5675198,0.254894
2021_08_CAR_ATL,1700,-0.55652684,0.35971248
2021_08_CAR_ATL,1722,-1.6638666,-0.030660642
2021_08_CAR_ATL,1879,0.1534084,0.3003064
2021_08_CAR_ATL,1908,0.66282177,0.33146778
2021_08_CAR_ATL,2051,1.1128116,0.70422757
2021_08_CAR_ATL,2096,-0.76076084,0.43658698
2021_08_CAR_ATL,2263,-0.5268917,0.73897463
2021_08_CAR_ATL,2374,1.860638,0.43144226
2021_08_CAR_ATL,2472,-0.7903179,-0.33219773
2021_08_CAR_ATL,2496,-1.4615583,0.43122995
2021_08_CAR_ATL,2573,-0.96881133,-0.07157287
2021_08_CAR_ATL,2602,1.8145704,0.12729721
2021_08_CAR_ATL,2685,1.8728327,0.2579311
2021_08_CAR_ATL,2770,-1.7713426,0.4066291
2021_08_CAR_ATL,2959,1.9193584,0.29018226
2021_08_CAR_ATL,3021,-0.58134544,0.4989344
2021_08_CAR_ATL,3120,-0.257557,-0.2388576
2021_08_CAR_ATL,3218,-0.5197083,-0.030466441
2021_08_CAR_ATL,3424,0.72900194,0.12011259
2021_08_CAR_ATL,3448,0.061850596,-0.07501988
2021_08_CAR_ATL,3472,-0.16909541,0.093390964
2021_08_CAR_ATL,3517,-0.35709804,0.22756068
2021_08_CAR_ATL,3539,1.236701,0.0786973
2021_08_CAR_ATL,3580,-3.0269983,0.2209078
2021_08_CAR_ATL,3745,0.18197308,-0.12308958
2021_08_MIA_BUF,62,-0.47359905,0.12757365
2021_08_MIA_BUF,112,-1.4988456,-0.103576615
2021_08_MIA_BUF,184,-0.74920714,0.019288165
2021_08_MIA_BUF,210,2.9410346,0.28893897
2021_08_MIA_BUF,255,-0.7895901,0.2913178
2021_08_MIA_BUF,277,1.4610343,-0.059815317
2021_08_MIA_BUF,338,0.8045962,0.18473414
2021_08_MIA_BUF,383,-0.69541204,0.4497494
2021_08_MIA_BUF,405,-1.2339435,0.18952155
2021_08_MIA_BUF,535,-0.5406285,0.34620437
2021_08_MIA_BUF,737,-0.90048957,0.42877036
2021_08_MIA_BUF,799,0.979404,0.21725743
2021_08_MIA_BUF,962,0.6542392,0.25157142
2021_08_MIA_BUF,1126,2.5262237,0.4992469
2021_08_MIA_BUF,1251,1.1408334,0.59135693
2021_08_MIA_BUF,1299,-0.7172627,0.554694
2021_08_MIA_BUF,1321,-1.5693656,0.07721488
2021_08_MIA_BUF,1368,-0.5216648,0.19358918
2021_08_MIA_BUF,1435,0.42573068,0.3177041
2021_08_MIA_BUF,1485,-0.4284103,0.26836628
2021_08_MIA_BUF,1582,-0.94480145,0.19027802
2021_08_MIA_BUF,1695,0.7331445,0.44958183
2021_08_MIA_BUF,1724,-0.29536185,0.3902767
2021_08_MIA_BUF,1780,-0.9733567,0.42755812
2021_08_MIA_BUF,1834,0.56050366,0.17198737
2021_08_MIA_BUF,1929,0.16370158,0.3947886
2021_08_MIA_BUF,1970,-0.79931164,0.43230242
2021_08_MIA_BUF,2120,-0.6126432,0.31682587
2021_08_MIA_BUF,2222,-0.8792666,0.17628117
2021_08_MIA_BUF,2248,-1.1476014,0.505907
2021_08_MIA_BUF,2306,-0.8700503,0.10501651
2021_08_MIA_BUF,2330,-0.9340697,-0.021551374
2021_08_MIA_BUF,2352,-1.3525351,0.19601037
2021_08_MIA_BUF,2501,-0.8706231,0.2091876
2021_08_MIA_BUF,2527,3.0960212,0.72729135
2021_08_MIA_BUF,2551,-0.222172,0.03105621
2021_08_MIA_BUF,2616,0.12171808,0.14836806
2021_08_MIA_BUF,2813,1.4541028,-0.060073175
2021_08_MIA_BUF,2908,0.4657867,0.2151813
2021_08_MIA_BUF,2937,-1.6873178,0.046078324
2021_08_MIA_BUF,3067,1.447402,0.49387622
2021_08_MIA_BUF,3234,2.5536404,0.3123147
2021_08_MIA_BUF,3290,2.733757,0.4433408
2021_08_MIA_BUF,3350,-0.5474812,0.12180159
2021_08_MIA_BUF,3372,1.2593296,0.031279646
2021_08_MIA_BUF,3401,-0.5039711,0.2127184
2021_08_MIA_BUF,3496,1.6871139,0.0066924957
2021_08_MIA_BUF,3520,-0.14187351,0.1192291
2021_08_MIA_BUF,3544,-0.7968654,-0.01793755
2021_08_MIA_BUF,3566,-1.679181,0.26424775
2021_08_MIA_BUF,3588,5.799927,0.0056635817
2021_08_MIA_BUF,3700,0.7962089,0.6866845
2021_08_MIA_BUF,3760,1.2461895,-0.04474403
2021_08_MIA_BUF,3808,-0.7903368,0.36637276
2021_08_MIA_BUF,3830,2.6694393,0.08777889
2021_08_MIA_BUF,4284,0.33258644,-0.008393958
2021_08_MIA_BUF,4313,-0.43431225,0.05250644
2021_08_SF_CHI,62,-0.54806995,-0.025827711
2021_08_SF_CHI,84,-0.8178553,-0.18362881
2021_08_SF_CHI,109,2.8514278,-0.2229787
2021_08_SF_CHI,241,-1.0188473,0.14105394
2021_08_SF_CHI,295,1.0450275,0.06287615
2021_08_SF_CHI,398,2.100951,0.3036155
2021_08_SF_CHI,475,0.111189775,-0.031236462
2021_08_SF_CHI,555,9.209143e-05,0.24194936
2021_08_SF_CHI,657,0.79315746,0.06929331
2021_08_SF_CHI,702,-0.78671026,0.33622932
2021_08_SF_CHI,724,-0.47523296,0.086160816
2021_08_SF_CHI,804,-0.5627088,0.50694406
2021_08_SF_CHI,870,1.5759344,0.37679407
2021_08_SF_CHI,894,0.8927238,0.6005984
2021_08_SF_CHI,1038,0.2951753,0.4158449
2021_08_SF_CHI,1083,2.0605955,0.8264236
2021_08_SF_CHI,1176,2.3584542,-0.07943346
2021_08_SF_CHI,1200,1.0107791,0.36690888
2021_08_SF_CHI,1245,-0.8973081,0.16188651
2021_08_SF_CHI,1284,-1.0326368,0.43046486
2021_08_SF_CHI,1383,-0.63637656,0.71879256
2021_08_SF_CHI,1405,1.8206081,0.680467
2021_08_SF_CHI,1471,0.94136333,0.24457191
2021_08_SF_CHI,1716,-0.42389587,0.27534124
2021_08_SF_CHI,1830,-0.15113291,0.014480607
2021_08_SF_CHI,1852,-0.216056,0.1756563
2021_08_SF_CHI,1876,0.4571941,0.2661997
2021_08_SF_CHI,1934,3.1011014,0.32574907
2021_08_SF_CHI,1997,-0.78003144,0.085607916
2021_08_SF_CHI,2077,1.2257137,0.89349335
2021_08_SF_CHI,2143,-0.49605432,0.63967425
2021_08_SF_CHI,2186,3.4362996,0.390863
2021_08_SF_CHI,2231,0.025523653,0.48057142
2021_08_SF_CHI,2312,-0.51062626,0.30175063
2021_08_SF_CHI,2343,-1.3871514,0.4691618
2021_08_SF_CHI,2470,-0.7521164,0.13847278
2021_08_SF_CHI,2757,0.78720856,-0.10710983
2021_08_SF_CHI,2890,-1.119401,0.1738944
2021_08_SF_CHI,2954,0.9602191,0.29217023
2021_08_SF_CHI,3005,1.0421797,0.23530619
2021_08_SF_CHI,3029,0.6651919,0.46465927
2021_08_SF_CHI,3110,1.053,0.1771393
2021_08_SF_CHI,3172,1.0321683,0.042878874
2021_08_SF_CHI,3256,1.4429507,0.042281818
2021_08_SF_CHI,3280,-0.42203134,0.76880276
2021_08_SF_CHI,3323,-0.016931653,0.26409057
2021_08_SF_CHI,3414,1.0897586,0.256421
2021_08_SF_CHI,3480,2.1197429,0.22994126
2021_08_SF_CHI,3651,-0.66379565,0.5664609
2021_08_SF_CHI,3962,-2.3388376,0.27197114
2021_08_PIT_CLE,55,0.24551877,0.08738758
2021_08_PIT_CLE,105,-0.50162303,0.14641523
2021_08_PIT_CLE,148,2.1854887,0.39479193
2021_08_PIT_CLE,193,1.2902416,0.06365496
2021_08_PIT_CLE,217,0.48269027,0.17731877
2021_08_PIT_CLE,262,-0.56460136,0.44163868
2021_08_PIT_CLE,394,1.2881302,0.03709996
2021_08_PIT_CLE,460,-0.5263541,0.031671416
2021_08_PIT_CLE,538,-1.3254391,0.008666522
2021_08_PIT_CLE,712,2.2705023,0.25384706
2021_08_PIT_CLE,736,0.42941058,-0.107107274
2021_08_PIT_CLE,899,1.4692961,0.34989938
2021_08_PIT_CLE,944,1.452867,0.059596088
2021_08_PIT_CLE,1010,-0.46500704,0.40897244
2021_08_PIT_CLE,1119,-0.13613617,0.077184744
2021_08_PIT_CLE,1233,-0.6925926,0.7264859
2021_08_PIT_CLE,1255,-1.2485579,0.5248793
2021_08_PIT_CLE,1313,-0.5277274,0.18924434
2021_08_PIT_CLE,1456,-0.6561914,0.52301717
2021_08_PIT_CLE,1641,-0.29374883,0.15836716
2021_08_PIT_CLE,1665,1.7597936,0.2996392
2021_08_PIT_CLE,1774,-0.46415997,0.40099743
2021_08_PIT_CLE,1955,0.39271447,0.0722716
2021_08_PIT_CLE,2179,-0.8516585,0.36575407
2021_08_PIT_CLE,2201,-1.4714004,0.3067139
2021_08_PIT_CLE,2329,1.3056089,0.47931185
2021_08_PIT_CLE,2353,1.4871058,0.46009463
2021_08_PIT_CLE,2403,0.61436236,0.35293767
2021_08_PIT_CLE,2580,1.8733414,0.44642606
2021_08_PIT_CLE,2630,-0.80357647,0.14959404
2021_08_PIT_CLE,2652,-0.34520254,0.25358757
2021_08_PIT_CLE,2742,2.0310903,0.34188852
2021_08_PIT_CLE,2868,-0.947,0.4745919
2021_08_PIT_CLE,2921,-0.91097015,0.2467166
2021_08_PIT_CLE,2955,0.2860493,0.20875245
2021_08_PIT_CLE,3050,0.88546556,0.12666754
2021_08_PIT_CLE,3100,1.7982818,0.46851093
2021_08_PIT_CLE,3270,1.9953767,0.15307853
2021_08_PIT_CLE,3339,-0.8495546,0.3046958
2021_08_PIT_CLE,3361,-1.8716475,0.10917318
2021_08_PIT_CLE,3400,3.9265196,0.79724985
2021_08_PIT_CLE,3476,1.4065396,0.768099
2021_08_PIT_CLE,3566,0.037196506,0.5155489
2021_08_PIT_CLE,3636,-3.7390053,0.37142307
2021_08_PIT_CLE,3719,-0.25054172,0.53496873
2021_08_PIT_CLE,3847,1.1284596,0.03883282
2021_08_PIT_CLE,3876,-1.0042306,0.34839106
2021_08_PIT_CLE,3948,-0.34699786,0.06946661
2021_08_PIT_CLE,4014,-0.24682161,-0.16570303
2021_08_PIT_CLE,4055,-2.612089,0.10941987
2021_08_PIT_CLE,4249,-1.9451083,0.38510048
2021_08_PHI_DET,62,0.99335164,0.39224237
2021_08_PHI_DET,128,-1.7477757,0.0037192414
2021_08_PHI_DET,169,-0.6409977,0.054721907
2021_08_PHI_DET,212,-1.3675364,-0.12621696
2021_08_PHI_DET,268,0.22675335,-0.02675697
2021_08_PHI_DET,292,0.44772112,0.3037726
2021_08_PHI_DET,548,1.5534261,0.25667456
2021_08_PHI_DET,972,-1.5522792,0.03094282
2021_08_PHI_DET,1049,0.035849314,-0.012665435
2021_08_PHI_DET,1073,1.6667848,0.19126165
2021_08_PHI_DET,1167,-0.5025502,0.24557133
2021_08_PHI_DET,1212,-0.16565335,0.1487637
2021_08_PHI_DET,1372,0.73910517,0.15946448
2021_08_PHI_DET,1491,-0.37624526,0.29036507
2021_08_PHI_DET,1558,1.5104462,0.0007234613
2021_08_PHI_DET,1620,-0.13986993,0.19095367
2021_08_PHI_DET,1661,1.1598207,0.13935177
2021_08_PHI_DET,1765,-0.4386338,-0.19308992
2021_08_PHI_DET,1791,1.4868753,0.07630151
2021_08_PHI_DET,1858,-0.33378518,0.1334646
2021_08_PHI_DET,2033,-0.70851266,-0.009361735
2021_08_PHI_DET,2108,0.8485844,0.33721328
2021_08_PHI_DET,2174,1.27621,0.30238986
2021_08_PHI_DET,2325,2.0210524,0.27892303
2021_08_PHI_DET,2455,-2.314232,-0.22855388
2021_08_PHI_DET,2509,-0.89977074,-0.13357313
2021_08_PHI_DET,2531,2.5583265,0.6558834
2021_08_PHI_DET,2755,-8.662762,-0.12596983
2021_08_PHI_DET,2827,0.121583916,0.058074072
2021_08_PHI_DET,2903,-0.054915015,-0.34307823
2021_08_PHI_DET,2927,-3.1536186,-0.4088421
2021_08_PHI_DET,3157,0.6013745,0.11180253
2021_08_PHI_DET,3181,0.35548103,-0.112368055
2021_08_PHI_DET,3205,0.59198284,0.20244169
2021_08_PHI_DET,3229,1.1556132,0.21530001
2021_08_PHI_DET,3253,-0.418858,0.19612385
2021_08_PHI_DET,3275,-0.17698729,-0.21156286
2021_08_PHI_DET,3299,-1.2991678,-0.3873494
2021_08_PHI_DET,3321,2.7167654,-0.8729863
2021_08_PHI_DET,3350,-0.58199525,0.18335195
2021_08_PHI_DET,3376,-0.8243293,0.3477294
2021_08_PHI_DET,3420,-0.947,0.43213078
2021_08_LA_HOU,76,0.77238643,0.19493724
2021_08_LA_HOU,142,1.5120132,0.14354333
2021_08_LA_HOU,166,-0.5792149,0.26503357
2021_08_LA_HOU,188,0.5834499,0.21387257
2021_08_LA_HOU,212,1.6360667,0.40448725
2021_08_LA_HOU,236,1.2215033,0.20199506
2021_08_LA_HOU,292,1.211512,-0.1347521
2021_08_LA_HOU,391,0.91115487,0.30016848
2021_08_LA_HOU,597,-0.06328598,-0.14091386
2021_08_LA_HOU,626,1.4208708,0.15391602
2021_08_LA_HOU,740,-0.7633886,-0.09405266
2021_08_LA_HOU,762,0.25039726,0.48280862
2021_08_LA_HOU,786,-4.2887826,0.17107931
2021_08_LA_HOU,930,-0.22298217,0.097040854
2021_08_LA_HOU,965,-0.5174242,0.013340435
2021_08_LA_HOU,986,2.4216166,0.21604493
2021_08_LA_HOU,1032,1.230489,0.40136474
2021_08_LA_HOU,1122,-0.7379666,0.50448626
2021_08_LA_HOU,1156,-1.1849533,0.5778671
2021_08_LA_HOU,1233,-0.7399169,0.08928373
2021_08_LA_HOU,1267,-5.222012,0.49822798
2021_08_LA_HOU,1399,0.76197404,0.45260444
2021_08_LA_HOU,1455,1.693654,0.26937607
2021_08_LA_HOU,1513,-1.2524303,-0.12603551
2021_08_LA_HOU,1760,-0.27525684,0.15858035
2021_08_LA_HOU,1842,-0.25881892,-0.029423594
2021_08_LA_HOU,1864,0.71713203,0.23542672
2021_08_LA_HOU,1976,1.5001847,0.37178573
2021_08_LA_HOU,2077,-0.6986681,0.0040181796
2021_08_LA_HOU,2206,-0.81182,1.5260637
2021_08_LA_HOU,2240,-1.4297726,0.89682907
2021_08_LA_HOU,2309,-0.026048668,0.10312544
2021_08_LA_HOU,2438,4.570003,0.8700723
2021_08_LA_HOU,2483,2.2616963,0.24002464
2021_08_LA_HOU,2596,-1.1097308,-0.101187535
2021_08_LA_HOU,2693,1.3507426,0.68756425
2021_08_LA_HOU,2743,0.18733357,0.466603
2021_08_LA_HOU,2931,-0.85054135,0.28475076
2021_08_LA_HOU,2955,-1.4189498,-0.1864108
2021_08_LA_HOU,3102,0.29844764,0.23770289
2021_08_LA_HOU,3126,0.5324609,-0.117054954
2021_08_LA_HOU,3214,0.65096253,0.25623646
2021_08_LA_HOU,3259,0.5233566,-0.07999222
2021_08_LA_HOU,3288,1.1827843,0.21968046
2021_08_LA_HOU,3393,-0.6446649,0.23063505
2021_08_LA_HOU,3467,0.3718267,0.36467135
2021_08_LA_HOU,3512,0.34632418,0.22912022
2021_08_LA_HOU,3536,4.0338244,0.15302032
2021_08_LA_HOU,3593,1.5845582,0.122303985
2021_08_LA_HOU,3617,0.6844219,0.53689164
2021_08_LA_HOU,3686,-0.58031225,-0.010764822
2021_08_LA_HOU,3708,2.490106,0.31410313
2021_08_LA_HOU,3972,0.2908562,0.33633155
2021_08_LA_HOU,3996,0.38496566,0.6799368
2021_08_LA_HOU,4020,-0.27163795,-0.028535126
2021_08_LA_HOU,4042,-0.35383102,0.061944462
2021_08_LA_HOU,4066,0.44329667,0.1835365
2021_08_LA_HOU,4090,1.269756,0.55155003
2021_08_LA_HOU,4114,-2.1081936,0.17243491
2021_08_TEN_IND,62,2.3338974,0.107633986
2021_08_TEN_IND,86,0.05053834,0.08486374
2021_08_TEN_IND,131,-1.9406055,0.2556788
2021_08_TEN_IND,153,3.2348075,-0.13316266
2021_08_TEN_IND,225,-0.46809924,-0.27918133
2021_08_TEN_IND,335,-2.01031,0.071991466
2021_08_TEN_IND,357,3.6624131,0.6653091
2021_08_TEN_IND,434,-6.355847,0.6578942
2021_08_TEN_IND,460,1.2433689,0.32729703
2021_08_TEN_IND,584,-1.4314445,0.084275335
2021_08_TEN_IND,673,1.0747225,0.19643113
2021_08_TEN_IND,697,-0.50053126,0.28711048
2021_08_TEN_IND,719,0.010436792,0.3505554
2021_08_TEN_IND,743,-1.9636585,0.28793943
2021_08_TEN_IND,765,-2.6264043,0.26517007
2021_08_TEN_IND,808,0.91851,0.12697157
2021_08_TEN_IND,862,-0.2453324,-0.05992067
2021_08_TEN_IND,907,1.5232508,0.20862101
2021_08_TEN_IND,950,0.63050145,0.23335214
2021_08_TEN_IND,1066,2.4141786,0.3086139
2021_08_TEN_IND,1182,0.08383749,-0.17424437
2021_08_TEN_IND,1207,0.07400009,0.28137612
2021_08_TEN_IND,1333,1.0292983,0.30665356
2021_08_TEN_IND,1394,0.6318466,0.24366893
2021_08_TEN_IND,1479,1.5042409,0.3129598
2021_08_TEN_IND,1524,4.7566485,0.7326758
2021_08_TEN_IND,1641,0.83413017,0.24093968
2021_08_TEN_IND,1727,-0.42173192,0.45970345
2021_08_TEN_IND,1749,1.5410208,0.5948182
2021_08_TEN_IND,1806,0.22458528,0.015980482
2021_08_TEN_IND,1847,0.48310924,0.27964762
2021_08_TEN_IND,1876,-0.3224747,0.33398637
2021_08_TEN_IND,2110,1.709617,0.13989915
2021_08_TEN_IND,2199,-1.9959501,0.0780873
2021_08_TEN_IND,2268,-0.6692809,0.5174314
2021_08_TEN_IND,2290,1.8800675,0.51072544
2021_08_TEN_IND,2319,0.53731996,0.26804873
2021_08_TEN_IND,2369,0.09027692,0.116550565
2021_08_TEN_IND,2393,2.4672391,0.5771913
2021_08_TEN_IND,2518,-0.8753914,0.38145778
2021_08_TEN_IND,2540,-1.6565138,0.5572011
2021_08_TEN_IND,2622,-0.60771126,0.20918027
2021_08_TEN_IND,2665,-0.2560366,0.04017833
2021_08_TEN_IND,2799,0.13907094,-0.02760686
2021_08_TEN_IND,3069,-0.5218571,0.19325125
2021_08_TEN_IND,3091,1.2599438,0.14208801
2021_08_TEN_IND,3203,0.8561263,0.3318407
2021_08_TEN_IND,3261,-0.57871014,0.22647855
2021_08_TEN_IND,3283,-0.7673163,0.43571162
2021_08_TEN_IND,3305,2.0537212,0.42117465
2021_08_TEN_IND,3370,0.82373,0.13591576
2021_08_TEN_IND,3445,-0.50766903,0.27755967
2021_08_TEN_IND,3470,-0.8297034,0.14236115
2021_08_TEN_IND,3617,-0.86815464,0.33442804
2021_08_TEN_IND,3639,-1.2628193,0.15236452
2021_08_TEN_IND,3691,0.74986124,0.12905918
2021_08_TEN_IND,3762,-0.6580948,-0.04479502
2021_08_TEN_IND,3784,-0.115974516,0.5065639
2021_08_TEN_IND,4052,0.13341077,0.406288
2021_08_TEN_IND,4109,-0.3467555,0.3024848
2021_08_TEN_IND,4166,2.3763995,-0.028955132
2021_08_TEN_IND,4207,-0.28365335,0.18795583
2021_08_TEN_IND,4456,-0.7400131,-0.05009596
2021_08_TEN_IND,4478,-1.2958649,0.46663484
2021_08_TEN_IND,4518,-0.53229547,0.27755967
2021_08_TEN_IND,4561,0.2578977,0.21860081
2021_08_TEN_IND,4603,-0.60486645,0.4342051
2021_08_TEN_IND,4625,0.25850436,0.48738146
2021_08_TEN_IND,4670,-4.9751863,0.5852729
2021_08_TEN_IND,4728,-0.5803896,-0.11380553
2021_08_TEN_IND,4750,0.83773094,-0.087111875
2021_08_CIN_NYJ,79,0.16467147,-1.0461783
2021_08_CIN_NYJ,114,0.60198027,0.19308437
2021_08_CIN_NYJ,138,0.2480827,0.2344969
2021_08_CIN_NYJ,162,0.21310994,-0.30446512
2021_08_CIN_NYJ,257,1.3348986,0.19888343
2021_08_CIN_NYJ,399,-0.58539283,0.31314403
2021_08_CIN_NYJ,421,0.0027156216,0.06126463
2021_08_CIN_NYJ,445,-0.8013268,0.27977934
2021_08_CIN_NYJ,488,-0.41365102,0.22001009
2021_08_CIN_NYJ,554,0.011265862,0.100093745
2021_08_CIN_NYJ,595,0.589228,0.2628188
2021_08_CIN_NYJ,720,-1.7936568,-0.091859035
2021_08_CIN_NYJ,787,-5.5359263,0.43025163
2021_08_CIN_NYJ,842,2.0320256,0.0391419
2021_08_CIN_NYJ,899,-0.2537817,0.46032313
2021_08_CIN_NYJ,1013,-0.54789436,0.3413661
2021_08_CIN_NYJ,1101,0.23195435,0.5595386
2021_08_CIN_NYJ,1146,-1.8839768,0.0655454
2021_08_CIN_NYJ,1311,-0.47784847,0.2879026
2021_08_CIN_NYJ,1354,-0.6973155,0.37991104
2021_08_CIN_NYJ,1397,0.7140234,0.15128346
2021_08_CIN_NYJ,1470,0.94315445,0.35326993
2021_08_CIN_NYJ,1531,-0.23700556,0.27958634
2021_08_CIN_NYJ,1555,3.2031698,0.4031098
2021_08_CIN_NYJ,1579,-0.38835117,0.09046134
2021_08_CIN_NYJ,1601,1.2515748,0.18298858
2021_08_CIN_NYJ,1686,-2.4915335,0.5951914
2021_08_CIN_NYJ,1758,-0.51018906,0.25838074
2021_08_CIN_NYJ,1820,-0.8889888,0.29280975
2021_08_CIN_NYJ,1842,-1.7034587,0.24413224
2021_08_CIN_NYJ,1905,0.45761946,0.40313947
2021_08_CIN_NYJ,1929,0.6637418,0.4486625
2021_08_CIN_NYJ,2003,0.55941343,0.6626019
2021_08_CIN_NYJ,2044,-0.35949472,0.37628627
2021_08_CIN_NYJ,2069,-0.61454326,0.13037774
2021_08_CIN_NYJ,2169,3.5298338,-0.026262484
2021_08_CIN_NYJ,2323,0.67557937,-0.05127208
2021_08_CIN_NYJ,2347,1.8599901,0.12660034
2021_08_CIN_NYJ,2397,0.19053344,0.06036254
2021_08_CIN_NYJ,2425,-1.6772035,0.2540244
2021_08_CIN_NYJ,2487,1.4522185,0.29407468
2021_08_CIN_NYJ,2551,2.5435135,0.11113974
2021_08_CIN_NYJ,2575,0.86791855,0.49052343
2021_08_CIN_NYJ,2733,0.2921969,0.19480382
2021_08_CIN_NYJ,2762,-2.081227,0.2698735
2021_08_CIN_NYJ,2865,3.694079,0.5646757
2021_08_CIN_NYJ,2889,1.6562333,0.2257518
2021_08_CIN_NYJ,2970,0.87290096,0.31300572
2021_08_CIN_NYJ,3015,0.75477684,0.38225445
2021_08_CIN_NYJ,3039,1.6155704,0.15207016
2021_08_CIN_NYJ,3220,-0.71025765,0.15395497
2021_08_CIN_NYJ,3242,1.7957433,0.42372778
2021_08_CIN_NYJ,3332,-0.5114357,0.4376747
2021_08_CIN_NYJ,3354,0.10107294,0.543626
2021_08_CIN_NYJ,3378,2.1135645,0.51002693
2021_08_CIN_NYJ,3423,-0.7217847,0.6369236
2021_08_CIN_NYJ,3445,3.1000981,0.26669785
2021_08_CIN_NYJ,3508,0.74547845,0.10258681
2021_08_CIN_NYJ,3532,-0.46673998,0.081606686
2021_08_CIN_NYJ,3554,1.9546176,0.02936097
2021_08_CIN_NYJ,3611,0.70547974,0.023462338
2021_08_CIN_NYJ,3635,0.2586701,0.34654078
2021_08_CIN_NYJ,3659,1.0596809,0.027455673
2021_08_CIN_NYJ,3735,2.8816123,0.2670953
2021_08_CIN_NYJ,3793,-0.947,0.13200092
2021_08_CIN_NYJ,3869,2.6026883,0.48114166
2021_08_CIN_NYJ,3948,1.3078283,0.40115276
2021_08_CIN_NYJ,4007,-0.5809375,0.21448204
2021_08_CIN_NYJ,4133,-0.48981836,0.33352584
2021_08_NE_LAC,54,0.710642,0.047513332
2021_08_NE_LAC,99,2.5480895,0.4576221
2021_08_NE_LAC,128,-0.45821524,0.29199025
2021_08_NE_LAC,171,-0.12522356,0.28225994
2021_08_NE_LAC,290,-0.7441026,0.049228434
2021_08_NE_LAC,312,2.2104914,0.18428206
2021_08_NE_LAC,341,3.077614,0.2588387
2021_08_NE_LAC,393,-0.7561661,0.15935604
2021_08_NE_LAC,485,0.037586715,0.060977224
2021_08_NE_LAC,619,2.1393933,0.13452344
2021_08_NE_LAC,648,-0.5960546,0.6188988
2021_08_NE_LAC,740,-0.06939287,0.098168224
2021_08_NE_LAC,790,-0.53822666,0.33566162
2021_08_NE_LAC,894,-0.6086745,0.2965711
2021_08_NE_LAC,979,2.4342277,-0.28371328
2021_08_NE_LAC,1035,0.7006798,0.065023124
2021_08_NE_LAC,1156,2.2083213,0.84329236
2021_08_NE_LAC,1180,-0.38698408,0.11857911
2021_08_NE_LAC,1223,-1.2393302,0.6953837
2021_08_NE_LAC,1273,-4.3299546,0.6934795
2021_08_NE_LAC,1332,-0.31986845,0.14527528
2021_08_NE_LAC,1356,-1.159713,-0.3669826
2021_08_NE_LAC,1403,-0.45745343,0.16284963
2021_08_NE_LAC,1425,0.19184035,0.23467764
2021_08_NE_LAC,1533,-0.9521388,0.025309792
2021_08_NE_LAC,1555,-1.3746991,0.58645034
2021_08_NE_LAC,1651,-1.1920865,0.24434124
2021_08_NE_LAC,1748,-0.4685695,0.5955513
2021_08_NE_LAC,1770,-1.150347,0.5302523
2021_08_NE_LAC,1810,0.5288479,0.5187749
2021_08_NE_LAC,1860,-0.40484765,0.34599277
2021_08_NE_LAC,1882,-4.1692424,0.2669001
2021_08_NE_LAC,1908,0.35926104,0.6533442
2021_08_NE_LAC,1932,-0.15178281,0.5208144
2021_08_NE_LAC,1954,-0.32097465,0.19328888
2021_08_NE_LAC,1976,-0.5240862,0.097815886
2021_08_NE_LAC,2166,-0.09627922,0.16194107
2021_08_NE_LAC,2211,1.0562757,0.23544975
2021_08_NE_LAC,2292,-1.0214263,0.7728825
2021_08_NE_LAC,2314,-3.2035086,0.16153377
2021_08_NE_LAC,2354,0.68486536,0.081390895
2021_08_NE_LAC,2404,-0.8331752,0.4181532
2021_08_NE_LAC,2426,-1.5409847,-0.23710231
2021_08_NE_LAC,2549,2.4146311,0.3155984
2021_08_NE_LAC,2668,-0.6561698,0.19135989
2021_08_NE_LAC,2711,-1.1579236,0.57711476
2021_08_NE_LAC,2794,0.64366496,0.11393776
2021_08_NE_LAC,2866,-1.7066936,0.033072945
2021_08_NE_LAC,2922,-0.5838212,0.2447403
2021_08_NE_LAC,2965,0.66568995,0.42160314
2021_08_NE_LAC,3185,2.211396,0.12980218
2021_08_NE_LAC,3230,-0.7582997,0.45752493
2021_08_NE_LAC,3252,-7.0234747,0.1403891
2021_08_NE_LAC,3279,1.053,0.18161695
2021_08_NE_LAC,3332,-0.5808509,0.085852824
2021_08_NE_LAC,3386,0.8231088,0.1123562
2021_08_NE_LAC,3671,1.5008612,0.508575
2021_08_NE_LAC,3683,-0.043631963,0.18582039
2021_08_NE_LAC,3758,1.3093344,0.44144166
2021_08_NE_LAC,3802,0.25761402,-0.032741413
2021_08_NE_LAC,3831,0.88315445,0.567118
2021_08_NE_LAC,3896,0.52391,0.18212442
2021_08_NE_LAC,3919,1.2762089,-0.11062885
2021_08_NE_LAC,3960,-0.497759,0.11194737
2021_08_NE_LAC,3989,0.8057364,0.13636567
2021_08_NE_LAC,4019,0.7262019,0.057292614
2021_08_NE_LAC,4065,4.6474214,0.04673876
2021_08_JAX_SEA,75,0.6230145,0.069508515
2021_08_JAX_SEA,141,-0.7142254,0.059222937
2021_08_JAX_SEA,165,1.6120995,0.23442718
2021_08_JAX_SEA,189,-0.59408027,-0.103848904
2021_08_JAX_SEA,268,1.0860147,0.2748779
2021_08_JAX_SEA,414,2.3963745,0.4368102
2021_08_JAX_SEA,623,-1.4848881,-0.06328851
2021_08_JAX_SEA,705,-0.66854876,-0.1874727
2021_08_JAX_SEA,734,-0.8124567,0.31035236
2021_08_JAX_SEA,855,0.5203834,-0.099816546
2021_08_JAX_SEA,903,-3.7695303,0.6020705
2021_08_JAX_SEA,934,0.55440706,0.42186663
2021_08_JAX_SEA,1034,-0.21011,0.48341802
2021_08_JAX_SEA,1058,1.6031003,0.48589575
2021_08_JAX_SEA,1144,2.245156,0.24408838
2021_08_JAX_SEA,1242,1.4390965,0.6011494
2021_08_JAX_SEA,1316,-0.43549687,0.10735356
2021_08_JAX_SEA,1359,-1.7326113,0.27363673
2021_08_JAX_SEA,1381,-2.350739,-0.5723566
2021_08_JAX_SEA,1439,-0.020757753,0.15236594
2021_08_JAX_SEA,1463,2.9208624,0.5160535
2021_08_JAX_SEA,1492,0.1026357,0.06827089
2021_08_JAX_SEA,1609,0.14663169,-0.03741753
2021_08_JAX_SEA,1808,0.23400125,-0.042981178
2021_08_JAX_SEA,1944,-0.57769156,0.63898045
2021_08_JAX_SEA,2031,-0.5103479,0.15858506
2021_08_JAX_SEA,2095,-2.6402435,-0.004454721
2021_08_JAX_SEA,2138,0.96867937,0.13424735
2021_08_JAX_SEA,2193,0.46967426,0.20046455
2021_08_JAX_SEA,2266,-0.4293116,0.48181108
2021_08_JAX_SEA,2288,1.4848832,0.20955771
2021_08_JAX_SEA,2362,-0.5855124,-0.7716521
2021_08_JAX_SEA,2688,0.8329321,-0.17165965
2021_08_JAX_SEA,2734,0.7818438,-0.0035384446
2021_08_JAX_SEA,2847,-1.591382,0.3981609
2021_08_JAX_SEA,2869,-2.3107448,-0.06283973
2021_08_JAX_SEA,2891,-0.5268764,0.19396064
2021_08_JAX_SEA,2953,-0.17952476,0.31812978
2021_08_JAX_SEA,2977,-1.0940565,0.6010231
2021_08_JAX_SEA,3020,0.37140083,0.0072559975
2021_08_JAX_SEA,3044,0.39500642,0.23861864
2021_08_JAX_SEA,3068,-0.5467469,-0.017100232
2021_08_JAX_SEA,3090,-0.30022156,-0.04675676
2021_08_JAX_SEA,3176,0.25957802,0.13826132
2021_08_JAX_SEA,3276,-0.896142,-0.16885246
2021_08_JAX_SEA,3473,-0.4354198,0.031633668
2021_08_JAX_SEA,3516,1.6230011,-0.09328854
2021_08_JAX_SEA,3540,0.59537494,0.20711967
2021_08_JAX_SEA,3564,0.19201244,-0.20671196
2021_08_JAX_SEA,3588,-0.41495606,-0.11058601
2021_08_JAX_SEA,3610,1.3156137,-0.046319306
2021_08_JAX_SEA,3634,-0.40651295,-0.06658487
2021_08_JAX_SEA,3668,0.33981022,0.18822576
2021_08_JAX_SEA,3692,0.8699093,-0.04027315
2021_08_JAX_SEA,3716,0.10731873,-0.11443621
2021_08_JAX_SEA,3762,-0.685957,0.14511114
2021_08_JAX_SEA,3828,4.300465,-0.25805056
2021_08_JAX_SEA,3905,0.20533903,0.14846005
2021_08_JAX_SEA,3945,0.19887865,-0.06240537
2021_08_JAX_SEA,3991,0.2224957,0.14610738
2021_08_JAX_SEA,4020,-0.1640624,0.19033924
2021_08_JAX_SEA,4066,-0.26151338,0.12102402
2021_08_JAX_SEA,4094,-0.4552896,0.068244986
2021_08_JAX_SEA,4140,-1.4038429,-0.12285647
2021_08_WAS_DEN,99,2.64758,-0.026264537
2021_08_WAS_DEN,228,-3.9032495,1.2034606
2021_08_WAS_DEN,252,-0.5070765,0.12409642
2021_08_WAS_DEN,362,-0.8193821,0.42728674
2021_08_WAS_DEN,398,2.7611015,0.2052931
2021_08_WAS_DEN,530,-0.74883693,-0.18286665
2021_08_WAS_DEN,577,-0.59509933,0.5763821
2021_08_WAS_DEN,653,1.7219027,0.23204811
2021_08_WAS_DEN,719,0.90746605,0.107930906
2021_08_WAS_DEN,783,0.9189351,0.24858132
2021_08_WAS_DEN,894,-0.8138359,0.19179374
2021_08_WAS_DEN,957,0.4794217,-0.027395045
2021_08_WAS_DEN,986,1.972694,0.5004723
2021_08_WAS_DEN,1111,1.1651604,0.099724285
2021_08_WAS_DEN,1140,-0.14887679,0.258863
2021_08_WAS_DEN,1227,0.71283233,0.41966975
2021_08_WAS_DEN,1261,-0.38918188,0.35825098
2021_08_WAS_DEN,1372,0.76715845,0.06408636
2021_08_WAS_DEN,1459,1.1332767,0.6275206
2021_08_WAS_DEN,1500,1.2894882,0.336288
2021_08_WAS_DEN,1524,2.3707535,0.30891478
2021_08_WAS_DEN,1580,-0.47174403,0.14910944
2021_08_WAS_DEN,1604,0.7821529,0.4646015
2021_08_WAS_DEN,1645,0.9909051,0.36138427
2021_08_WAS_DEN,1674,0.51407856,0.29618916
2021_08_WAS_DEN,1703,-0.46948916,0.2084327
2021_08_WAS_DEN,1789,-0.33180398,-0.0005281869
2021_08_WAS_DEN,1883,0.42791745,0.7188701
2021_08_WAS_DEN,1970,-1.2753067,0.56654394
2021_08_WAS_DEN,2082,0.2576596,0.15926433
2021_08_WAS_DEN,2150,-0.20156066,0.40521583
2021_08_WAS_DEN,2325,-0.13337433,0.5115587
2021_08_WAS_DEN,2370,2.2489352,0.40240076
2021_08_WAS_DEN,2565,2.5321202,0.10710802
2021_08_WAS_DEN,2626,-0.8036514,0.028694652
2021_08_WAS_DEN,2650,2.0251477,0.09139603
2021_08_WAS_DEN,2729,-0.8137527,0.23194678
2021_08_WAS_DEN,2751,-1.1614693,-0.2040619
2021_08_WAS_DEN,2881,-1.2320342,0.46230376
2021_08_WAS_DEN,2927,0.74004537,0.28817496
2021_08_WAS_DEN,2974,-0.0067247115,0.0019245155
2021_08_WAS_DEN,3017,2.2894304,0.23530966
2021_08_WAS_DEN,3083,0.34635296,0.67555034
2021_08_WAS_DEN,3112,1.1690435,-0.027016023
2021_08_WAS_DEN,3167,-0.023318999,0.32297397
2021_08_WAS_DEN,3208,-0.7136936,0.12331062
2021_08_WAS_DEN,3230,2.2604797,0.20406803
2021_08_WAS_DEN,3280,-0.49876866,0.3611975
2021_08_WAS_DEN,3308,1.7036589,0.6574855
2021_08_WAS_DEN,3332,-0.07372302,0.089902475
2021_08_WAS_DEN,3443,-2.696742,-0.105005294
2021_08_WAS_DEN,3532,-0.13395268,0.15599588
2021_08_WAS_DEN,3597,-0.26609048,0.021532817
2021_08_WAS_DEN,3727,-1.8203189,0.13916466
2021_08_TB_NO,75,0.6683439,0.11559969
2021_08_TB_NO,153,0.23002249,0.36499012
2021_08_TB_NO,182,-0.8847951,0.34971297
2021_08_TB_NO,286,-0.41064712,0.02585639
2021_08_TB_NO,310,-0.7116985,0.22962202
2021_08_TB_NO,408,3.0645938,1.0051179
2021_08_TB_NO,500,-0.7586546,0.5559027
2021_08_TB_NO,522,2.967074,0.70651484
2021_08_TB_NO,588,-0.6076029,0.09507435
2021_08_TB_NO,789,-0.4725966,0.37317944
2021_08_TB_NO,834,2.9291549,0.6016108
2021_08_TB_NO,1039,1.4570336,0.41369265
2021_08_TB_NO,1063,-0.5742731,0.26502874
2021_08_TB_NO,1089,-0.43347383,0.010799079
2021_08_TB_NO,1113,-1.958564,0.38818341
2021_08_TB_NO,1220,-0.55131376,0.3328812
2021_08_TB_NO,1248,-0.4095333,0.2082305
2021_08_TB_NO,1293,-1.4583114,0.40248314
2021_08_TB_NO,1372,1.7861229,0.35955796
2021_08_TB_NO,1426,-0.80418754,0.2951651
2021_08_TB_NO,1448,3.6178234,0.5787596
2021_08_TB_NO,1477,-0.11684106,0.5774873
2021_08_TB_NO,1591,1.5412774,0.16029173
2021_08_TB_NO,1615,0.7773393,-0.0025817729
2021_08_TB_NO,1643,-0.4602385,0.20147471
2021_08_TB_NO,1669,1.1994926,0.24629593
2021_08_TB_NO,1833,-0.98124564,0.4024012
2021_08_TB_NO,1955,-5.776142,0.14318164
2021_08_TB_NO,2002,0.94375485,0.28847337
2021_08_TB_NO,2098,1.3158685,0.34714195
2021_08_TB_NO,2222,2.423131,0.5456514
2021_08_TB_NO,2318,3.0101619,1.2284228
2021_08_TB_NO,2367,-0.4696931,0.4527206
2021_08_TB_NO,2527,-0.63549614,0.2743773
2021_08_TB_NO,2554,0.83086574,0.282048
2021_08_TB_NO,2603,0.34056446,0.23675029
2021_08_TB_NO,2632,3.06526,0.36286652
2021_08_TB_NO,2664,-0.48096937,0.56033987
2021_08_TB_NO,2717,-0.21426655,0.31470507
2021_08_TB_NO,2807,2.5226417,-0.084293514
2021_08_TB_NO,3019,1.2591234,0.16365486
2021_08_TB_NO,3098,0.07803262,0.42004913
2021_08_TB_NO,3123,4.5971575,0.33295703
2021_08_TB_NO,3198,-0.6595827,0.32070395
2021_08_TB_NO,3246,-1.5442245,-0.28431314
2021_08_TB_NO,3429,0.004669239,0.30894294
2021_08_TB_NO,3629,0.9088627,0.41842654
2021_08_TB_NO,3660,-0.4572747,0.14254257
2021_08_TB_NO,3713,-1.3028791,0.58548254
2021_08_TB_NO,3777,-0.51980495,0.4739777
2021_08_TB_NO,3801,1.3107077,0.06156143
2021_08_TB_NO,3854,0.9772197,0.50786245
2021_08_TB_NO,3882,4.217683,0.29029208
2021_08_TB_NO,3967,0.16261558,0.5999721
2021_08_TB_NO,3991,1.2757128,0.23643921
2021_08_TB_NO,4178,1.4885229,0.46295378
2021_08_TB_NO,4228,-0.57710385,0.19767666
2021_08_TB_NO,4251,-0.7453589,-0.097555146
2021_08_TB_NO,4273,-0.760855,0.56384856
2021_08_TB_NO,4342,-0.29322043,0.5440228
2021_08_TB_NO,4364,-7.8685846,0.6602364
2021_08_TB_NO,4465,0.05621409,0.10955979
2021_08_TB_NO,4489,-0.2461353,0.1587733
2021_08_DAL_MIN,97,2.5083022,0.017004829
2021_08_DAL_MIN,238,2.7030008,0.15046038
2021_08_DAL_MIN,315,0.21339898,-0.07679057
2021_08_DAL_MIN,465,1.9035659,0.58464974
2021_08_DAL_MIN,516,-0.48629817,0.1184578
2021_08_DAL_MIN,538,0.24478775,0.39014187
2021_08_DAL_MIN,646,-1.0655528,0.21788831
2021_08_DAL_MIN,685,-1.686975,-0.018344613
2021_08_DAL_MIN,788,1.1916624,0.6055032
2021_08_DAL_MIN,939,-5.001436,0.37776834
2021_08_DAL_MIN,1021,-0.3718105,0.08152378
2021_08_DAL_MIN,1045,-1.6405778,0.33811638
2021_08_DAL_MIN,1113,2.47294,0.26478842
2021_08_DAL_MIN,1228,0.03046297,0.28032222
2021_08_DAL_MIN,1253,1.2942448,0.26266342
2021_08_DAL_MIN,1298,-0.6160054,0.066845156
2021_08_DAL_MIN,1320,-1.1837163,0.36328152
2021_08_DAL_MIN,1418,-1.3178958,0.40456045
2021_08_DAL_MIN,1469,0.23889457,0.19391266
2021_08_DAL_MIN,1535,4.0816793,0.61578435
2021_08_DAL_MIN,1602,-0.9367049,0.10301739
2021_08_DAL_MIN,1695,-0.24853267,0.40492773
2021_08_DAL_MIN,1719,0.5266072,0.38527858
2021_08_DAL_MIN,1743,-0.25990763,0.31614086
2021_08_DAL_MIN,1809,-0.44570228,0.5338707
2021_08_DAL_MIN,1831,-0.7436786,0.26785472
2021_08_DAL_MIN,1901,0.13693278,0.50335014
2021_08_DAL_MIN,1952,-0.14838572,0.28311518
2021_08_DAL_MIN,2050,-0.77493167,0.15232703
2021_08_DAL_MIN,2072,7.2842045,0.43231013
2021_08_DAL_MIN,2352,-0.7572253,0.5515464
2021_08_DAL_MIN,2423,1.0602108,0.45419016
2021_08_DAL_MIN,2473,1.0057461,0.01274097
2021_08_DAL_MIN,2523,-0.71869904,0.35397387
2021_08_DAL_MIN,2545,-0.68234074,0.19846356
2021_08_DAL_MIN,2631,1.1407744,0.14404227
2021_08_DAL_MIN,2660,-0.85046864,-0.0548663
2021_08_DAL_MIN,2722,-1.2013451,0.24784034
2021_08_DAL_MIN,2789,-1.4448435,0.3322124
2021_08_DAL_MIN,2813,-1.6026556,0.32352275
2021_08_DAL_MIN,2938,-0.60683596,0.048011556
2021_08_DAL_MIN,2968,-0.9899019,0.50704396
2021_08_DAL_MIN,3024,-1.2043484,0.18548526
2021_08_DAL_MIN,3091,-1.0118784,0.24613678
2021_08_DAL_MIN,3145,0.8328248,0.6342194
2021_08_DAL_MIN,3169,0.9219555,0.22498773
2021_08_DAL_MIN,3193,-0.55418134,0.7195622
2021_08_DAL_MIN,3280,2.9798958,0.30434042
2021_08_DAL_MIN,3363,-1.7486086,0.13821456
2021_08_DAL_MIN,3396,-0.8817605,0.09606748
2021_08_DAL_MIN,3507,-0.7121126,0.69616616
2021_08_DAL_MIN,3529,-1.3148869,0.17508347
2021_08_DAL_MIN,3624,0.63359994,0.3656264
2021_08_DAL_MIN,3785,-1.2298177,0.029937496
2021_08_DAL_MIN,3814,-0.5335215,0.30953032
2021_08_DAL_MIN,3878,-0.5217136,0.1480679
2021_08_DAL_MIN,3906,2.355343,0.14338565
2021_08_DAL_MIN,3930,1.1662731,0.25339484
2021_08_DAL_MIN,3964,-0.41605124,0.1793983
2021_08_DAL_MIN,4048,0.49323294,0.43177652
2021_08_DAL_MIN,4109,-0.58970284,-0.011809151
2021_08_DAL_MIN,4167,2.3514254,0.44164437
2021_08_DAL_MIN,4288,0.36436167,0.18754709
2021_08_DAL_MIN,4317,-0.20535897,0.26525542
2021_08_DAL_MIN,4362,-0.09384145,0.30408692
2021_08_DAL_MIN,4409,-0.42307386,0.037234493
2021_08_DAL_MIN,4434,-0.1534417,0.15139219
2021_08_NYG_KC,79,-0.20271644,-0.3294857
2021_08_NYG_KC,159,1.233853,0.25570092
2021_08_NYG_KC,183,0.32793355,0.24735537
2021_08_NYG_KC,241,1.684206,0.12671873
2021_08_NYG_KC,393,-4.699414,-0.6539589
2021_08_NYG_KC,441,-4.7763605,0.48147354
2021_08_NYG_KC,531,2.633961,0.07899664
2021_08_NYG_KC,587,-0.5752664,0.020412076
2021_08_NYG_KC,724,1.404916,-0.12592345
2021_08_NYG_KC,753,-0.5158475,-0.52226526
2021_08_NYG_KC,775,-0.7679814,0.36797047
2021_08_NYG_KC,797,-1.3948002,0.048179418
2021_08_NYG_KC,917,4.9659925,0.4714232
2021_08_NYG_KC,1037,-1.0114485,0.37977347
2021_08_NYG_KC,1083,2.51068,1.4147115
2021_08_NYG_KC,1160,-0.7331994,0.37537742
2021_08_NYG_KC,1182,-1.1854655,-0.37525952
2021_08_NYG_KC,1267,-0.7168172,0.19680415
2021_08_NYG_KC,1301,-1.1197636,0.4284257
2021_08_NYG_KC,1351,0.26147225,0.13230304
2021_08_NYG_KC,1396,0.47994086,-0.025276152
2021_08_NYG_KC,1458,-0.7743806,0.33569217
2021_08_NYG_KC,1480,1.709562,0.46243802
2021_08_NYG_KC,1664,0.7321507,0.015725192
2021_08_NYG_KC,1736,3.330914,0.18973924
2021_08_NYG_KC,1833,-1.6484803,0.21908966
2021_08_NYG_KC,1896,0.40170068,0.06770557
2021_08_NYG_KC,1920,-0.3428914,0.22410613
2021_08_NYG_KC,1942,-0.65255797,0.11301367
2021_08_NYG_KC,2032,-0.6416912,-0.27738675
2021_08_NYG_KC,2096,-0.37746927,0.43241373
2021_08_NYG_KC,2120,-0.20727915,0.30707163
2021_08_NYG_KC,2569,-0.5320855,0.2549462
2021_08_NYG_KC,2593,-1.4416487,0.59919703
2021_08_NYG_KC,2643,1.5053939,0.41242102
2021_08_NYG_KC,2688,-0.18485159,0.5477438
2021_08_NYG_KC,2712,-1.7713364,0.18876332
2021_08_NYG_KC,2761,-0.602461,0.56894577
2021_08_NYG_KC,2783,1.4779919,0.15968446
2021_08_NYG_KC,2881,1.2116803,0.4861565
2021_08_NYG_KC,2954,-0.67515343,-0.052201267
2021_08_NYG_KC,2976,-4.357933,0.44182724
2021_08_NYG_KC,3089,0.35774118,0.48382518
2021_08_NYG_KC,3150,0.8216452,0.008790987
2021_08_NYG_KC,3195,0.3488519,0.2964831
2021_08_NYG_KC,3260,2.7355673,0.3699899
2021_08_NYG_KC,3362,0.4834327,0.07586857
2021_08_NYG_KC,3392,1.1140585,0.23145081
2021_08_NYG_KC,3421,0.61747175,0.32842642
2021_08_NYG_KC,3529,-0.41782883,0.32219934
2021_08_NYG_KC,3572,2.2038257,0.18689989
2021_08_NYG_KC,3617,-0.8386975,-0.06971893
2021_08_NYG_KC,3796,0.16966248,-0.07094268
2021_08_NYG_KC,3831,-0.013192178,0.006631048
2021_08_NYG_KC,3909,-0.33473828,0.4192296
2021_08_NYG_KC,3955,-1.1895345,0.36157495
2021_08_NYG_KC,4049,-0.44554663,-0.14296608
2021_08_NYG_KC,4113,2.5295863,0.32564762
2021_08_NYG_KC,4363,-0.15846632,0.0032611804
2021_08_NYG_KC,4411,-0.14280885,0.022394603
